4.0K	/single
4.0K	/lib.usr-is-merged
4.0K	/opt
4.0K	/snap/core26
4.0K	/snap/lxd
4.0K	/snap/core22
4.0K	/snap/core24
4.0K	/snap/bin
4.0K	/snap/snapd
32K	/snap
4.0K	/srv/ftp
8.0K	/srv
4.0K	/mnt
4.0K	/bin.usr-is-merged
8.0K	/boot/extlinux
77M	/boot
4.0K	/etc/binfmt.d
4.0K	/etc/rc6.d
8.0K	/etc/sane.d/dll.d
360K	/etc/sane.d
16K	/etc/cron.d
16K	/etc/ld.so.conf.d
20K	/etc/cloud/cloud.cfg.d
4.0K	/etc/cloud/clean.d
228K	/etc/cloud/templates
264K	/etc/cloud
4.0K	/etc/update-notifier
8.0K	/etc/cron.yearly
12K	/etc/cron.weekly
8.0K	/etc/iproute2/rt_protos.d
8.0K	/etc/iproute2/rt_tables.d
56K	/etc/iproute2
4.0K	/etc/rc5.d
4.0K	/etc/pollinate
4.0K	/etc/opt
8.0K	/etc/perl/Net
12K	/etc/perl
4.0K	/etc/apparmor.d/disable
20K	/etc/apparmor.d/abi
8.0K	/etc/apparmor.d/tunables/multiarch.d
12K	/etc/apparmor.d/tunables/home.d
8.0K	/etc/apparmor.d/tunables/xdg-user-dirs.d
96K	/etc/apparmor.d/tunables
48K	/etc/apparmor.d/abstractions/ubuntu-browsers.d
24K	/etc/apparmor.d/abstractions/apparmor_api
544K	/etc/apparmor.d/abstractions
4.0K	/etc/apparmor.d/samba
4.0K	/etc/apparmor.d/force-complain
8.0K	/etc/apparmor.d/local
8.0K	/etc/apparmor.d/rsyslog.d
1.2M	/etc/apparmor.d
4.0K	/etc/dconf/db
8.0K	/etc/dconf
4.0K	/etc/usb_modeswitch.d
8.0K	/etc/newt
4.0K	/etc/rc4.d
4.0K	/etc/credstore.encrypted
36K	/etc/cron.daily
68K	/etc/logrotate.d
52K	/etc/update-motd.d
4.0K	/etc/sos/groups.d
4.0K	/etc/sos/extras.d
4.0K	/etc/sos/presets.d
4.0K	/etc/sos/cleaner
24K	/etc/sos
8.0K	/etc/apport/report-ignore
16K	/etc/apport
8.0K	/etc/terminfo
4.0K	/etc/ca-certificates/update.d
8.0K	/etc/ca-certificates
8.0K	/etc/depmod.d
12K	/etc/byobu
4.0K	/etc/sensors.d
28K	/etc/xml
8.0K	/etc/ubuntu-advantage
8.0K	/etc/network/if-pre-up.d
8.0K	/etc/network/if-up.d
4.0K	/etc/network/if-down.d
4.0K	/etc/network/if-post-down.d
32K	/etc/network
20K	/etc/ufw/applications.d
68K	/etc/ufw
24K	/etc/vmware-tools/scripts/vmware
28K	/etc/vmware-tools/scripts
180K	/etc/vmware-tools/vgauth/schemas
184K	/etc/vmware-tools/vgauth
280K	/etc/vmware-tools
16K	/etc/skel
8.0K	/etc/snmp
44K	/etc/wpa_supplicant
4.0K	/etc/ModemManager/connection.d
4.0K	/etc/ModemManager/fcc-unlock.d
12K	/etc/ModemManager
20K	/etc/kernel/postinst.d
4.0K	/etc/kernel/install.d
12K	/etc/kernel/postrm.d
44K	/etc/kernel
8.0K	/etc/update-manager/release-upgrades.d
20K	/etc/update-manager
4.0K	/etc/rcS.d
200K	/etc/console-setup
4.0K	/etc/multipath
4.0K	/etc/modules-load.d
4.0K	/etc/landscape
24K	/etc/iscsi
4.0K	/etc/colord
4.0K	/etc/polkit-1/rules.d
8.0K	/etc/polkit-1
4.0K	/etc/glvnd/egl_vendor.d
8.0K	/etc/glvnd
4.0K	/etc/avahi/services
16K	/etc/avahi
4.0K	/etc/udev/hwdb.d
72K	/etc/udev/rules.d
88K	/etc/udev
4.0K	/etc/lighttpd/conf-enabled
8.0K	/etc/lighttpd/conf-available
16K	/etc/lighttpd
8.0K	/etc/libblockdev/3/conf.d
12K	/etc/libblockdev/3
16K	/etc/libblockdev
4.0K	/etc/chatscripts
4.0K	/etc/NetworkManager/dnsmasq-shared.d
4.0K	/etc/NetworkManager/dnsmasq.d
4.0K	/etc/NetworkManager/VPN
8.0K	/etc/NetworkManager/conf.d
4.0K	/etc/NetworkManager/dispatcher.d/no-wait.d
4.0K	/etc/NetworkManager/dispatcher.d/pre-down.d
4.0K	/etc/NetworkManager/dispatcher.d/pre-up.d
16K	/etc/NetworkManager/dispatcher.d
4.0K	/etc/NetworkManager/system-connections
48K	/etc/NetworkManager
8.0K	/etc/pm/sleep.d
12K	/etc/pm
12K	/etc/libnl-3
12K	/etc/cron.hourly
8.0K	/etc/gnutls
12K	/etc/PackageKit
8.0K	/etc/alternatives
36K	/etc/lvm/profile
156K	/etc/lvm
4.0K	/etc/rc0.d
4.0K	/etc/security/namespace.d
4.0K	/etc/security/limits.d
60K	/etc/security
4.0K	/etc/rc3.d
20K	/etc/apt/sources.list.d
16K	/etc/apt/trusted.gpg.d
4.0K	/etc/apt/keyrings
68K	/etc/apt/apt.conf.d
12K	/etc/apt/preferences.d/preferences.d
40K	/etc/apt/preferences.d
4.0K	/etc/apt/auth.conf.d
160K	/etc/apt
8.0K	/etc/sgml
4.0K	/etc/samba/tls
24K	/etc/samba
4.0K	/etc/rc2.d
8.0K	/etc/X11/Xreset.d
44K	/etc/X11/Xsession.d
56K	/etc/X11/app-defaults
4.0K	/etc/X11/xkb
8.0K	/etc/X11/Xresources
44K	/etc/X11/fonts/Type1
48K	/etc/X11/fonts
4.0K	/etc/X11/xorg.conf.d
212K	/etc/X11
4.0K	/etc/gss/mech.d
8.0K	/etc/gss
4.0K	/etc/initramfs-tools/scripts/local-top
4.0K	/etc/initramfs-tools/scripts/local-bottom
4.0K	/etc/initramfs-tools/scripts/init-top
4.0K	/etc/initramfs-tools/scripts/local-premount
4.0K	/etc/initramfs-tools/scripts/panic
4.0K	/etc/initramfs-tools/scripts/nfs-top
4.0K	/etc/initramfs-tools/scripts/init-premount
4.0K	/etc/initramfs-tools/scripts/nfs-premount
4.0K	/etc/initramfs-tools/scripts/init-bottom
4.0K	/etc/initramfs-tools/scripts/nfs-bottom
44K	/etc/initramfs-tools/scripts
8.0K	/etc/initramfs-tools/conf.d
4.0K	/etc/initramfs-tools/hooks
72K	/etc/initramfs-tools
8.0K	/etc/mdadm
4.0K	/etc/sudoers.d
16K	/etc/sysstat
84K	/etc/default
28K	/etc/bluetooth
8.0K	/etc/netplan
4.0K	/etc/xdg/systemd
12K	/etc/xdg/autostart
28K	/etc/xdg
548K	/etc/ssl/certs
4.0K	/etc/ssl/private
572K	/etc/ssl
52K	/etc/sysctl.d
8.0K	/etc/OpenCL/vendors
12K	/etc/OpenCL
40K	/etc/modprobe.d
4.0K	/etc/credstore
8.0K	/etc/selinux
4.0K	/etc/ppp/ip-pre-up.d
4.0K	/etc/ppp/ipv6-down.d
4.0K	/etc/ppp/ipv6-up.d
8.0K	/etc/ppp/ip-up.d
4.0K	/etc/ppp/peers
8.0K	/etc/ppp/ip-down.d
84K	/etc/ppp
12K	/etc/vim
8.0K	/etc/python3
36K	/etc/profile.d
4.0K	/etc/libpaper.d
4.0K	/etc/systemd/system-generators
8.0K	/etc/systemd/network/10-netplan-enP4p65s0.network.d
12K	/etc/systemd/network
4.0K	/etc/systemd/user/graphical-session-pre.target.wants
4.0K	/etc/systemd/user/sockets.target.wants
4.0K	/etc/systemd/user/timers.target.wants
16K	/etc/systemd/user
4.0K	/etc/systemd/system/graphical.target.wants
4.0K	/etc/systemd/system/cloud-config.target.wants
8.0K	/etc/systemd/system/multi-user.target.wants
4.0K	/etc/systemd/system/ssh.service.requires
4.0K	/etc/systemd/system/printer.target.wants
4.0K	/etc/systemd/system/paths.target.wants
8.0K	/etc/systemd/system/cloud-config.service.d
4.0K	/etc/systemd/system/getty.target.wants
4.0K	/etc/systemd/system/default.target.wants
4.0K	/etc/systemd/system/shutdown.target.wants
4.0K	/etc/systemd/system/sockets.target.wants
4.0K	/etc/systemd/system/bluetooth.target.wants
4.0K	/etc/systemd/system/cloud-init.target.wants
4.0K	/etc/systemd/system/snapd.mounts.target.wants
4.0K	/etc/systemd/system/network-online.target.wants
4.0K	/etc/systemd/system/sysinit.target.wants
4.0K	/etc/systemd/system/mdmonitor.service.wants
4.0K	/etc/systemd/system/sysstat.service.wants
4.0K	/etc/systemd/system/final.target.wants
4.0K	/etc/systemd/system/open-vm-tools.service.requires
4.0K	/etc/systemd/system/timers.target.wants
4.0K	/etc/systemd/system/cloud-final.service.wants
188K	/etc/systemd/system
260K	/etc/systemd
12K	/etc/dpkg/origins
8.0K	/etc/dpkg/dpkg.cfg.d
36K	/etc/dpkg
8.0K	/etc/dhcp/dhclient-exit-hooks.d
12K	/etc/dhcp
8.0K	/etc/ldap
8.0K	/etc/bash_completion.d
80K	/etc/iqfiles/imx464_CMK-OT1980-PX1_SHG102
24K	/etc/iqfiles/imx327_CMK-OT1607-FV1_M12-40IRC-4MP-F16
8.4M	/etc/iqfiles
4.0K	/etc/rc1.d
8.0K	/etc/ipp-usb
8.0K	/etc/python3.12
12K	/etc/groff
16K	/etc/neomuttrc.d
4.0K	/etc/ifplugd/action.d
8.0K	/etc/ifplugd
20K	/etc/needrestart/notify.d
16K	/etc/needrestart/hook.d
8.0K	/etc/needrestart/conf.d
20K	/etc/needrestart/restart.d
84K	/etc/needrestart
24K	/etc/ghostscript/cidfmap.d
12K	/etc/ghostscript/fontmap.d
40K	/etc/ghostscript
8.0K	/etc/logcheck/ignore.d.workstation
16K	/etc/logcheck/ignore.d.server
8.0K	/etc/logcheck/violations.d
36K	/etc/logcheck
20K	/etc/fonts/conf.d
60K	/etc/fonts/conf.avail
88K	/etc/fonts
8.0K	/etc/cron.monthly
8.0K	/etc/cryptsetup-initramfs
4.0K	/etc/dbus-1/session.d
8.0K	/etc/dbus-1/system.d
16K	/etc/dbus-1
16K	/etc/rsyslog.d
4.0K	/etc/cups/ppd
4.0K	/etc/cups/ssl
4.0K	/etc/cups/interfaces
88K	/etc/cups
12K	/etc/udisks2
72K	/etc/libibverbs.d
12K	/etc/ssh/sshd_config.d
4.0K	/etc/ssh/ssh_config.d
664K	/etc/ssh
8.0K	/etc/apparmor
8.0K	/etc/apache2/conf-available
12K	/etc/apache2
12K	/etc/supercat
108K	/etc/pam.d
8.0K	/etc/tmpfiles.d
4.0K	/etc/networkd-dispatcher/degraded.d
4.0K	/etc/networkd-dispatcher/no-carrier.d
4.0K	/etc/networkd-dispatcher/carrier.d
4.0K	/etc/networkd-dispatcher/dormant.d
4.0K	/etc/networkd-dispatcher/off.d
4.0K	/etc/networkd-dispatcher/routable.d
28K	/etc/networkd-dispatcher
4.0K	/etc/plymouth
140K	/etc/init.d
16M	/etc
4.0K	/sbin.usr-is-merged
4.0K	/home.bak/gmatht
4.0K	/home.bak/ubuntu
12K	/home.bak
16K	/lost+found
4.0K	/root
4.0K	/media
4.0K	/tmp/snap-private-tmp
4.0K	/tmp/systemd-private-b050724b842b43e99dd2183fe39ce393-systemd-resolved.service-XdpGs2
4.0K	/tmp/.font-unix
4.0K	/tmp/tmux-0
4.0K	/tmp/.X11-unix
4.0K	/tmp/systemd-private-b050724b842b43e99dd2183fe39ce393-btrfs-snapshot-monitor.service-ETO6Dd
4.0K	/tmp/systemd-private-b050724b842b43e99dd2183fe39ce393-autossh.service-06XYeH
4.0K	/tmp/.XIM-unix
4.0K	/tmp/systemd-private-b050724b842b43e99dd2183fe39ce393-polkit.service-WT3xZ3
2.6M	/tmp/node-compile-cache/v22.23.1-arm64-91f95280-0
2.6M	/tmp/node-compile-cache
4.0K	/tmp/.ICE-unix
4.0K	/tmp/systemd-private-b050724b842b43e99dd2183fe39ce393-autossh2.service-zyERJC
4.0K	/tmp/systemd-private-b050724b842b43e99dd2183fe39ce393-ModemManager.service-JD53bA
4.0K	/tmp/systemd-private-b050724b842b43e99dd2183fe39ce393-autossh3.service-OO6GuQ
4.0K	/tmp/systemd-private-b050724b842b43e99dd2183fe39ce393-systemd-logind.service-H9WoU3
4.0K	/tmp/systemd-private-b050724b842b43e99dd2183fe39ce393-systemd-timesyncd.service-odkZ7Q
4.0K	/tmp/systemd-private-b050724b842b43e99dd2183fe39ce393-autossh4.service-MnvAy7
4.0K	/tmp/systemd-private-b050724b842b43e99dd2183fe39ce393-colord.service-Dqq1Xr
2.6M	/tmp
4.0K	/usr/games
54M	/usr/sbin
24K	/usr/share/GConf/gsettings
28K	/usr/share/GConf
4.0K	/usr/share/update-notifier/plugins/cache-changed
8.0K	/usr/share/update-notifier/plugins
8.0K	/usr/share/update-notifier/upgrader-patches
112K	/usr/share/update-notifier
52K	/usr/share/git-core/contrib/hooks
56K	/usr/share/git-core/contrib
4.0K	/usr/share/git-core/templates/branches
8.0K	/usr/share/git-core/templates/info
68K	/usr/share/git-core/templates/hooks
88K	/usr/share/git-core/templates
148K	/usr/share/git-core
36K	/usr/share/mime/model
252K	/usr/share/mime/audio
32K	/usr/share/mime/message
2.1M	/usr/share/mime/application
80K	/usr/share/mime/x-content
140K	/usr/share/mime/video
8.0K	/usr/share/mime/chemical
32K	/usr/share/mime/inode
2.4M	/usr/share/mime/packages
44K	/usr/share/mime/multipart
8.0K	/usr/share/mime/x-epoc
604K	/usr/share/mime/text
412K	/usr/share/mime/image
24K	/usr/share/mime/font
6.4M	/usr/share/mime
512K	/usr/share/tcltk/tcl8.6/msgs
40K	/usr/share/tcltk/tcl8.6/opt0.4
20K	/usr/share/tcltk/tcl8.6/http1.0
1.7M	/usr/share/tcltk/tcl8.6/encoding
12K	/usr/share/tcltk/tcl8.6/tcl8/platform
284K	/usr/share/tcltk/tcl8.6/tcl8
2.8M	/usr/share/tcltk/tcl8.6
2.8M	/usr/share/tcltk
16K	/usr/share/dns
20K	/usr/share/perl/5.38.2/TAP/Formatter/Console
8.0K	/usr/share/perl/5.38.2/TAP/Formatter/File
68K	/usr/share/perl/5.38.2/TAP/Formatter
32K	/usr/share/perl/5.38.2/TAP/Parser/SourceHandler
24K	/usr/share/perl/5.38.2/TAP/Parser/YAMLish
12K	/usr/share/perl/5.38.2/TAP/Parser/Scheduler
24K	/usr/share/perl/5.38.2/TAP/Parser/Iterator
40K	/usr/share/perl/5.38.2/TAP/Parser/Result
232K	/usr/share/perl/5.38.2/TAP/Parser
28K	/usr/share/perl/5.38.2/TAP/Harness
424K	/usr/share/perl/5.38.2/TAP
40K	/usr/share/perl/5.38.2/Attribute
12K	/usr/share/perl/5.38.2/Perl
96K	/usr/share/perl/5.38.2/IPC
12K	/usr/share/perl/5.38.2/Pod/Html
32K	/usr/share/perl/5.38.2/Pod/Text
444K	/usr/share/perl/5.38.2/Pod/Simple
64K	/usr/share/perl/5.38.2/Pod/Perldoc
964K	/usr/share/perl/5.38.2/Pod
104K	/usr/share/perl/5.38.2/Term
116K	/usr/share/perl/5.38.2/Text
20K	/usr/share/perl/5.38.2/Test2/IPC/Driver
32K	/usr/share/perl/5.38.2/Test2/IPC
36K	/usr/share/perl/5.38.2/Test2/Util
20K	/usr/share/perl/5.38.2/Test2/Formatter
8.0K	/usr/share/perl/5.38.2/Test2/Hub/Interceptor
20K	/usr/share/perl/5.38.2/Test2/Hub
8.0K	/usr/share/perl/5.38.2/Test2/EventFacet/Info
64K	/usr/share/perl/5.38.2/Test2/EventFacet
44K	/usr/share/perl/5.38.2/Test2/API/InterceptResult
136K	/usr/share/perl/5.38.2/Test2/API
16K	/usr/share/perl/5.38.2/Test2/Tools
8.0K	/usr/share/perl/5.38.2/Test2/Event/TAP
76K	/usr/share/perl/5.38.2/Test2/Event
540K	/usr/share/perl/5.38.2/Test2
12K	/usr/share/perl/5.38.2/encoding
24K	/usr/share/perl/5.38.2/Params
16K	/usr/share/perl/5.38.2/CPAN/Plugin
8.0K	/usr/share/perl/5.38.2/CPAN/LWP
20K	/usr/share/perl/5.38.2/CPAN/Exception
16K	/usr/share/perl/5.38.2/CPAN/HTTP
84K	/usr/share/perl/5.38.2/CPAN/Meta/History
316K	/usr/share/perl/5.38.2/CPAN/Meta
8.0K	/usr/share/perl/5.38.2/CPAN/API
12K	/usr/share/perl/5.38.2/CPAN/Kwalify
8.0K	/usr/share/perl/5.38.2/CPAN/FTP
1.1M	/usr/share/perl/5.38.2/CPAN
12K	/usr/share/perl/5.38.2/PerlIO/via
16K	/usr/share/perl/5.38.2/PerlIO
24K	/usr/share/perl/5.38.2/DBM_Filter
8.0K	/usr/share/perl/5.38.2/Test/use
20K	/usr/share/perl/5.38.2/Test/Tester
8.0K	/usr/share/perl/5.38.2/Test/Builder/Tester
20K	/usr/share/perl/5.38.2/Test/Builder/IO
64K	/usr/share/perl/5.38.2/Test/Builder
284K	/usr/share/perl/5.38.2/Test
8.0K	/usr/share/perl/5.38.2/Search
12K	/usr/share/perl/5.38.2/Devel
32K	/usr/share/perl/5.38.2/Time
32K	/usr/share/perl/5.38.2/Archive/Tar
116K	/usr/share/perl/5.38.2/Archive
24K	/usr/share/perl/5.38.2/Class
48K	/usr/share/perl/5.38.2/Compress
8.0K	/usr/share/perl/5.38.2/App/Prove/State/Result
20K	/usr/share/perl/5.38.2/App/Prove/State
36K	/usr/share/perl/5.38.2/App/Prove
100K	/usr/share/perl/5.38.2/App
8.0K	/usr/share/perl/5.38.2/warnings
124K	/usr/share/perl/5.38.2/Encode
528K	/usr/share/perl/5.38.2/Unicode/Collate/CJK
1.2M	/usr/share/perl/5.38.2/Unicode/Collate/Locale
3.6M	/usr/share/perl/5.38.2/Unicode/Collate
3.8M	/usr/share/perl/5.38.2/Unicode
24K	/usr/share/perl/5.38.2/Module/Load
44K	/usr/share/perl/5.38.2/Module/CoreList
1.2M	/usr/share/perl/5.38.2/Module
8.0K	/usr/share/perl/5.38.2/Carp
12K	/usr/share/perl/5.38.2/Exporter
100K	/usr/share/perl/5.38.2/Getopt
8.0K	/usr/share/perl/5.38.2/Math/BigRat
156K	/usr/share/perl/5.38.2/Math/BigInt
8.0K	/usr/share/perl/5.38.2/Math/BigFloat
832K	/usr/share/perl/5.38.2/Math
12K	/usr/share/perl/5.38.2/Digest
44K	/usr/share/perl/5.38.2/I18N/LangTags
84K	/usr/share/perl/5.38.2/I18N
36K	/usr/share/perl/5.38.2/version
84K	/usr/share/perl/5.38.2/HTTP
20K	/usr/share/perl/5.38.2/Config/Perl
28K	/usr/share/perl/5.38.2/Config
312K	/usr/share/perl/5.38.2/pod
28K	/usr/share/perl/5.38.2/Net/FTP
364K	/usr/share/perl/5.38.2/Net
8.0K	/usr/share/perl/5.38.2/JSON/PP
112K	/usr/share/perl/5.38.2/JSON
1020K	/usr/share/perl/5.38.2/unicore/To
16K	/usr/share/perl/5.38.2/unicore/lib/IDC
104K	/usr/share/perl/5.38.2/unicore/lib/InSC
100K	/usr/share/perl/5.38.2/unicore/lib/Age
8.0K	/usr/share/perl/5.38.2/unicore/lib/PCM
36K	/usr/share/perl/5.38.2/unicore/lib/Jt
160K	/usr/share/perl/5.38.2/unicore/lib/Perl
16K	/usr/share/perl/5.38.2/unicore/lib/GrBase
132K	/usr/share/perl/5.38.2/unicore/lib/Sc
8.0K	/usr/share/perl/5.38.2/unicore/lib/UIdeo
272K	/usr/share/perl/5.38.2/unicore/lib/Nv
8.0K	/usr/share/perl/5.38.2/unicore/lib/Term
8.0K	/usr/share/perl/5.38.2/unicore/lib/EBase
12K	/usr/share/perl/5.38.2/unicore/lib/XIDS
64K	/usr/share/perl/5.38.2/unicore/lib/Bc
16K	/usr/share/perl/5.38.2/unicore/lib/Bpt
20K	/usr/share/perl/5.38.2/unicore/lib/NFKDQC
8.0K	/usr/share/perl/5.38.2/unicore/lib/Cased
12K	/usr/share/perl/5.38.2/unicore/lib/NFDQC
8.0K	/usr/share/perl/5.38.2/unicore/lib/CompEx
8.0K	/usr/share/perl/5.38.2/unicore/lib/Emoji
16K	/usr/share/perl/5.38.2/unicore/lib/CWKCF
8.0K	/usr/share/perl/5.38.2/unicore/lib/STerm
100K	/usr/share/perl/5.38.2/unicore/lib/Lb
8.0K	/usr/share/perl/5.38.2/unicore/lib/ExtPict
12K	/usr/share/perl/5.38.2/unicore/lib/GrExt
12K	/usr/share/perl/5.38.2/unicore/lib/IDS
8.0K	/usr/share/perl/5.38.2/unicore/lib/EPres
16K	/usr/share/perl/5.38.2/unicore/lib/XIDC
12K	/usr/share/perl/5.38.2/unicore/lib/CWL
8.0K	/usr/share/perl/5.38.2/unicore/lib/QMark
12K	/usr/share/perl/5.38.2/unicore/lib/CI
8.0K	/usr/share/perl/5.38.2/unicore/lib/DI
8.0K	/usr/share/perl/5.38.2/unicore/lib/PatSyn
16K	/usr/share/perl/5.38.2/unicore/lib/Alpha
8.0K	/usr/share/perl/5.38.2/unicore/lib/VS
64K	/usr/share/perl/5.38.2/unicore/lib/IdType
8.0K	/usr/share/perl/5.38.2/unicore/lib/BidiM
12K	/usr/share/perl/5.38.2/unicore/lib/CWT
48K	/usr/share/perl/5.38.2/unicore/lib/GCB
12K	/usr/share/perl/5.38.2/unicore/lib/NFKCQC
60K	/usr/share/perl/5.38.2/unicore/lib/Dt
8.0K	/usr/share/perl/5.38.2/unicore/lib/Math
8.0K	/usr/share/perl/5.38.2/unicore/lib/Hst
12K	/usr/share/perl/5.38.2/unicore/lib/CWU
8.0K	/usr/share/perl/5.38.2/unicore/lib/Dep
8.0K	/usr/share/perl/5.38.2/unicore/lib/CE
48K	/usr/share/perl/5.38.2/unicore/lib/Ccc
12K	/usr/share/perl/5.38.2/unicore/lib/Upper
8.0K	/usr/share/perl/5.38.2/unicore/lib/Dash
8.0K	/usr/share/perl/5.38.2/unicore/lib/Ext
8.0K	/usr/share/perl/5.38.2/unicore/lib/Ideo
12K	/usr/share/perl/5.38.2/unicore/lib/NFCQC
20K	/usr/share/perl/5.38.2/unicore/lib/IdStatus
16K	/usr/share/perl/5.38.2/unicore/lib/Nt
8.0K	/usr/share/perl/5.38.2/unicore/lib/BidiC
8.0K	/usr/share/perl/5.38.2/unicore/lib/EComp
168K	/usr/share/perl/5.38.2/unicore/lib/Gc
72K	/usr/share/perl/5.38.2/unicore/lib/SB
8.0K	/usr/share/perl/5.38.2/unicore/lib/Blk
8.0K	/usr/share/perl/5.38.2/unicore/lib/Dia
84K	/usr/share/perl/5.38.2/unicore/lib/Jg
8.0K	/usr/share/perl/5.38.2/unicore/lib/CWCM
8.0K	/usr/share/perl/5.38.2/unicore/lib/Hyphen
300K	/usr/share/perl/5.38.2/unicore/lib/Scx
12K	/usr/share/perl/5.38.2/unicore/lib/Lower
8.0K	/usr/share/perl/5.38.2/unicore/lib/SD
20K	/usr/share/perl/5.38.2/unicore/lib/Vo
56K	/usr/share/perl/5.38.2/unicore/lib/InPC
8.0K	/usr/share/perl/5.38.2/unicore/lib/Hex
24K	/usr/share/perl/5.38.2/unicore/lib/Ea
212K	/usr/share/perl/5.38.2/unicore/lib/In
12K	/usr/share/perl/5.38.2/unicore/lib/CWCF
64K	/usr/share/perl/5.38.2/unicore/lib/WB
2.7M	/usr/share/perl/5.38.2/unicore/lib
6.4M	/usr/share/perl/5.38.2/unicore
260K	/usr/share/perl/5.38.2/B
64K	/usr/share/perl/5.38.2/Locale/Maketext
152K	/usr/share/perl/5.38.2/Locale
56K	/usr/share/perl/5.38.2/ExtUtils/MakeMaker
16K	/usr/share/perl/5.38.2/ExtUtils/CBuilder/Platform/Windows
72K	/usr/share/perl/5.38.2/ExtUtils/CBuilder/Platform
88K	/usr/share/perl/5.38.2/ExtUtils/CBuilder
36K	/usr/share/perl/5.38.2/ExtUtils/ParseXS
72K	/usr/share/perl/5.38.2/ExtUtils/Constant
12K	/usr/share/perl/5.38.2/ExtUtils/Command
32K	/usr/share/perl/5.38.2/ExtUtils/Liblist
28K	/usr/share/perl/5.38.2/ExtUtils/Typemaps
1.1M	/usr/share/perl/5.38.2/ExtUtils
8.0K	/usr/share/perl/5.38.2/overload
320K	/usr/share/perl/5.38.2/File
8.0K	/usr/share/perl/5.38.2/IO/Compress/Gzip
28K	/usr/share/perl/5.38.2/IO/Compress/Base
16K	/usr/share/perl/5.38.2/IO/Compress/Zlib
12K	/usr/share/perl/5.38.2/IO/Compress/Zip
16K	/usr/share/perl/5.38.2/IO/Compress/Adapter
308K	/usr/share/perl/5.38.2/IO/Compress
20K	/usr/share/perl/5.38.2/IO/Uncompress/Adapter
300K	/usr/share/perl/5.38.2/IO/Uncompress
48K	/usr/share/perl/5.38.2/IO/Socket
676K	/usr/share/perl/5.38.2/IO
32K	/usr/share/perl/5.38.2/Thread
32K	/usr/share/perl/5.38.2/Memoize
20K	/usr/share/perl/5.38.2/User
28K	/usr/share/perl/5.38.2/Filter
8.0K	/usr/share/perl/5.38.2/Tie/Hash
152K	/usr/share/perl/5.38.2/Tie
12K	/usr/share/perl/5.38.2/autodie/Scope
8.0K	/usr/share/perl/5.38.2/autodie/exception
80K	/usr/share/perl/5.38.2/autodie
16K	/usr/share/perl/5.38.2/Parse/CPAN
20K	/usr/share/perl/5.38.2/Parse
22M	/usr/share/perl/5.38.2
22M	/usr/share/perl
36K	/usr/share/doc/libltdl7
20K	/usr/share/doc/libflashrom1
12K	/usr/share/doc/libwayland-client0
12K	/usr/share/doc/libwiringpi2-opi
8.0K	/usr/share/doc/dconf-gsettings-backend
36K	/usr/share/doc/python3-debian/examples/debtags
12K	/usr/share/doc/python3-debian/examples/changelog
20K	/usr/share/doc/python3-debian/examples/debfile
12K	/usr/share/doc/python3-debian/examples/copyright
24K	/usr/share/doc/python3-debian/examples/deb822
108K	/usr/share/doc/python3-debian/examples
136K	/usr/share/doc/python3-debian
24K	/usr/share/doc/libfakeroot
16K	/usr/share/doc/python3-netifaces
12K	/usr/share/doc/linux-image-rockchip
8.0K	/usr/share/doc/netplan-generator
20K	/usr/share/doc/libkmod2
16K	/usr/share/doc/node-interpret
16K	/usr/share/doc/node-iconv-lite
8.0K	/usr/share/doc/sg3-utils-udev
16K	/usr/share/doc/node-estraverse
16K	/usr/share/doc/liblerc4
48K	/usr/share/doc/libllvm17t64
8.0K	/usr/share/doc/node-is-core-module
12K	/usr/share/doc/python3-jeepney
12K	/usr/share/doc/libicu74
16K	/usr/share/doc/node-promise-retry
8.0K	/usr/share/doc/libsane-common/matsushita
8.0K	/usr/share/doc/libsane-common/sceptre
12K	/usr/share/doc/libsane-common/canon
8.0K	/usr/share/doc/libsane-common/niash
16K	/usr/share/doc/libsane-common/teco
8.0K	/usr/share/doc/libsane-common/mustek_usb2
4.0K	/usr/share/doc/libsane-common/mustek
12K	/usr/share/doc/libsane-common/u12
28K	/usr/share/doc/libsane-common/plustek
12K	/usr/share/doc/libsane-common/examples
240K	/usr/share/doc/libsane-common/umax
8.0K	/usr/share/doc/libsane-common/mustek_usb
8.0K	/usr/share/doc/libsane-common/gt68xx
8.0K	/usr/share/doc/libsane-common/leo
3.8M	/usr/share/doc/libsane-common
28K	/usr/share/doc/libmount1
12K	/usr/share/doc/fake-hwclock
20K	/usr/share/doc/python3-boto3
16K	/usr/share/doc/libgpgme11t64
28K	/usr/share/doc/node-lodash-packages
16K	/usr/share/doc/libhttp-message-perl
12K	/usr/share/doc/libblockdev-utils3
24K	/usr/share/doc/glib-networking
16K	/usr/share/doc/node-object-visit
12K	/usr/share/doc/libunwind8
16K	/usr/share/doc/libedit2
12K	/usr/share/doc/python3-secretstorage
24K	/usr/share/doc/libexif12
24K	/usr/share/doc/node-json-schema
12K	/usr/share/doc/libxv1
16K	/usr/share/doc/node-commondir
20K	/usr/share/doc/initramfs-tools-core/examples
28K	/usr/share/doc/initramfs-tools-core
92K	/usr/share/doc/libgs10
12K	/usr/share/doc/libmodule-scandeps-perl
12K	/usr/share/doc/libxxf86dga1
28K	/usr/share/doc/sosreport
32K	/usr/share/doc/libksba8
16K	/usr/share/doc/node-time-stamp
12K	/usr/share/doc/liblouisutdml9t64
12K	/usr/share/doc/libuchardet0
28K	/usr/share/doc/dbus-bin
20K	/usr/share/doc/ubuntu-minimal
16K	/usr/share/doc/liblouis-data
24K	/usr/share/doc/keyboxd
16K	/usr/share/doc/libsensors5
12K	/usr/share/doc/cloud-initramfs-copymods
16K	/usr/share/doc/node-delegates
8.0K	/usr/share/doc/libmbim-utils
28K	/usr/share/doc/libegl-mesa0
16K	/usr/share/doc/node-escape-string-regexp
16K	/usr/share/doc/media-types
16K	/usr/share/doc/node-is-plain-obj
20K	/usr/share/doc/libjs-source-map
16K	/usr/share/doc/node-ampproject-remapping
16K	/usr/share/doc/node-arrify
24K	/usr/share/doc/python3-keyring
16K	/usr/share/doc/node-randombytes
12K	/usr/share/doc/fwupd-signed
16K	/usr/share/doc/bolt
12K	/usr/share/doc/wireless-regdb
28K	/usr/share/doc/libfdisk1
12K	/usr/share/doc/python3-zipp
32K	/usr/share/doc/libxtables12
16K	/usr/share/doc/node-foreground-child
16K	/usr/share/doc/libpipeline1
40K	/usr/share/doc/x11-xserver-utils
16K	/usr/share/doc/libpam-modules-bin
28K	/usr/share/doc/samba-vfs-modules
20K	/usr/share/doc/python3-tz
12K	/usr/share/doc/libubootenv0.1
12K	/usr/share/doc/node-readable-stream/examples
28K	/usr/share/doc/node-readable-stream
12K	/usr/share/doc/ncurses-bin
8.0K	/usr/share/doc/libgdbm-compat4t64
12K	/usr/share/doc/pci.ids
48K	/usr/share/doc/libalgorithm-diff-perl/examples
64K	/usr/share/doc/libalgorithm-diff-perl
12K	/usr/share/doc/libpaper1
12K	/usr/share/doc/dhcpcd-base/examples
40K	/usr/share/doc/dhcpcd-base
16K	/usr/share/doc/node-mute-stream
12K	/usr/share/doc/linux-rockchip
8.0K	/usr/share/doc/lz4
76K	/usr/share/doc/libpython3.12-minimal
16K	/usr/share/doc/node-is-stream
8.0K	/usr/share/doc/libxcb-shape0
28K	/usr/share/doc/libsmbclient0
80K	/usr/share/doc/libkrb5-3
60K	/usr/share/doc/libglib2.0-bin
16K	/usr/share/doc/node-path-is-inside
76K	/usr/share/doc/u-boot-tools/examples
980K	/usr/share/doc/u-boot-tools
12K	/usr/share/doc/ubuntu-rockchip-settings-server
12K	/usr/share/doc/libndp0
16K	/usr/share/doc/node-cli-boxes
8.0K	/usr/share/doc/node-map-visit/examples
28K	/usr/share/doc/node-map-visit
16K	/usr/share/doc/node-shebang-command
44K	/usr/share/doc/libsmartcols1
16K	/usr/share/doc/node-auto-bind
16K	/usr/share/doc/node-unique-filename
28K	/usr/share/doc/python3-minimal
12K	/usr/share/doc/libiniparser1
16K	/usr/share/doc/node-fancy-log
12K	/usr/share/doc/libdeflate0
64K	/usr/share/doc/libnet-dbus-perl/examples
76K	/usr/share/doc/libnet-dbus-perl
20K	/usr/share/doc/libgmp10
12K	/usr/share/doc/libjson-glib-1.0-common
40K	/usr/share/doc/libwrap0
12K	/usr/share/doc/libaudit1
16K	/usr/share/doc/node-imurmurhash
12K	/usr/share/doc/lshw
48K	/usr/share/doc/libarchive13t64
20K	/usr/share/doc/libxapian30
16K	/usr/share/doc/liblist-moreutils-xs-perl
20K	/usr/share/doc/libijs-0.35
8.0K	/usr/share/doc/libpaper-utils
20K	/usr/share/doc/libsqlite3-0
12K	/usr/share/doc/libnuma1
16K	/usr/share/doc/iproute2
8.0K	/usr/share/doc/libblockdev-nvme3
16K	/usr/share/doc/libcbor0.10
8.0K	/usr/share/doc/libmodule-find-perl/examples
20K	/usr/share/doc/libmodule-find-perl
20K	/usr/share/doc/update-manager-core
8.0K	/usr/share/doc/libreadline8t64/examples
36K	/usr/share/doc/libreadline8t64
36K	/usr/share/doc/libapt-pkg6.0t64
28K	/usr/share/doc/ed
92K	/usr/share/doc/python3-dnspython/examples
112K	/usr/share/doc/python3-dnspython
16K	/usr/share/doc/libtext-charwidth-perl
12K	/usr/share/doc/pollinate
12K	/usr/share/doc/libestr0
32K	/usr/share/doc/libbsd0
12K	/usr/share/doc/iputils-tracepath
36K	/usr/share/doc/libsasl2-modules-db
8.0K	/usr/share/doc/libblockdev-crypto3
12K	/usr/share/doc/usbutils
16K	/usr/share/doc/node-json-schema-traverse
8.0K	/usr/share/doc/python3-apport
28K	/usr/share/doc/rockchip-firmware/licenses
60K	/usr/share/doc/rockchip-firmware
16K	/usr/share/doc/node-path-dirname
16K	/usr/share/doc/node-process-nextick-args
72K	/usr/share/doc/zutty
12K	/usr/share/doc/libfido2-1
8.0K	/usr/share/doc/netplan.io
16K	/usr/share/doc/node-to-fast-properties
12K	/usr/share/doc/cpp-aarch64-linux-gnu
12K	/usr/share/doc/gsasl-common
32K	/usr/share/doc/libqmi-glib5
28K	/usr/share/doc/libglapi-mesa
8.0K	/usr/share/doc/procps/examples
28K	/usr/share/doc/procps
12K	/usr/share/doc/libgl1
16K	/usr/share/doc/node-chownr
36K	/usr/share/doc/libopeniscsiusr
12K	/usr/share/doc/libtracefs1
44K	/usr/share/doc/libgphoto2-l10n
140K	/usr/share/doc/linux-modules-extra-6.1.0-1025-rockchip
12K	/usr/share/doc/network-manager/examples/nm-conf.d
20K	/usr/share/doc/network-manager/examples
76K	/usr/share/doc/network-manager
12K	/usr/share/doc/libpci3
16K	/usr/share/doc/node-path-exists
16K	/usr/share/doc/node-get-stream
56K	/usr/share/doc/pv
24K	/usr/share/doc/libnghttp2-14
12K	/usr/share/doc/libassuan0
12K	/usr/share/doc/python3-pyasn1-modules
20K	/usr/share/doc/psmisc
16K	/usr/share/doc/python3-requests
28K	/usr/share/doc/libklibc
12K	/usr/share/doc/python3-jinja2
8.0K	/usr/share/doc/libfont-afm-perl/examples
20K	/usr/share/doc/libfont-afm-perl
148K	/usr/share/doc/perl
16K	/usr/share/doc/libnotmuch5t64
12K	/usr/share/doc/libio-html-perl
16K	/usr/share/doc/node-run-queue
12K	/usr/share/doc/libfontenc1
16K	/usr/share/doc/node-wrappy
120K	/usr/share/doc/libperl5.38t64
12K	/usr/share/doc/neomutt/vim-keys
20K	/usr/share/doc/neomutt/colorschemes
12K	/usr/share/doc/neomutt/account-command/macos-keychain
12K	/usr/share/doc/neomutt/account-command/gpg-json
32K	/usr/share/doc/neomutt/account-command
2.7M	/usr/share/doc/neomutt/html
224K	/usr/share/doc/neomutt/examples
20K	/usr/share/doc/neomutt/oauth2
3.3M	/usr/share/doc/neomutt
12K	/usr/share/doc/libfastjson4
12K	/usr/share/doc/libfile-listing-perl
12K	/usr/share/doc/gir1.2-packagekitglib-1.0
132K	/usr/share/doc/coreutils
16K	/usr/share/doc/liblwp-protocol-https-perl
28K	/usr/share/doc/borgbackup
20K	/usr/share/doc/gpg-wks-client
16K	/usr/share/doc/node-util-deprecate
12K	/usr/share/doc/python3-cffi-backend
28K	/usr/share/doc/liblzo2-2
28K	/usr/share/doc/node-esquery
16K	/usr/share/doc/friendly-recovery
28K	/usr/share/doc/xkb-data
32K	/usr/share/doc/gnupg-utils
28K	/usr/share/doc/libntlm0
24K	/usr/share/doc/python3-problem-report
12K	/usr/share/doc/libbytesize-common
16K	/usr/share/doc/node-stack-utils
20K	/usr/share/doc/libgd3
16K	/usr/share/doc/python3-json-pointer
12K	/usr/share/doc/apt-transport-https
16K	/usr/share/doc/glib-networking-common
212K	/usr/share/doc/libgphoto2-6/camlibs
224K	/usr/share/doc/libgphoto2-6
28K	/usr/share/doc/fdisk
16K	/usr/share/doc/node-kind-of
12K	/usr/share/doc/alsa-topology-conf
8.0K	/usr/share/doc/python3-netplan
28K	/usr/share/doc/libtevent0t64
12K	/usr/share/doc/libftdi1-2
152K	/usr/share/doc/gdisk
16K	/usr/share/doc/node-electron-to-chromium
20K	/usr/share/doc/node-data-uri-to-buffer
12K	/usr/share/doc/apport
12K	/usr/share/doc/logrotate
16K	/usr/share/doc/node-ini
24K	/usr/share/doc/libtasn1-6
8.0K	/usr/share/doc/node-minipass-collect
4.0K	/usr/share/doc/libssl-dev
16K	/usr/share/doc/node-resolve-cwd
12K	/usr/share/doc/libxkbcommon0
32K	/usr/share/doc/libpcap0.8t64
16K	/usr/share/doc/ubuntu-release-upgrader-core
12K	/usr/share/doc/libinih1
20K	/usr/share/doc/systemd-sysv
16K	/usr/share/doc/node-hosted-git-info
12K	/usr/share/doc/librtmp1
12K	/usr/share/doc/libjs-inherits
16K	/usr/share/doc/node-pump
16K	/usr/share/doc/libcrypt1
28K	/usr/share/doc/libapparmor1
24K	/usr/share/doc/network-manager-pptp
12K	/usr/share/doc/mailcap
12K	/usr/share/doc/libpam-cap
16K	/usr/share/doc/node-regenerator-runtime
88K	/usr/share/doc/libldap2
12K	/usr/share/doc/polkitd/examples
40K	/usr/share/doc/polkitd
116K	/usr/share/doc/perl-modules-5.38
16K	/usr/share/doc/libjs-typedarray-to-buffer
16K	/usr/share/doc/node-concat-stream
12K	/usr/share/doc/libavahi-glib1
16K	/usr/share/doc/node-json-stable-stringify
36K	/usr/share/doc/libwiringpi-opi-dev/examples/Gertboard
32K	/usr/share/doc/libwiringpi-opi-dev/examples/PiFace
20K	/usr/share/doc/libwiringpi-opi-dev/examples/PiGlow
16K	/usr/share/doc/libwiringpi-opi-dev/examples/scrollPhat
36K	/usr/share/doc/libwiringpi-opi-dev/examples/q2w
300K	/usr/share/doc/libwiringpi-opi-dev/examples
312K	/usr/share/doc/libwiringpi-opi-dev
120K	/usr/share/doc/perl-base
28K	/usr/share/doc/libtalloc2
332K	/usr/share/doc/libglib2.0-0t64
12K	/usr/share/doc/rockchip-multimedia-config
28K	/usr/share/doc/libnss-mdns
8.0K	/usr/share/doc/ca-certificates/examples/ca-certificates-local/debian/source
40K	/usr/share/doc/ca-certificates/examples/ca-certificates-local/debian
12K	/usr/share/doc/ca-certificates/examples/ca-certificates-local/local
64K	/usr/share/doc/ca-certificates/examples/ca-certificates-local
68K	/usr/share/doc/ca-certificates/examples
100K	/usr/share/doc/ca-certificates
40K	/usr/share/doc/libgsasl18
16K	/usr/share/doc/distro-info-data
36K	/usr/share/doc/inetutils-telnet
16K	/usr/share/doc/node-require-from-string
28K	/usr/share/doc/debianutils
16K	/usr/share/doc/sgml-base/examples
40K	/usr/share/doc/sgml-base
16K	/usr/share/doc/node-strip-json-comments
16K	/usr/share/doc/libcap2-bin
20K	/usr/share/doc/ubuntu-server
8.0K	/usr/share/doc/gpgconf/examples
40K	/usr/share/doc/gpgconf
44K	/usr/share/doc/libblkid1
20K	/usr/share/doc/node-object-inspect/examples
36K	/usr/share/doc/node-object-inspect
24K	/usr/share/doc/iptables
16K	/usr/share/doc/node-fs-write-stream-atomic
20K	/usr/share/doc/libffi8
48K	/usr/share/doc/sane-utils
8.0K	/usr/share/doc/eatmydata
16K	/usr/share/doc/node-es-module-lexer
20K	/usr/share/doc/libnss-systemd
20K	/usr/share/doc/libpackagekit-glib2-18
120K	/usr/share/doc/wpasupplicant/examples
208K	/usr/share/doc/wpasupplicant
56K	/usr/share/doc/grep
16K	/usr/share/doc/node-mimic-response
12K	/usr/share/doc/libpixman-1-0
16K	/usr/share/doc/sed/examples
120K	/usr/share/doc/sed
20K	/usr/share/doc/ubuntu-standard
16K	/usr/share/doc/libtext-wrapi18n-perl
24K	/usr/share/doc/tdb-tools
20K	/usr/share/doc/sysvinit-utils
20K	/usr/share/doc/node-resolve-from
12K	/usr/share/doc/sane-airscan
12K	/usr/share/doc/cloud-initramfs-dyn-netconf
12K	/usr/share/doc/libatm1t64
16K	/usr/share/doc/node-rechoir
16K	/usr/share/doc/node-jsonify
8.0K	/usr/share/doc/fuse3
16K	/usr/share/doc/node-json-buffer
12K	/usr/share/doc/libnpth0t64
8.0K	/usr/share/doc/netcat-openbsd/examples/contrib
68K	/usr/share/doc/netcat-openbsd/examples
92K	/usr/share/doc/netcat-openbsd
16K	/usr/share/doc/node-console-control-strings
20K	/usr/share/doc/duperemove
24K	/usr/share/doc/byobu
16K	/usr/share/doc/node-set-immediate-shim
24K	/usr/share/doc/python3-tdb
12K	/usr/share/doc/libjcat1
16K	/usr/share/doc/node-repeat-string
12K	/usr/share/doc/python3-babel
12K	/usr/share/doc/libclass-xsaccessor-perl
32K	/usr/share/doc/dnsmasq-base/examples
88K	/usr/share/doc/dnsmasq-base
12K	/usr/share/doc/libnet-smtp-ssl-perl
20K	/usr/share/doc/node-safe-buffer
12K	/usr/share/doc/python3-pygments
32K	/usr/share/doc/libnftables1
124K	/usr/share/doc/libv4l-0t64
28K	/usr/share/doc/node-regexpp
76K	/usr/share/doc/libgs10-common
32K	/usr/share/doc/gpgv
12K	/usr/share/doc/node-retry/examples
28K	/usr/share/doc/node-retry
12K	/usr/share/doc/distro-info
12K	/usr/share/doc/libclone-perl
60K	/usr/share/doc/libsane1
8.0K	/usr/share/doc/libxcb-glx0
16K	/usr/share/doc/node-clone-deep
12K	/usr/share/doc/libonig5
28K	/usr/share/doc/libhogweed6t64
12K	/usr/share/doc/mali-g610-firmware
24K	/usr/share/doc/liberror-perl/examples/next-in-loop
36K	/usr/share/doc/liberror-perl/examples
48K	/usr/share/doc/liberror-perl
104K	/usr/share/doc/node-terser
16K	/usr/share/doc/node-core-js-pure
16K	/usr/share/doc/libglvnd0
12K	/usr/share/doc/python3-cryptography
12K	/usr/share/doc/node-got/examples
68K	/usr/share/doc/node-got
168K	/usr/share/doc/libx11-protocol-perl/examples
188K	/usr/share/doc/libx11-protocol-perl
12K	/usr/share/doc/libxxhash0
40K	/usr/share/doc/libcurl4t64
4.0K	/usr/share/doc/libssl3
140K	/usr/share/doc/linux-headers-6.1.0-1025-rockchip
16K	/usr/share/doc/node-through
12K	/usr/share/doc/libnfnetlink0
32K	/usr/share/doc/gsettings-desktop-schemas
12K	/usr/share/doc/lsb-release
200K	/usr/share/doc/libgnutls30t64
12K	/usr/share/doc/libwebp7
8.0K	/usr/share/doc/squashfs-tools/examples
20K	/usr/share/doc/squashfs-tools
12K	/usr/share/doc/libdaemon0
92K	/usr/share/doc/libglib2.0-data
8.0K	/usr/share/doc/libxcb-present0
68K	/usr/share/doc/samba-ad-provision
12K	/usr/share/doc/libdpkg-perl
28K	/usr/share/doc/python3-samba
20K	/usr/share/doc/liblocale-gettext-perl
8.0K	/usr/share/doc/ufw/examples
32K	/usr/share/doc/ufw
40K	/usr/share/doc/node-functional-red-black-tree
16K	/usr/share/doc/node-neo-async
8.0K	/usr/share/doc/python3-launchpadlib/docs/files
52K	/usr/share/doc/python3-launchpadlib/docs
68K	/usr/share/doc/python3-launchpadlib
24K	/usr/share/doc/libmbim-glib4
24K	/usr/share/doc/emacsen-common
8.0K	/usr/share/doc/libqmi-proxy
12K	/usr/share/doc/publicsuffix/examples
48K	/usr/share/doc/publicsuffix
8.0K	/usr/share/doc/cryptsetup/examples
376K	/usr/share/doc/cryptsetup
8.0K	/usr/share/doc/bzip2
32K	/usr/share/doc/libip6tc2
28K	/usr/share/doc/python3-yaml/examples/pygments-lexer
20K	/usr/share/doc/python3-yaml/examples/yaml-highlight
52K	/usr/share/doc/python3-yaml/examples
68K	/usr/share/doc/python3-yaml
84K	/usr/share/doc/lsof/examples
228K	/usr/share/doc/lsof
36K	/usr/share/doc/busybox-static/examples/udhcp
56K	/usr/share/doc/busybox-static/examples
72K	/usr/share/doc/busybox-static
28K	/usr/share/doc/dbus-daemon
156K	/usr/share/doc/e2fsprogs
112K	/usr/share/doc/tzdata
12K	/usr/share/doc/libudisks2-0
16K	/usr/share/doc/libfdt1
140K	/usr/share/doc/linux-rockchip-headers-6.1.0-1025
16K	/usr/share/doc/libcupsfilters2-common
16K	/usr/share/doc/node-locate-path
16K	/usr/share/doc/python3-idna
16K	/usr/share/doc/libatasmart4
48K	/usr/share/doc/libmaxminddb0
16K	/usr/share/doc/sensible-utils
68K	/usr/share/doc/shared-mime-info/shared-mime-info-spec.html
264K	/usr/share/doc/shared-mime-info
16K	/usr/share/doc/node-osenv
28K	/usr/share/doc/libglx-mesa0
16K	/usr/share/doc/node-spdx-license-ids
44K	/usr/share/doc/kbd/font-formats
8.0K	/usr/share/doc/kbd/scancodes
8.0K	/usr/share/doc/kbd/examples
68K	/usr/share/doc/kbd/charsets
160K	/usr/share/doc/kbd
12K	/usr/share/doc/rsync/examples
104K	/usr/share/doc/rsync
12K	/usr/share/doc/plocate
20K	/usr/share/doc/libpam-systemd
8.0K	/usr/share/doc/node-read/examples
24K	/usr/share/doc/node-read
24K	/usr/share/doc/libqpdf29t64
12K	/usr/share/doc/libutempter0
16K	/usr/share/doc/python3-wadllib
52K	/usr/share/doc/vim-tiny
16K	/usr/share/doc/node-tapable
16K	/usr/share/doc/node-aproba
12K	/usr/share/doc/openssl/HOWTO
64K	/usr/share/doc/openssl
16K	/usr/share/doc/libtiff6
16K	/usr/share/doc/node-memfs
44K	/usr/share/doc/dosfstools
12K	/usr/share/doc/xfonts-encodings
44K	/usr/share/doc/python3-imaplib2
16K	/usr/share/doc/python3-chardet
16K	/usr/share/doc/node-promise-inflight
12K	/usr/share/doc/libacl1
20K	/usr/share/doc/init-system-helpers
32K	/usr/share/doc/colord-data
16K	/usr/share/doc/avahi-daemon/examples
28K	/usr/share/doc/avahi-daemon
12K	/usr/share/doc/node-inherits
16K	/usr/share/doc/node-fs-readdir-recursive
12K	/usr/share/doc/node-sellside-emitter
8.0K	/usr/share/doc/libpam-modules/examples
24K	/usr/share/doc/libpam-modules
16K	/usr/share/doc/node-merge-stream
176K	/usr/share/doc/libslang2
12K	/usr/share/doc/zerofree
12K	/usr/share/doc/libsort-naturally-perl
16K	/usr/share/doc/node-pify
20K	/usr/share/doc/node-optionator
24K	/usr/share/doc/libqrtr-glib0
16K	/usr/share/doc/node-fs.realpath
8.0K	/usr/share/doc/libexporter-tiny-perl/examples/Example
12K	/usr/share/doc/libexporter-tiny-perl/examples
36K	/usr/share/doc/libexporter-tiny-perl
8.0K	/usr/share/doc/node-minipass-flush
16K	/usr/share/doc/node-is-descriptor
16K	/usr/share/doc/adduser/examples/adduser.local.conf.examples/skel
8.0K	/usr/share/doc/adduser/examples/adduser.local.conf.examples/skel.other
36K	/usr/share/doc/adduser/examples/adduser.local.conf.examples
112K	/usr/share/doc/adduser/examples
156K	/usr/share/doc/adduser
72K	/usr/share/doc/libgirepository-1.0-1
68K	/usr/share/doc/notmuch
16K	/usr/share/doc/node-spdx-correct
16K	/usr/share/doc/libexpat1
12K	/usr/share/doc/libsensors-config
8.0K	/usr/share/doc/libblockdev-part3
36K	/usr/share/doc/libcairo2
12K	/usr/share/doc/libxpm4
16K	/usr/share/doc/busybox-initramfs
12K	/usr/share/doc/libgdk-pixbuf2.0-bin
8.0K	/usr/share/doc/liblouisutdml-bin
12K	/usr/share/doc/libsemanage-common
20K	/usr/share/doc/libdrm-radeon1
8.0K	/usr/share/doc/libblockdev3
12K	/usr/share/doc/node-resolve/examples
28K	/usr/share/doc/node-resolve
16K	/usr/share/doc/node-for-own
16K	/usr/share/doc/liblcms2-2
24K	/usr/share/doc/libgit2-1.7
24K	/usr/share/doc/libproxy1v5
32K	/usr/share/doc/dbus
28K	/usr/share/doc/colord
20K	/usr/share/doc/xfsprogs
108K	/usr/share/doc/groff-base
12K	/usr/share/doc/libnl-genl-3-200
8.0K	/usr/share/doc/node-types-resolve
16K	/usr/share/doc/node-are-we-there-yet
24K	/usr/share/doc/login
12K	/usr/share/doc/python3-mdurl
12K	/usr/share/doc/hostname
56K	/usr/share/doc/gir1.2-girepository-2.0
12K	/usr/share/doc/libxrandr2
20K	/usr/share/doc/libieee1284-3t64
32K	/usr/share/doc/libcolord2
12K	/usr/share/doc/libsframe1
12K	/usr/share/doc/libxau6
12K	/usr/share/doc/telnet
16K	/usr/share/doc/node-type-check
12K	/usr/share/doc/python3-incremental
108K	/usr/share/doc/libdbus-1-3
24K	/usr/share/doc/python3-botocore
8.0K	/usr/share/doc/node-types-json-stable-stringify
12K	/usr/share/doc/nftables/examples/sysvinit
136K	/usr/share/doc/nftables/examples
168K	/usr/share/doc/nftables
16K	/usr/share/doc/libevdev2
16K	/usr/share/doc/u-boot-menu
40K	/usr/share/doc/libcurl3t64-gnutls
28K	/usr/share/doc/patch
12K	/usr/share/doc/libgudev-1.0-0
16K	/usr/share/doc/libusb-1.0-0
16K	/usr/share/doc/node-postcss-value-parser
20K	/usr/share/doc/node-cjs-module-lexer
360K	/usr/share/doc/util-linux/releases
12K	/usr/share/doc/util-linux/examples
532K	/usr/share/doc/util-linux
160K	/usr/share/doc/python3-rich/examples
180K	/usr/share/doc/python3-rich
16K	/usr/share/doc/node-regenerator-transform
12K	/usr/share/doc/libxcursor1
52K	/usr/share/doc/libcephfs2
16K	/usr/share/doc/node-p-cancelable
112K	/usr/share/doc/gawk/examples/network
28K	/usr/share/doc/gawk/examples/data
92K	/usr/share/doc/gawk/examples/prog
36K	/usr/share/doc/gawk/examples/misc
124K	/usr/share/doc/gawk/examples/lib
396K	/usr/share/doc/gawk/examples
424K	/usr/share/doc/gawk
8.0K	/usr/share/doc/python3-jmespath/examples
24K	/usr/share/doc/python3-jmespath
20K	/usr/share/doc/libgusb2
12K	/usr/share/doc/libfile-basedir-perl
12K	/usr/share/doc/libattr1
32K	/usr/share/doc/libext2fs2t64
8.0K	/usr/share/doc/node-convert-source-map/examples
24K	/usr/share/doc/node-convert-source-map
8.0K	/usr/share/doc/node-typedarray/examples
24K	/usr/share/doc/node-typedarray
12K	/usr/share/doc/libnet-http-perl
108K	/usr/share/doc/libudev1
12K	/usr/share/doc/u-boot
16K	/usr/share/doc/node-set-blocking
80K	/usr/share/doc/libsoup-3.0-0
24K	/usr/share/doc/udev
16K	/usr/share/doc/node-source-map-support
12K	/usr/share/doc/node-babel-plugin-add-module-exports
16K	/usr/share/doc/node-find-up
16K	/usr/share/doc/node-is-plain-object
16K	/usr/share/doc/node-spdx-exceptions
52K	/usr/share/doc/libjpeg-turbo8
16K	/usr/share/doc/pastebinit
68K	/usr/share/doc/libgssapi-krb5-2
116K	/usr/share/doc/firmware-sof-signed
156K	/usr/share/doc/node-commander/examples
184K	/usr/share/doc/node-commander
20K	/usr/share/doc/libjson-c5
8.0K	/usr/share/doc/node-typedarray-to-buffer
188K	/usr/share/doc/libxml-parser-perl/examples
12K	/usr/share/doc/libxml-parser-perl/Encodings
212K	/usr/share/doc/libxml-parser-perl
12K	/usr/share/doc/liblmdb0
48K	/usr/share/doc/modemmanager
16K	/usr/share/doc/libjs-regenerate
12K	/usr/share/doc/rsyslog/examples/rsyslog.d
8.0K	/usr/share/doc/rsyslog/examples/tmpfiles.d
24K	/usr/share/doc/rsyslog/examples
64K	/usr/share/doc/rsyslog
212K	/usr/share/doc/libc6
12K	/usr/share/doc/libhtml-tagset-perl
12K	/usr/share/doc/ubuntu-server-rockchip
24K	/usr/share/doc/node-eslint-visitor-keys
20K	/usr/share/doc/libzstd1
24K	/usr/share/doc/libdrm-common
28K	/usr/share/doc/samba-libs
12K	/usr/share/doc/libdata-dump-perl
16K	/usr/share/doc/libtry-tiny-perl
16K	/usr/share/doc/node-has-value
56K	/usr/share/doc/vim-common
12K	/usr/share/doc/libxkbfile1
20K	/usr/share/doc/systemd-timesyncd
20K	/usr/share/doc/pigz
72K	/usr/share/doc/node-uuid
36K	/usr/share/doc/diffutils
28K	/usr/share/doc/libpython3-stdlib
12K	/usr/share/doc/libnspr4
20K	/usr/share/doc/libdebconfclient0
32K	/usr/share/doc/libc-devtools
16K	/usr/share/doc/tcl
12K	/usr/share/doc/libpsl5t64
36K	/usr/share/doc/cups-browsed
28K	/usr/share/doc/uuid-runtime
16K	/usr/share/doc/libxtst6
8.0K	/usr/share/doc/node-object-keys
12K	/usr/share/doc/libselinux1
48K	/usr/share/doc/zstd
20K	/usr/share/doc/rpcsvc-proto
20K	/usr/share/doc/libxmlsec1t64
12K	/usr/share/doc/libyaml-0-2
3.1M	/usr/share/doc/git/RelNotes
16K	/usr/share/doc/git/contrib/git-shell-commands
20K	/usr/share/doc/git/contrib/credential/libsecret
16K	/usr/share/doc/git/contrib/credential/osxkeychain
44K	/usr/share/doc/git/contrib/credential/netrc
16K	/usr/share/doc/git/contrib/credential/wincred
100K	/usr/share/doc/git/contrib/credential
8.0K	/usr/share/doc/git/contrib/workdir
40K	/usr/share/doc/git/contrib/fast-import
64K	/usr/share/doc/git/contrib/subtree/t
156K	/usr/share/doc/git/contrib/subtree
44K	/usr/share/doc/git/contrib/buildsystems/Generators
120K	/usr/share/doc/git/contrib/buildsystems
16K	/usr/share/doc/git/contrib/hg-to-git
16K	/usr/share/doc/git/contrib/remote-helpers
16K	/usr/share/doc/git/contrib/diff-highlight/t
56K	/usr/share/doc/git/contrib/diff-highlight
8.0K	/usr/share/doc/git/contrib/examples
20K	/usr/share/doc/git/contrib/stats
12K	/usr/share/doc/git/contrib/update-unicode
12K	/usr/share/doc/git/contrib/coccinelle/tests
104K	/usr/share/doc/git/contrib/coccinelle
20K	/usr/share/doc/git/contrib/contacts
36K	/usr/share/doc/git/contrib/persistent-https
20K	/usr/share/doc/git/contrib/vscode
12K	/usr/share/doc/git/contrib/git-jump
8.0K	/usr/share/doc/git/contrib/long-running-filter
12K	/usr/share/doc/git/contrib/thunderbird-patch-inline
808K	/usr/share/doc/git/contrib
3.9M	/usr/share/doc/git
12K	/usr/share/doc/libfile-mimeinfo-perl
12K	/usr/share/doc/libtraceevent1
76K	/usr/share/doc/findutils
68K	/usr/share/doc/librados2
44K	/usr/share/doc/libbluetooth3
16K	/usr/share/doc/libhttp-daemon-perl
24K	/usr/share/doc/libcrypt-dev
28K	/usr/share/doc/libcolorhug2
28K	/usr/share/doc/node-get-value/examples
40K	/usr/share/doc/node-get-value
28K	/usr/share/doc/samba-common-bin
12K	/usr/share/doc/python-babel-localedata
12K	/usr/share/doc/libeatmydata1
92K	/usr/share/doc/fonts-dejavu-mono
24K	/usr/share/doc/libnvme1t64
20K	/usr/share/doc/libgpg-error-l10n
40K	/usr/share/doc/python3-dbus
16K	/usr/share/doc/node-uri-js
8.0K	/usr/share/doc/libxcb-render0
40K	/usr/share/doc/keyboard-configuration
852K	/usr/share/doc/trace-cmd/trace-cmd
868K	/usr/share/doc/trace-cmd
12K	/usr/share/doc/libtext-iconv-perl
8.0K	/usr/share/doc/libipc-system-simple-perl/examples
20K	/usr/share/doc/libipc-system-simple-perl
8.0K	/usr/share/doc/node-minipass-pipeline
12K	/usr/share/doc/libmnl0
12K	/usr/share/doc/libmali-g610-x11
32K	/usr/share/doc/curl
12K	/usr/share/doc/bind9-dnsutils
108K	/usr/share/doc/libsystemd0
12K	/usr/share/doc/libterm-readkey-perl/examples
24K	/usr/share/doc/libterm-readkey-perl
56K	/usr/share/doc/liblzma5
12K	/usr/share/doc/libxml-xpathengine-perl
28K	/usr/share/doc/libtirpc3t64
36K	/usr/share/doc/node-flatted
16K	/usr/share/doc/python3-portalocker
12K	/usr/share/doc/python3-jsonschema
8.0K	/usr/share/doc/libnotify-bin
16K	/usr/share/doc/libheif-plugin-aomenc
40K	/usr/share/doc/x11-utils
16K	/usr/share/doc/node-cli-cursor
12K	/usr/share/doc/ncurses-term
12K	/usr/share/doc/libnewt0.52
52K	/usr/share/doc/vim-runtime
16K	/usr/share/doc/node-p-limit
28K	/usr/share/doc/bash-completion
12K	/usr/share/doc/node-glob/examples
152K	/usr/share/doc/node-glob
12K	/usr/share/doc/cups-ppdc
12K	/usr/share/doc/libalgorithm-merge-perl
92K	/usr/share/doc/node-undici/api
52K	/usr/share/doc/node-undici/assets
20K	/usr/share/doc/node-undici/best-practices
16K	/usr/share/doc/node-undici/examples/proxy
8.0K	/usr/share/doc/node-undici/examples/ca-fingerprint
40K	/usr/share/doc/node-undici/examples
248K	/usr/share/doc/node-undici
16K	/usr/share/doc/node-regenerate-unicode-properties
36K	/usr/share/doc/libsasl2-modules
28K	/usr/share/doc/python3-dateutil
16K	/usr/share/doc/node-decompress-response
108K	/usr/share/doc/dbus-session-bus-common
160K	/usr/share/doc/snapd
12K	/usr/share/doc/gpg-agent/examples
36K	/usr/share/doc/gpg-agent
28K	/usr/share/doc/open-vm-tools
2.1M	/usr/share/doc/libboost-thread1.83.0
448K	/usr/share/doc/linux-firmware/licenses
564K	/usr/share/doc/linux-firmware
28K	/usr/share/doc/libfwupd2
28K	/usr/share/doc/libgbm1
16K	/usr/share/doc/libgssglue1
12K	/usr/share/doc/python3-gssapi
20K	/usr/share/doc/libss2
16K	/usr/share/doc/node-isexe
12K	/usr/share/doc/python3-packaging
12K	/usr/share/doc/ssh-import-id
12K	/usr/share/doc/python3-blinker
12K	/usr/share/doc/libnss3
32K	/usr/share/doc/bind9-libs
12K	/usr/share/doc/python3-markupsafe
40K	/usr/share/doc/ethtool
8.0K	/usr/share/doc/libxcb-randr0
12K	/usr/share/doc/xauth
32K	/usr/share/doc/libidn2-0
12K	/usr/share/doc/lto-disabled-list
20K	/usr/share/doc/libsoup-3.0-common
12K	/usr/share/doc/python3-configobj
32K	/usr/share/doc/python3-certifi
16K	/usr/share/doc/liburing2
12K	/usr/share/doc/libxdmcp6
16K	/usr/share/doc/node-iferr
16K	/usr/share/doc/node-supports-color
52K	/usr/share/doc/libmpfr6
8.0K	/usr/share/doc/fakeroot
16K	/usr/share/doc/cloud-guest-utils
28K	/usr/share/doc/libjs-async
16K	/usr/share/doc/node-once
24K	/usr/share/doc/libssl3t64
32K	/usr/share/doc/man-db/examples
308K	/usr/share/doc/man-db
16K	/usr/share/doc/node-depd
12K	/usr/share/doc/ubuntu-rockchip-settings
48K	/usr/share/doc/libjbig2dec0
16K	/usr/share/doc/node-webpack-sources
28K	/usr/share/doc/python3-ldb
104K	/usr/share/doc/bash
12K	/usr/share/doc/appstream
60K	/usr/share/doc/node-optimist/examples
76K	/usr/share/doc/node-optimist
12K	/usr/share/doc/cups-ipp-utils
8.0K	/usr/share/doc/libcups2t64/examples
36K	/usr/share/doc/libcups2t64
32K	/usr/share/doc/node-babel7-runtime
16K	/usr/share/doc/libpam-runtime
8.0K	/usr/share/doc/node-minimist/examples
24K	/usr/share/doc/node-minimist
12K	/usr/share/doc/mtr-tiny
16K	/usr/share/doc/libde265-0
16K	/usr/share/doc/zlib1g
16K	/usr/share/doc/node-is-path-cwd
32K	/usr/share/doc/libmailtools-perl/examples
52K	/usr/share/doc/libmailtools-perl
16K	/usr/share/doc/node-source-list-map
44K	/usr/share/doc/libgphoto2-port12t64
32K	/usr/share/doc/libc-dev-bin
20K	/usr/share/doc/systemd-resolved
24K	/usr/share/doc/cups-server-common
20K	/usr/share/doc/node-shell-quote/examples
36K	/usr/share/doc/node-shell-quote
8.0K	/usr/share/doc/node-async
12K	/usr/share/doc/btrfs-progs
12K	/usr/share/doc/libtie-ixhash-perl
16K	/usr/share/doc/mount/examples
48K	/usr/share/doc/mount
32K	/usr/share/doc/liburcu8t64
12K	/usr/share/doc/libice6
12K	/usr/share/doc/packagekit-tools
24K	/usr/share/doc/python3-talloc
16K	/usr/share/doc/libxt6t64
4.0K	/usr/share/doc/cloud-init/module-docs
16K	/usr/share/doc/cloud-init/examples/seed
272K	/usr/share/doc/cloud-init/examples
340K	/usr/share/doc/cloud-init
16K	/usr/share/doc/node-prr
16K	/usr/share/doc/libsharpyuv0
16K	/usr/share/doc/node-core-util-is
12K	/usr/share/doc/python3-constantly
20K	/usr/share/doc/libmagic-mgc
24K	/usr/share/doc/libpolkit-gobject-1-0
80K	/usr/share/doc/node-yaml
8.0K	/usr/share/doc/fonts-dejavu-core
12K	/usr/share/doc/libidn12
16K	/usr/share/doc/node-lowercase-keys
20K	/usr/share/doc/python3-rfc6555
8.0K	/usr/share/doc/libjs-sprintf-js/examples
28K	/usr/share/doc/libjs-sprintf-js
32K	/usr/share/doc/smbclient
16K	/usr/share/doc/node-unicode-canonical-property-names-ecmascript
20K	/usr/share/doc/libargon2-1
20K	/usr/share/doc/bc/examples
108K	/usr/share/doc/bc
68K	/usr/share/doc/libk5crypto3
44K	/usr/share/doc/apt/examples
64K	/usr/share/doc/apt
16K	/usr/share/doc/javascript-common
16K	/usr/share/doc/node-punycode
52K	/usr/share/doc/iso-codes
20K	/usr/share/doc/python3-distupgrade
8.0K	/usr/share/doc/software-properties-common
16K	/usr/share/doc/debconf
20K	/usr/share/doc/ftp
132K	/usr/share/doc/samba/examples/LDAP
32K	/usr/share/doc/samba/examples/logon/ntlogon
24K	/usr/share/doc/samba/examples/logon/mklogon
8.0K	/usr/share/doc/samba/examples/logon/genlogon
68K	/usr/share/doc/samba/examples/logon
76K	/usr/share/doc/samba/examples/printing
280K	/usr/share/doc/samba/examples
316K	/usr/share/doc/samba
16K	/usr/share/doc/node-has-unicode
12K	/usr/share/doc/netbase
12K	/usr/share/doc/node-minipass-fetch
12K	/usr/share/doc/python3-six
12K	/usr/share/doc/python3-pyasn1
52K	/usr/share/doc/libopenjp2-7
32K	/usr/share/doc/gzip
12K	/usr/share/doc/python3-urllib3
16K	/usr/share/doc/libheif-plugin-libde265
108K	/usr/share/doc/libnet-ssleay-perl/examples
148K	/usr/share/doc/libnet-ssleay-perl
20K	/usr/share/doc/libplymouth5
16K	/usr/share/doc/node-err-code
8.0K	/usr/share/doc/libfontconfig1
20K	/usr/share/doc/node-negotiator/examples
36K	/usr/share/doc/node-negotiator
12K	/usr/share/doc/numactl
16K	/usr/share/doc/landscape-common
48K	/usr/share/doc/libhtml-parser-perl/examples
64K	/usr/share/doc/libhtml-parser-perl
32K	/usr/share/doc/libsexp2
20K	/usr/share/doc/xml-core/examples
40K	/usr/share/doc/xml-core
44K	/usr/share/doc/libpam0g
8.0K	/usr/share/doc/node-resumer/examples
24K	/usr/share/doc/node-resumer
16K	/usr/share/doc/glib-networking-services
16K	/usr/share/doc/node-busboy
12K	/usr/share/doc/python3-pyrsistent
16K	/usr/share/doc/libtask-weaken-perl
320K	/usr/share/doc/libstd-rust-1.75
16K	/usr/share/doc/python3-markdown-it
8.0K	/usr/share/doc/node-has
16K	/usr/share/doc/node-ansi-escapes
16K	/usr/share/doc/node-unicode-property-aliases-ecmascript
12K	/usr/share/doc/initramfs-tools
16K	/usr/share/doc/node-npm-run-path
16K	/usr/share/doc/update-notifier-common
16K	/usr/share/doc/node-ieee754
16K	/usr/share/doc/libappstream5
12K	/usr/share/doc/libsemanage2
16K	/usr/share/doc/libjs-is-typedarray
152K	/usr/share/doc/libsnmp40t64
8.0K	/usr/share/doc/acl
12K	/usr/share/doc/python3-pexpect
24K	/usr/share/doc/libnotify4
12K	/usr/share/doc/btrfs-compsize
12K	/usr/share/doc/libnftnl11
8.0K	/usr/share/doc/libxcb-dri2-0
20K	/usr/share/doc/libxext6
44K	/usr/share/doc/python3-pkg-resources
40K	/usr/share/doc/wget
12K	/usr/share/doc/mdadm/examples
68K	/usr/share/doc/mdadm
16K	/usr/share/doc/node-spdx-expression-parse
12K	/usr/share/doc/run-one
12K	/usr/share/doc/session-migration
20K	/usr/share/doc/gpg
28K	/usr/share/doc/ncurses-base
16K	/usr/share/doc/node-is-extglob
12K	/usr/share/doc/linux-headers-rockchip
108K	/usr/share/doc/libsystemd-shared
68K	/usr/share/doc/python3-gi
12K	/usr/share/doc/libteamdctl0
36K	/usr/share/doc/gnupg/examples
120K	/usr/share/doc/gnupg
16K	/usr/share/doc/node-color-convert
24K	/usr/share/doc/libaom3
64K	/usr/share/doc/gcc-13-base/C++
24K	/usr/share/doc/gcc-13-base/itm
112K	/usr/share/doc/gcc-13-base/gcc
20K	/usr/share/doc/gcc-13-base/sanitizer
144K	/usr/share/doc/gcc-13-base/gomp
712K	/usr/share/doc/gcc-13-base
24K	/usr/share/doc/pptp-linux
12K	/usr/share/doc/sysstat/xml
156K	/usr/share/doc/sysstat/images
64K	/usr/share/doc/sysstat/examples
272K	/usr/share/doc/sysstat
12K	/usr/share/doc/libaio1t64
12K	/usr/share/doc/libnl-route-3-200
44K	/usr/share/doc/bsdutils
16K	/usr/share/doc/node-growl
144K	/usr/share/doc/netplan/examples
316K	/usr/share/doc/netplan
12K	/usr/share/doc/libintl-xs-perl
12K	/usr/share/doc/libprotobuf-c1
16K	/usr/share/doc/node-is-arrayish
16K	/usr/share/doc/mtd-utils
52K	/usr/share/doc/python3-colorama/examples
76K	/usr/share/doc/python3-colorama
32K	/usr/share/doc/gnupg-l10n
16K	/usr/share/doc/node-promzard
12K	/usr/share/doc/systemd-hwe-hwdb
12K	/usr/share/doc/linux-base
20K	/usr/share/doc/libjs-events
12K	/usr/share/doc/libavahi-core7
24K	/usr/share/doc/unattended-upgrades
36K	/usr/share/doc/tnftp
8.0K	/usr/share/doc/node-minipass-json-stream
12K	/usr/share/doc/binutils-common
16K	/usr/share/doc/node-ansi-regex
36K	/usr/share/doc/less
8.0K	/usr/share/doc/libxcb-dri3-0
32K	/usr/share/doc/sg3-utils/examples/archive
272K	/usr/share/doc/sg3-utils/examples
332K	/usr/share/doc/sg3-utils
16K	/usr/share/doc/node-shebang-regex
12K	/usr/share/doc/liblua5.4-0
16K	/usr/share/doc/node-isarray
40K	/usr/share/doc/libavahi-common-data
16K	/usr/share/doc/node-path-type
16K	/usr/share/doc/node-binary-extensions
28K	/usr/share/doc/xdg-utils
40K	/usr/share/doc/libuv1-dev
28K	/usr/share/doc/dbus-user-session
8.0K	/usr/share/doc/node-colors/examples/themes
20K	/usr/share/doc/node-colors/examples
32K	/usr/share/doc/node-colors
108K	/usr/share/doc/libpng16-16t64
16K	/usr/share/doc/node-string-decoder
16K	/usr/share/doc/node-end-of-stream
12K	/usr/share/doc/libgdbm6t64
40K	/usr/share/doc/cups-filters-core-drivers
12K	/usr/share/doc/libjbig0
12K	/usr/share/doc/python3-automat
12K	/usr/share/doc/command-not-found
124K	/usr/share/doc/libsnmp-base
20K	/usr/share/doc/gpgsm
12K	/usr/share/doc/pciutils
20K	/usr/share/doc/kpartx
16K	/usr/share/doc/node-has-flag
16K	/usr/share/doc/nano/examples
220K	/usr/share/doc/nano
20K	/usr/share/doc/python3-bcrypt
32K	/usr/share/doc/offlineimap3/examples/systemd
96K	/usr/share/doc/offlineimap3/examples
116K	/usr/share/doc/offlineimap3
16K	/usr/share/doc/libmm-glib0
20K	/usr/share/doc/net-tools
16K	/usr/share/doc/libasound2t64/examples
28K	/usr/share/doc/libasound2t64
12K	/usr/share/doc/libsepol2
32K	/usr/share/doc/ubuntu-pro-client
16K	/usr/share/doc/node-collection-visit
60K	/usr/share/doc/python3.12-minimal
20K	/usr/share/doc/libproc2-0
20K	/usr/share/doc/vsftpd/SECURITY
16K	/usr/share/doc/vsftpd/examples/INTERNET_SITE
8.0K	/usr/share/doc/vsftpd/examples/VIRTUAL_USERS_2
20K	/usr/share/doc/vsftpd/examples/VIRTUAL_USERS
12K	/usr/share/doc/vsftpd/examples/PER_IP_CONFIG
12K	/usr/share/doc/vsftpd/examples/INTERNET_SITE_NOINETD
8.0K	/usr/share/doc/vsftpd/examples/VIRTUAL_HOSTS
84K	/usr/share/doc/vsftpd/examples
172K	/usr/share/doc/vsftpd
16K	/usr/share/doc/node-fast-levenshtein
8.0K	/usr/share/doc/node-minizlib
112K	/usr/share/doc/gcc-14-base
12K	/usr/share/doc/libhttp-negotiate-perl
60K	/usr/share/doc/libnettle8t64
16K	/usr/share/doc/node-yallist
32K	/usr/share/doc/libip4tc2
16K	/usr/share/doc/dracut-install
16K	/usr/share/doc/node-has-values
56K	/usr/share/doc/libx11-6
20K	/usr/share/doc/libpcre2-8-0
28K	/usr/share/doc/python3-software-properties
24K	/usr/share/doc/ppp/examples/scripts/chatchat
128K	/usr/share/doc/ppp/examples/scripts
172K	/usr/share/doc/ppp/examples
280K	/usr/share/doc/ppp
8.0K	/usr/share/doc/libblockdev-swap3
12K	/usr/share/doc/libxrender1
12K	/usr/share/doc/cups-core-drivers
36K	/usr/share/doc/screen/terminfo
12K	/usr/share/doc/screen/examples
116K	/usr/share/doc/screen
16K	/usr/share/doc/node-globals
16K	/usr/share/doc/whiptail
24K	/usr/share/doc/initramfs-tools-bin
24K	/usr/share/doc/libsigsegv2
12K	/usr/share/doc/libctf-nobfd0
12K	/usr/share/doc/libgphoto2-port12
56K	/usr/share/doc/mawk/examples
96K	/usr/share/doc/mawk
12K	/usr/share/doc/overlayroot
180K	/usr/share/doc/linux-libc-dev
320K	/usr/share/doc/libstd-rust-dev
16K	/usr/share/doc/node-xtend
16K	/usr/share/doc/liburi-perl
20K	/usr/share/doc/python3-markdown
8.0K	/usr/share/doc/libxcb-xfixes0
16K	/usr/share/doc/libjansson4/examples
32K	/usr/share/doc/libjansson4
24K	/usr/share/doc/libevent-core-2.1-7t64
12K	/usr/share/doc/libxcb1
44K	/usr/share/doc/libgphoto2-6t64
12K	/usr/share/doc/libppi-perl
16K	/usr/share/doc/node-camelcase
8.0K	/usr/share/doc/libxcb-shm0
52K	/usr/share/doc/vim
32K	/usr/share/doc/python3
20K	/usr/share/doc/libgpg-error0
8.0K	/usr/share/doc/libp11-kit0/examples
32K	/usr/share/doc/libp11-kit0
8.0K	/usr/share/doc/librdmacm1
40K	/usr/share/doc/fonts-noto-mono
16K	/usr/share/doc/node-ci-info
16K	/usr/share/doc/node-esutils
40K	/usr/share/doc/libcryptsetup12
16K	/usr/share/doc/node-error-ex
32K	/usr/share/doc/libjq1
44K	/usr/share/doc/base-passwd
76K	/usr/share/doc/krb5-locales
12K	/usr/share/doc/dpkg-dev
16K	/usr/share/doc/node-validate-npm-package-license
8.0K	/usr/share/doc/libpolkit-agent-1-0
16K	/usr/share/doc/thin-provisioning-tools
12K	/usr/share/doc/libxinerama1
16K	/usr/share/doc/node-ip-regex
552K	/usr/share/doc/manpages
12K	/usr/share/doc/libxml-twig-perl
8.0K	/usr/share/doc/node-regenerate
16K	/usr/share/doc/libseccomp2
12K	/usr/share/doc/apt-utils/examples
24K	/usr/share/doc/apt-utils
92K	/usr/share/doc/ucf/examples/ucf_helper_functions/tests
112K	/usr/share/doc/ucf/examples/ucf_helper_functions
128K	/usr/share/doc/ucf/examples
144K	/usr/share/doc/ucf
28K	/usr/share/doc/python3-gdbm
12K	/usr/share/doc/libbrotli1
24K	/usr/share/doc/usb-modeswitch
12K	/usr/share/doc/liblwp-mediatypes-perl
16K	/usr/share/doc/node-unset-value
44K	/usr/share/doc/libibverbs1
92K	/usr/share/doc/libgs-common
20K	/usr/share/doc/mosh
20K	/usr/share/doc/poppler-utils
20K	/usr/share/doc/libgdk-pixbuf2.0-common
28K	/usr/share/doc/pinentry-curses
12K	/usr/share/doc/python3-hamcrest/examples
24K	/usr/share/doc/python3-hamcrest
20K	/usr/share/doc/wiringpi-opi
16K	/usr/share/doc/node-json-parse-better-errors
12K	/usr/share/doc/python3-jaraco.classes
8.0K	/usr/share/doc/node-minipass-sized
12K	/usr/share/doc/update-inetd
16K	/usr/share/doc/liblist-moreutils-perl
8.0K	/usr/share/doc/node-n3/types-n3
8.0K	/usr/share/doc/node-n3/queue-microtask
32K	/usr/share/doc/node-n3
24K	/usr/share/doc/libxml2
8.0K	/usr/share/doc/libwww-perl/examples
20K	/usr/share/doc/libwww-perl
20K	/usr/share/doc/speedtest-cli
68K	/usr/share/doc/libwbclient0
16K	/usr/share/doc/node-y18n
16K	/usr/share/doc/build-essential
12K	/usr/share/doc/libglx0
16K	/usr/share/doc/python3-lazr.uri
16K	/usr/share/doc/node-indent-string
24K	/usr/share/doc/apport-core-dump-handler
20K	/usr/share/doc/libnl-3-200
12K	/usr/share/doc/libjpeg8
388K	/usr/share/doc/systemd
56K	/usr/share/doc/dpkg/spec
96K	/usr/share/doc/dpkg
12K	/usr/share/doc/init
16K	/usr/share/doc/python3-update-manager
16K	/usr/share/doc/libcap2
16K	/usr/share/doc/node-loader-runner
24K	/usr/share/doc/node-eslint-utils
24K	/usr/share/doc/libnetplan1
12K	/usr/share/doc/libgles2
16K	/usr/share/doc/node-is-buffer
32K	/usr/share/doc/tmux
12K	/usr/share/doc/libbz2-1.0
16K	/usr/share/doc/dns-root-data
72K	/usr/share/doc/lvm2
16K	/usr/share/doc/python3-more-itertools
32K	/usr/share/doc/sbsigntool
12K	/usr/share/doc/samba-common/examples
100K	/usr/share/doc/samba-common
24K	/usr/share/doc/libdrm2
12K	/usr/share/doc/libasound2-data
8.0K	/usr/share/doc/node-brace-expansion/examples
24K	/usr/share/doc/node-brace-expansion
8.0K	/usr/share/doc/node-deep-is/examples
24K	/usr/share/doc/node-deep-is
8.0K	/usr/share/doc/node-events
20K	/usr/share/doc/node-js-tokens
12K	/usr/share/doc/libstemmer0d/examples
40K	/usr/share/doc/libstemmer0d
20K	/usr/share/doc/tcpdump/examples
52K	/usr/share/doc/tcpdump
228K	/usr/share/doc/python3-typing-extensions/examples
244K	/usr/share/doc/python3-typing-extensions
12K	/usr/share/doc/python3-service-identity
12K	/usr/share/doc/libxshmfence1
16K	/usr/share/doc/libunistring5
20K	/usr/share/doc/python3-httplib2
12K	/usr/share/doc/cups-daemon/examples
28K	/usr/share/doc/cups-daemon
16K	/usr/share/doc/node-clone
12K	/usr/share/doc/libavahi-client3
16K	/usr/share/doc/node-levn
80K	/usr/share/doc/locales
12K	/usr/share/doc/libfile-desktopentry-perl
16K	/usr/share/doc/node
12K	/usr/share/doc/libaudit-common
12K	/usr/share/doc/node-wordwrap/examples
28K	/usr/share/doc/node-wordwrap
16K	/usr/share/doc/node-unicode-match-property-value-ecmascript
8.0K	/usr/share/doc/python3-newt
16K	/usr/share/doc/ipp-usb
8.0K	/usr/share/doc/libxcb-sync1
48K	/usr/share/doc/libparted2t64
16K	/usr/share/doc/node-isobject
16K	/usr/share/doc/node-function-bind
12K	/usr/share/doc/libkeyutils1
12K	/usr/share/doc/python3-s3transfer
8.0K	/usr/share/doc/libubootenv-tool
8.0K	/usr/share/doc/info
12K	/usr/share/doc/libegl1
44K	/usr/share/doc/xz-utils
28K	/usr/share/doc/samba-dsdb-modules
12K	/usr/share/doc/libxmu6
28K	/usr/share/doc/libsodium23
16K	/usr/share/doc/fontconfig-config
16K	/usr/share/doc/node-slash
12K	/usr/share/doc/python3-magic
72K	/usr/share/doc/libgcrypt20
12K	/usr/share/doc/libauthen-sasl-perl/examples
28K	/usr/share/doc/libauthen-sasl-perl
676K	/usr/share/doc/python3.12
84K	/usr/share/doc/libldap-common
24K	/usr/share/doc/htop
8.0K	/usr/share/doc/node-babel-runtime
52K	/usr/share/doc/sudo/examples
196K	/usr/share/doc/sudo
16K	/usr/share/doc/x11-common
12K	/usr/share/doc/libencode-locale-perl
8.0K	/usr/share/doc/offlineimap
16K	/usr/share/doc/node-argparse
12K	/usr/share/doc/libmspack0t64
12K	/usr/share/doc/python3-distro-info
24K	/usr/share/doc/node-lru-cache
16K	/usr/share/doc/node-log-driver
12K	/usr/share/doc/libcap-ng0
12K	/usr/share/doc/libxft2
12K	/usr/share/doc/python3-ptyprocess
16K	/usr/share/doc/node-wcwidth.js
16K	/usr/share/doc/python3-gpg/examples/howto/advanced/cython
20K	/usr/share/doc/python3-gpg/examples/howto/advanced
208K	/usr/share/doc/python3-gpg/examples/howto
260K	/usr/share/doc/python3-gpg/examples
268K	/usr/share/doc/python3-gpg
12K	/usr/share/doc/python3-attr
32K	/usr/share/doc/libdb5.3t64
12K	/usr/share/doc/libpcsclite1
16K	/usr/share/doc/node-mixin-deep
12K	/usr/share/doc/libdevmapper-event1.02.1
16K	/usr/share/doc/node-strip-bom
12K	/usr/share/doc/libsm6
8.0K	/usr/share/doc/openssh-client/examples
92K	/usr/share/doc/openssh-client
128K	/usr/share/doc/packagekit
16K	/usr/share/doc/libheif1
8.0K	/usr/share/doc/node-path-parse
88K	/usr/share/doc/time
36K	/usr/share/doc/librdmacm1t64
12K	/usr/share/doc/bind9-host
52K	/usr/share/doc/open-iscsi
12K	/usr/share/doc/libtokyocabinet9t64
16K	/usr/share/doc/node-slice-ansi
8.0K	/usr/share/doc/node-regjsgen/examples
24K	/usr/share/doc/node-regjsgen
40K	/usr/share/doc/libppd2
12K	/usr/share/doc/libisns0t64
12K	/usr/share/doc/libxmuu1
16K	/usr/share/doc/node-base64-js
8.0K	/usr/share/doc/strace/examples
48K	/usr/share/doc/strace
56K	/usr/share/doc/libxslt1.1
16K	/usr/share/doc/node-ip
12K	/usr/share/doc/python3-distro
52K	/usr/share/doc/install-info
12K	/usr/share/doc/libgmime-3.0-0t64
16K	/usr/share/doc/libxi6
12K	/usr/share/doc/libparams-util-perl
12K	/usr/share/doc/python3-systemd
8.0K	/usr/share/doc/libtraceevent1-plugin
12K	/usr/share/doc/libre2-10
16K	/usr/share/doc/ssl-cert
8.0K	/usr/share/doc/libio-stringy-perl/examples
20K	/usr/share/doc/libio-stringy-perl
12K	/usr/share/doc/alsa-ucm-conf
20K	/usr/share/doc/libbpf1
12K	/usr/share/doc/libwayland-server0
20K	/usr/share/doc/libhttp-parser2.9
16K	/usr/share/doc/node-p-locate
20K	/usr/share/doc/libpoppler-glib8t64
44K	/usr/share/doc/libllvm14t64
28K	/usr/share/doc/rfkill
16K	/usr/share/doc/cron-daemon-common
80K	/usr/share/doc/make
16K	/usr/share/doc/libjson-glib-1.0-0
28K	/usr/share/doc/libnm0
40K	/usr/share/doc/libcupsfilters2t64
28K	/usr/share/doc/libssh-4
20K	/usr/share/doc/python3-jwt
20K	/usr/share/doc/e2fsprogs-l10n
12K	/usr/share/doc/binutils/bfd
24K	/usr/share/doc/binutils/ld
20K	/usr/share/doc/binutils/gas
16K	/usr/share/doc/binutils/gprof
100K	/usr/share/doc/binutils
12K	/usr/share/doc/liblvm2cmd2.03
20K	/usr/share/doc/libheif-plugin-aomdec
44K	/usr/share/doc/libio-socket-ssl-perl/examples
64K	/usr/share/doc/libio-socket-ssl-perl
20K	/usr/share/doc/cpio
32K	/usr/share/doc/logsave
40K	/usr/share/doc/libuv1t64
16K	/usr/share/doc/elpa-notmuch
92K	/usr/share/doc/libpoppler134
20K	/usr/share/doc/usb-modeswitch-data
36K	/usr/share/doc/libgdk-pixbuf-2.0-0
28K	/usr/share/doc/libtdb1
8.0K	/usr/share/doc/libmbim-proxy
16K	/usr/share/doc/libmd0
8.0K	/usr/share/doc/libblockdev-mdraid3
20K	/usr/share/doc/libxaw7
16K	/usr/share/doc/python3-apt
8.0K	/usr/share/doc/libblockdev-fs3
140K	/usr/share/doc/linux-image-6.1.0-1025-rockchip
12K	/usr/share/doc/libnetfilter-conntrack3
12K	/usr/share/doc/motd-news-config
16K	/usr/share/doc/libtcl8.6
20K	/usr/share/doc/gettext-base
16K	/usr/share/doc/node-inflight
12K	/usr/share/doc/node-diff/examples
60K	/usr/share/doc/node-diff
44K	/usr/share/doc/nodejs/api/assets
25M	/usr/share/doc/nodejs/api
11M	/usr/share/doc/nodejs/changelogs
540K	/usr/share/doc/nodejs/contributing/doc_img
96K	/usr/share/doc/nodejs/contributing/maintaining
1.1M	/usr/share/doc/nodejs/contributing
48K	/usr/share/doc/nodejs/api_assets
37M	/usr/share/doc/nodejs
12K	/usr/share/doc/libgpm2
60K	/usr/share/doc/tar
12K	/usr/share/doc/usb.ids
24K	/usr/share/doc/libvolume-key1
32K	/usr/share/doc/libcom-err2
16K	/usr/share/doc/python3-twisted
12K	/usr/share/doc/libmpc3
12K	/usr/share/doc/python3-openssl
16K	/usr/share/doc/node-encoding
8.0K	/usr/share/doc/camera-engine-rkaiq-rk3588
36K	/usr/share/doc/python3-setuptools
16K	/usr/share/doc/rustup
16K	/usr/share/doc/node-async-each
8.0K	/usr/share/doc/dconf-service
16K	/usr/share/doc/handlebars
8.0K	/usr/share/doc/needrestart/examples
56K	/usr/share/doc/needrestart
28K	/usr/share/doc/cups-filters
28K	/usr/share/doc/libfribidi0
12K	/usr/share/doc/libwww-robotrules-perl
12K	/usr/share/doc/libhttp-cookies-perl
12K	/usr/share/doc/libhtml-form-perl
168K	/usr/share/doc/device-tree-compiler
28K	/usr/share/doc/libtirpc-common
84K	/usr/share/doc/ghostscript
8.0K	/usr/share/doc/libblockdev-loop3
12K	/usr/share/doc/libxcomposite1
28K	/usr/share/doc/bsdextrautils
12K	/usr/share/doc/libtimedate-perl
16K	/usr/share/doc/python3-pyparsing
76K	/usr/share/doc/libkrb5support0
12K	/usr/share/doc/libxmlb2
12K	/usr/share/doc/dmeventd
16K	/usr/share/doc/python3-oauthlib
28K	/usr/share/doc/eject
12K	/usr/share/doc/libfile-fcntllock-perl
12K	/usr/share/doc/dmsetup
20K	/usr/share/doc/ntfs-3g
140K	/usr/share/doc/linux-modules-6.1.0-1025-rockchip
20K	/usr/share/doc/libjs-prettify
12K	/usr/share/doc/gyp
8.0K	/usr/share/doc/ubuntu-pro-client-l10n
8.0K	/usr/share/doc/node-jsonparse/examples
20K	/usr/share/doc/node-jsonparse
32K	/usr/share/doc/git-man
12K	/usr/share/doc/libreiserfscore0t64
8.0K	/usr/share/doc/attr
44K	/usr/share/doc/cryptsetup-initramfs
8.0K	/usr/share/doc/node-is-typedarray
28K	/usr/share/doc/libdconf1
24K	/usr/share/doc/xfonts-utils
12K	/usr/share/doc/liblouisutdml-data
12K	/usr/share/doc/python3-decorator
12K	/usr/share/doc/autossh/examples
40K	/usr/share/doc/autossh
12K	/usr/share/doc/python3-click
16K	/usr/share/doc/node-abbrev
8.0K	/usr/share/doc/libintl-perl/examples/simplecal/bin
68K	/usr/share/doc/libintl-perl/examples/simplecal/po
8.0K	/usr/share/doc/libintl-perl/examples/simplecal/lib
112K	/usr/share/doc/libintl-perl/examples/simplecal
140K	/usr/share/doc/libintl-perl/examples
168K	/usr/share/doc/libintl-perl
12K	/usr/share/doc/libavahi-common3
16K	/usr/share/doc/node-get-caller-file
32K	/usr/share/doc/libc-bin
12K	/usr/share/doc/libduktape207
16K	/usr/share/doc/node-is-windows
20K	/usr/share/doc/node-minimatch
60K	/usr/share/doc/gir1.2-glib-2.0
32K	/usr/share/doc/libgstreamer1.0-0
16K	/usr/share/doc/node-text-table
8.0K	/usr/share/doc/cups/examples
36K	/usr/share/doc/cups
2.1M	/usr/share/doc/libboost-iostreams1.83.0
16K	/usr/share/doc/node-quick-lru
20K	/usr/share/doc/readline-common
108K	/usr/share/doc/dirmngr
12K	/usr/share/doc/lxd-installer
36K	/usr/share/doc/node-caniuse-lite
20K	/usr/share/doc/hdparm/wiper
8.0K	/usr/share/doc/hdparm/contrib
52K	/usr/share/doc/hdparm
12K	/usr/share/doc/python3-importlib-metadata
12K	/usr/share/doc/xdg-user-dirs
8.0K	/usr/share/doc/node-define-property/examples
24K	/usr/share/doc/node-define-property
12K	/usr/share/doc/libxxf86vm1
12K	/usr/share/doc/zram-config
16K	/usr/share/doc/node-p-map
44K	/usr/share/doc/bluez
36K	/usr/share/doc/libsasl2-2
20K	/usr/share/doc/libdrm-nouveau2
44K	/usr/share/doc/libuuid1
16K	/usr/share/doc/liblouis20
16K	/usr/share/doc/python-apt-common
16K	/usr/share/doc/powermgmt-base
8.0K	/usr/share/doc/libxmlsec1t64-openssl
64K	/usr/share/doc/fonts-urw-base35
8.0K	/usr/share/doc/passwd/examples
40K	/usr/share/doc/passwd
68K	/usr/share/doc/libldb2
24K	/usr/share/doc/libelf1t64
12K	/usr/share/doc/liblz4-1
12K	/usr/share/doc/libsgutils2-1.46-2
12K	/usr/share/doc/libalgorithm-diff-xs-perl
12K	/usr/share/doc/libcares2
24K	/usr/share/doc/cups-common
16K	/usr/share/doc/libpopt0
16K	/usr/share/doc/python3-msgpack
24K	/usr/share/doc/base-files
52K	/usr/share/doc/xxd
32K	/usr/share/doc/libfuse3-3
60K	/usr/share/doc/poppler-data
16K	/usr/share/doc/node-color-name
16K	/usr/share/doc/python3-jsonpatch
12K	/usr/share/doc/cups-client
56K	/usr/share/doc/cron/examples
100K	/usr/share/doc/cron
56K	/usr/share/doc/udisks2
16K	/usr/share/doc/libdevmapper1.02.1
56K	/usr/share/doc/libx11-data
8.0K	/usr/share/doc/libqmi-utils
12K	/usr/share/doc/python3-hyperlink
12K	/usr/share/doc/python3-commandnotfound
20K	/usr/share/doc/libssh2-1t64
8.0K	/usr/share/doc/plymouth-theme-ubuntu-text
12K	/usr/share/doc/apport-symptoms
12K	/usr/share/doc/libhttp-date-perl
16K	/usr/share/doc/node-is-binary-path
16K	/usr/share/doc/multipath-tools
16K	/usr/share/doc/node-is-extendable
16K	/usr/share/doc/node-signal-exit
120K	/usr/share/doc/python3-serial/examples
136K	/usr/share/doc/python3-serial
16K	/usr/share/doc/node-require-directory
8.0K	/usr/share/doc/node-balanced-match/examples
24K	/usr/share/doc/node-balanced-match
20K	/usr/share/doc/cryptsetup-bin
20K	/usr/share/doc/libtinfo6
16K	/usr/share/doc/libppd2-common
32K	/usr/share/doc/apparmor
16K	/usr/share/doc/libprotobuf32t64
28K	/usr/share/doc/libgl1-mesa-dri
56K	/usr/share/doc/python3-lazr.restfulclient
16K	/usr/share/doc/node-graceful-fs
16K	/usr/share/doc/node-ansi-styles
20K	/usr/share/doc/dash
16K	/usr/share/doc/bcache-tools
20K	/usr/share/doc/node-ssri
12K	/usr/share/doc/lm-sensors/examples/hotplug
28K	/usr/share/doc/lm-sensors/examples/tellerstats
8.0K	/usr/share/doc/lm-sensors/examples/daemon
52K	/usr/share/doc/lm-sensors/examples
84K	/usr/share/doc/lm-sensors
16K	/usr/share/doc/node-pascalcase
40K	/usr/share/doc/fonts-ubuntu-console
20K	/usr/share/doc/node-jsesc
48K	/usr/share/doc/libfreetype6
12K	/usr/share/doc/iputils-ping
28K	/usr/share/doc/node-tslib
12K	/usr/share/doc/libntfs-3g89t64
16K	/usr/share/doc/node-path-is-absolute
16K	/usr/share/doc/fonts-droid-fallback
12K	/usr/share/doc/ubuntu-keyring
16K	/usr/share/doc/node-for-in
36K	/usr/share/doc/ibverbs-providers
16K	/usr/share/doc/secureboot-db
24K	/usr/share/doc/node-fetch
12K	/usr/share/doc/libmagic1t64
20K	/usr/share/doc/libproc-processtable-perl/examples
44K	/usr/share/doc/libproc-processtable-perl
20K	/usr/share/doc/tcl8.6
16K	/usr/share/doc/node-prelude-ls
12K	/usr/share/doc/shellcheck
8.0K	/usr/share/doc/libhtml-tree-perl/examples
28K	/usr/share/doc/libhtml-tree-perl
16K	/usr/share/doc/perl-openssl-defaults
24K	/usr/share/doc/node-minipass
16K	/usr/share/doc/node-core-js
24K	/usr/share/doc/node-write-file-atomic
52K	/usr/share/doc/libx11-xcb1
12K	/usr/share/doc/libsnapd-glib-2-1
16K	/usr/share/doc/libisl23
16K	/usr/share/doc/libdw1t64
24K	/usr/share/doc/dmidecode
20K	/usr/share/doc/node-chrome-trace-event/examples
36K	/usr/share/doc/node-chrome-trace-event
16K	/usr/share/doc/networkd-dispatcher
16K	/usr/share/doc/node-fast-deep-equal
12K	/usr/share/doc/finalrd
20K	/usr/share/doc/plymouth
108K	/usr/share/doc/dbus-system-bus-common
16K	/usr/share/doc/node-v8flags
36K	/usr/share/doc/node-serialize-javascript
2.1M	/usr/share/doc/libboost-locale1.83.0
108K	/usr/share/doc/systemd-dev
24K	/usr/share/doc/dh-elpa-helper
20K	/usr/share/doc/libpoppler-cpp0t64
44K	/usr/share/doc/jq
16K	/usr/share/doc/node-restore-cursor
16K	/usr/share/doc/node-defaults
12K	/usr/share/doc/lxd-agent-loader
12K	/usr/share/doc/libxfixes3
16K	/usr/share/doc/node-pkg-dir
12K	/usr/share/doc/libhtml-format-perl
104K	/usr/share/doc/libv4lconvert0t64
36K	/usr/share/doc/libc6-dev
12K	/usr/share/doc/libbytesize1
16K	/usr/share/doc/file
16K	/usr/share/doc/python3-zope.interface
100M	/usr/share/doc
12K	/usr/share/apport/testsuite
84K	/usr/share/apport/general-hooks
188K	/usr/share/apport/package-hooks
64K	/usr/share/apport/symptoms
464K	/usr/share/apport
20K	/usr/share/aclocal
172K	/usr/share/man/man4
32K	/usr/share/man/fr/man7
304K	/usr/share/man/fr/man8
296K	/usr/share/man/fr/man5
548K	/usr/share/man/fr/man1
1.2M	/usr/share/man/fr
88K	/usr/share/man/zh_CN/man8
28K	/usr/share/man/zh_CN/man5
84K	/usr/share/man/zh_CN/man1
204K	/usr/share/man/zh_CN
88K	/usr/share/man/uk/man8
28K	/usr/share/man/uk/man5
240K	/usr/share/man/uk/man1
20K	/usr/share/man/uk/man3
380K	/usr/share/man/uk
96K	/usr/share/man/es/man8
28K	/usr/share/man/es/man5
124K	/usr/share/man/es/man1
252K	/usr/share/man/es
1.6M	/usr/share/man/man2
16K	/usr/share/man/sr/man8
8.0K	/usr/share/man/sr/man5
76K	/usr/share/man/sr/man1
104K	/usr/share/man/sr
8.0K	/usr/share/man/man6
2.1M	/usr/share/man/man7
32K	/usr/share/man/zh_TW/man8
8.0K	/usr/share/man/zh_TW/man5
16K	/usr/share/man/zh_TW/man1
60K	/usr/share/man/zh_TW
8.0K	/usr/share/man/hu/man8
8.0K	/usr/share/man/hu/man5
24K	/usr/share/man/hu/man1
44K	/usr/share/man/hu
40K	/usr/share/man/de/man7
268K	/usr/share/man/de/man8
300K	/usr/share/man/de/man5
592K	/usr/share/man/de/man1
1.2M	/usr/share/man/de
20K	/usr/share/man/ko/man8
12K	/usr/share/man/ko/man5
132K	/usr/share/man/ko/man1
168K	/usr/share/man/ko
24K	/usr/share/man/sl/man8
8.0K	/usr/share/man/sl/man1
36K	/usr/share/man/sl
20K	/usr/share/man/id/man8
8.0K	/usr/share/man/id/man5
56K	/usr/share/man/id/man1
88K	/usr/share/man/id
24K	/usr/share/man/ro/man8
12K	/usr/share/man/ro/man5
248K	/usr/share/man/ro/man1
16K	/usr/share/man/ro/man3
304K	/usr/share/man/ro
16K	/usr/share/man/nl/man7
72K	/usr/share/man/nl/man8
200K	/usr/share/man/nl/man5
296K	/usr/share/man/nl/man1
588K	/usr/share/man/nl
60K	/usr/share/man/pt_BR/man8
20K	/usr/share/man/pt_BR/man5
160K	/usr/share/man/pt_BR/man1
244K	/usr/share/man/pt_BR
140K	/usr/share/man/it/man8
68K	/usr/share/man/it/man5
116K	/usr/share/man/it/man1
328K	/usr/share/man/it
28K	/usr/share/man/hr/man1
32K	/usr/share/man/hr
4.9M	/usr/share/man/man8
3.4M	/usr/share/man/man5
104K	/usr/share/man/ru/man8
32K	/usr/share/man/ru/man5
168K	/usr/share/man/ru/man1
308K	/usr/share/man/ru
36K	/usr/share/man/cs/man8
20K	/usr/share/man/cs/man5
12K	/usr/share/man/cs/man1
72K	/usr/share/man/cs
40K	/usr/share/man/tr/man8
16K	/usr/share/man/tr/man5
80K	/usr/share/man/tr/man1
140K	/usr/share/man/tr
128K	/usr/share/man/ja/man8
64K	/usr/share/man/ja/man5
128K	/usr/share/man/ja/man1
324K	/usr/share/man/ja
12K	/usr/share/man/fi/man1
16K	/usr/share/man/fi
12K	/usr/share/man/sv/man7
76K	/usr/share/man/sv/man8
152K	/usr/share/man/sv/man5
416K	/usr/share/man/sv/man1
16K	/usr/share/man/sv/man3
676K	/usr/share/man/sv
104K	/usr/share/man/pl/man8
32K	/usr/share/man/pl/man5
124K	/usr/share/man/pl/man1
16K	/usr/share/man/pl/man3
280K	/usr/share/man/pl
7.7M	/usr/share/man/man1
8.0K	/usr/share/man/man9
5.9M	/usr/share/man/man3
36K	/usr/share/man/pt/man7
148K	/usr/share/man/pt/man8
256K	/usr/share/man/pt/man5
400K	/usr/share/man/pt/man1
844K	/usr/share/man/pt
32K	/usr/share/man/da/man8
12K	/usr/share/man/da/man5
88K	/usr/share/man/da/man1
136K	/usr/share/man/da
34M	/usr/share/man
308K	/usr/share/terminfo/m
660K	/usr/share/terminfo/t
4.0K	/usr/share/terminfo/7
56K	/usr/share/terminfo/z
156K	/usr/share/terminfo/b
4.0K	/usr/share/terminfo/X
4.0K	/usr/share/terminfo/8
16K	/usr/share/terminfo/j
4.0K	/usr/share/terminfo/3
20K	/usr/share/terminfo/u
4.0K	/usr/share/terminfo/A
532K	/usr/share/terminfo/n
972K	/usr/share/terminfo/a
4.0K	/usr/share/terminfo/5
580K	/usr/share/terminfo/d
16K	/usr/share/terminfo/M
252K	/usr/share/terminfo/i
8.0K	/usr/share/terminfo/9
128K	/usr/share/terminfo/k
116K	/usr/share/terminfo/o
128K	/usr/share/terminfo/l
4.0K	/usr/share/terminfo/L
76K	/usr/share/terminfo/f
4.0K	/usr/share/terminfo/Q
100K	/usr/share/terminfo/e
168K	/usr/share/terminfo/g
392K	/usr/share/terminfo/h
16K	/usr/share/terminfo/E
460K	/usr/share/terminfo/v
4.0K	/usr/share/terminfo/P
4.0K	/usr/share/terminfo/4
332K	/usr/share/terminfo/c
4.0K	/usr/share/terminfo/N
4.0K	/usr/share/terminfo/2
652K	/usr/share/terminfo/x
108K	/usr/share/terminfo/q
488K	/usr/share/terminfo/w
432K	/usr/share/terminfo/s
420K	/usr/share/terminfo/p
4.0K	/usr/share/terminfo/1
4.0K	/usr/share/terminfo/6
128K	/usr/share/terminfo/r
7.6M	/usr/share/terminfo
512K	/usr/share/ca-certificates/mozilla
516K	/usr/share/ca-certificates
20K	/usr/share/debianutils/shells.d
28K	/usr/share/debianutils
16K	/usr/share/sgml-base
12K	/usr/share/iptables
28K	/usr/share/libdrm
8.0K	/usr/share/thumbnailers
40K	/usr/share/pixmaps
336K	/usr/share/liblouisutdml/lbu_files
340K	/usr/share/liblouisutdml
52K	/usr/share/byobu/keybindings
12K	/usr/share/byobu/status
12K	/usr/share/byobu/desktop
20K	/usr/share/byobu/pixmaps
44K	/usr/share/byobu/profiles
8.0K	/usr/share/byobu/tests
8.0K	/usr/share/byobu/windows
160K	/usr/share/byobu
8.0K	/usr/share/dnsmasq-base
4.0K	/usr/share/xml/entities
4.0K	/usr/share/xml/declaration
8.0K	/usr/share/xml/polkit-1
4.0K	/usr/share/xml/misc
20K	/usr/share/xml/schema/xml-core
24K	/usr/share/xml/schema
1.5M	/usr/share/xml/iso-codes
16K	/usr/share/xml/fontconfig
1.6M	/usr/share/xml
12K	/usr/share/distro-info
264K	/usr/share/common-licenses
20K	/usr/share/tabset
32K	/usr/share/ufw/iptables
528K	/usr/share/ufw/messages
608K	/usr/share/ufw
12K	/usr/share/emacsen-common
336K	/usr/share/publicsuffix
12K	/usr/share/cryptsetup/initramfs/bin
16K	/usr/share/cryptsetup/initramfs
20K	/usr/share/cryptsetup
12K	/usr/share/sensible-utils/bin
16K	/usr/share/sensible-utils
72K	/usr/share/rsync/scripts
76K	/usr/share/rsync
156K	/usr/share/snmp/mibs
500K	/usr/share/snmp/mib2c-data
660K	/usr/share/snmp
48K	/usr/share/zoneinfo/Indian
220K	/usr/share/zoneinfo/Europe
44K	/usr/share/zoneinfo/Atlantic
48K	/usr/share/zoneinfo/Antarctica
4.0K	/usr/share/zoneinfo/Arctic
212K	/usr/share/zoneinfo/Africa
36K	/usr/share/zoneinfo/America/Indiana
52K	/usr/share/zoneinfo/America/Argentina
16K	/usr/share/zoneinfo/America/North_Dakota
12K	/usr/share/zoneinfo/America/Kentucky
596K	/usr/share/zoneinfo/America
116K	/usr/share/zoneinfo/Etc
340K	/usr/share/zoneinfo/Asia
156K	/usr/share/zoneinfo/Pacific
48K	/usr/share/zoneinfo/Australia
2.1M	/usr/share/zoneinfo
8.0K	/usr/share/ModemManager/connection.available.d
24K	/usr/share/ModemManager/fcc-unlock.available.d
40K	/usr/share/ModemManager
12K	/usr/share/secureboot/updates/dbx
16K	/usr/share/secureboot/updates
20K	/usr/share/secureboot
56K	/usr/share/console-setup
8.0K	/usr/share/landscape
100K	/usr/share/colord/ti1
12K	/usr/share/colord/cmf
20K	/usr/share/colord/ref
256K	/usr/share/colord/icons
92K	/usr/share/colord/illuminant
484K	/usr/share/colord
32K	/usr/share/xfsprogs/mkfs
40K	/usr/share/xfsprogs
16K	/usr/share/debhelper/autoscripts
20K	/usr/share/debhelper
912K	/usr/share/polkit-1/actions
28K	/usr/share/polkit-1/rules.d
948K	/usr/share/polkit-1
8.0K	/usr/share/u-boot-menu/conf.d
16K	/usr/share/u-boot-menu
8.0K	/usr/share/util-linux/logcheck/ignore.d.server
12K	/usr/share/util-linux/logcheck
16K	/usr/share/util-linux
8.0K	/usr/share/glvnd/egl_vendor.d
12K	/usr/share/glvnd
8.0K	/usr/share/avahi
16K	/usr/share/poppler/nameToUnicode
456K	/usr/share/poppler/cidToUnicode
3.5M	/usr/share/poppler/cMap/Adobe-Japan1
8.0K	/usr/share/poppler/cMap/Adobe-Japan2
2.7M	/usr/share/poppler/cMap/Adobe-GB1
1.7M	/usr/share/poppler/cMap/Adobe-Korea1
2.9M	/usr/share/poppler/cMap/Adobe-CNS1
900K	/usr/share/poppler/cMap/Adobe-KR
12M	/usr/share/poppler/cMap
824K	/usr/share/poppler/unicodeMap
13M	/usr/share/poppler
56K	/usr/share/ubuntu-release-upgrader
68K	/usr/share/keyrings
8.0K	/usr/share/rsyslog
4.0K	/usr/share/ppd/custom
108K	/usr/share/ppd/cupsfilters
116K	/usr/share/ppd
2.1M	/usr/share/misc
31M	/usr/share/python-babel-localedata/locale-data
31M	/usr/share/python-babel-localedata
44K	/usr/share/pastebin.d
20K	/usr/share/elvish/lib
24K	/usr/share/elvish
3.1M	/usr/share/bash-completion/completions
12K	/usr/share/bash-completion/helpers
3.2M	/usr/share/bash-completion
24K	/usr/share/usb_modeswitch
8.0K	/usr/share/snapd
36K	/usr/share/open-vm-tools/messages/fr
4.0K	/usr/share/open-vm-tools/messages/zh_CN
36K	/usr/share/open-vm-tools/messages/es
4.0K	/usr/share/open-vm-tools/messages/zh_TW
4.0K	/usr/share/open-vm-tools/messages/de
4.0K	/usr/share/open-vm-tools/messages/ko
4.0K	/usr/share/open-vm-tools/messages/it
32K	/usr/share/open-vm-tools/messages/en
36K	/usr/share/open-vm-tools/messages/ja
164K	/usr/share/open-vm-tools/messages
168K	/usr/share/open-vm-tools
8.0K	/usr/share/PackageKit/helpers/test_spawn
8.0K	/usr/share/PackageKit/helpers/apt
20K	/usr/share/PackageKit/helpers
24K	/usr/share/PackageKit
36K	/usr/share/pkgconfig
36K	/usr/share/lto-disabled-list
108K	/usr/share/python-apt/templates
112K	/usr/share/python-apt
12K	/usr/share/man-db
2.7M	/usr/share/consolefonts
8.0K	/usr/share/appstream
80K	/usr/share/locale/bs/LC_MESSAGES
84K	/usr/share/locale/bs
504K	/usr/share/locale/pa/LC_MESSAGES
508K	/usr/share/locale/pa
12K	/usr/share/locale/ln/LC_MESSAGES
16K	/usr/share/locale/ln
28K	/usr/share/locale/ckb/LC_MESSAGES
32K	/usr/share/locale/ckb
40K	/usr/share/locale/my/LC_MESSAGES
44K	/usr/share/locale/my
8.0K	/usr/share/locale/kl/LC_MESSAGES
12K	/usr/share/locale/kl
4.0K	/usr/share/locale/fr/LC_TIME
1.1M	/usr/share/locale/fr/LC_MESSAGES
1.1M	/usr/share/locale/fr
8.0K	/usr/share/locale/qu/LC_MESSAGES
12K	/usr/share/locale/qu
16K	/usr/share/locale/wal/LC_MESSAGES
20K	/usr/share/locale/wal
4.0K	/usr/share/locale/zh_CN/LC_TIME
604K	/usr/share/locale/zh_CN/LC_MESSAGES
612K	/usr/share/locale/zh_CN
16K	/usr/share/locale/gv/LC_MESSAGES
20K	/usr/share/locale/gv
4.0K	/usr/share/locale/et/LC_TIME
212K	/usr/share/locale/et/LC_MESSAGES
220K	/usr/share/locale/et
4.0K	/usr/share/locale/uk/LC_TIME
1.2M	/usr/share/locale/uk/LC_MESSAGES
1.2M	/usr/share/locale/uk
20K	/usr/share/locale/ru_UA/LC_MESSAGES
24K	/usr/share/locale/ru_UA
92K	/usr/share/locale/fa/LC_MESSAGES
96K	/usr/share/locale/fa
4.0K	/usr/share/locale/es/LC_TIME
516K	/usr/share/locale/es/LC_MESSAGES
524K	/usr/share/locale/es
8.0K	/usr/share/locale/iu/LC_MESSAGES
12K	/usr/share/locale/iu
12K	/usr/share/locale/sd/LC_MESSAGES
16K	/usr/share/locale/sd
16K	/usr/share/locale/io/LC_MESSAGES
20K	/usr/share/locale/io
36K	/usr/share/locale/az/LC_MESSAGES
40K	/usr/share/locale/az
12K	/usr/share/locale/chr/LC_MESSAGES
16K	/usr/share/locale/chr
4.0K	/usr/share/locale/ga/LC_TIME
144K	/usr/share/locale/ga/LC_MESSAGES
152K	/usr/share/locale/ga
24K	/usr/share/locale/fo/LC_MESSAGES
28K	/usr/share/locale/fo
4.0K	/usr/share/locale/gl/LC_TIME
544K	/usr/share/locale/gl/LC_MESSAGES
552K	/usr/share/locale/gl
8.0K	/usr/share/locale/pt_PT/LC_MESSAGES
12K	/usr/share/locale/pt_PT
8.0K	/usr/share/locale/ceb/LC_MESSAGES
12K	/usr/share/locale/ceb
16K	/usr/share/locale/son/LC_MESSAGES
20K	/usr/share/locale/son
32K	/usr/share/locale/wo/LC_MESSAGES
36K	/usr/share/locale/wo
604K	/usr/share/locale/th/LC_MESSAGES
608K	/usr/share/locale/th
20K	/usr/share/locale/mnw/LC_MESSAGES
24K	/usr/share/locale/mnw
8.0K	/usr/share/locale/ak/LC_MESSAGES
12K	/usr/share/locale/ak
8.0K	/usr/share/locale/se/LC_MESSAGES
12K	/usr/share/locale/se
128K	/usr/share/locale/ar/LC_MESSAGES
132K	/usr/share/locale/ar
8.0K	/usr/share/locale/bo/LC_MESSAGES
12K	/usr/share/locale/bo
12K	/usr/share/locale/ab/LC_MESSAGES
16K	/usr/share/locale/ab
4.0K	/usr/share/locale/sr/LC_TIME
476K	/usr/share/locale/sr/LC_MESSAGES
484K	/usr/share/locale/sr
48K	/usr/share/locale/mt/LC_MESSAGES
52K	/usr/share/locale/mt
8.0K	/usr/share/locale/st/LC_MESSAGES
12K	/usr/share/locale/st
20K	/usr/share/locale/csb/LC_MESSAGES
24K	/usr/share/locale/csb
12K	/usr/share/locale/nv/LC_MESSAGES
16K	/usr/share/locale/nv
8.0K	/usr/share/locale/pap/LC_MESSAGES
12K	/usr/share/locale/pap
16K	/usr/share/locale/en_CA/LC_MESSAGES
20K	/usr/share/locale/en_CA
184K	/usr/share/locale/ne/LC_MESSAGES
188K	/usr/share/locale/ne
76K	/usr/share/locale/hy/LC_MESSAGES
80K	/usr/share/locale/hy
32K	/usr/share/locale/mi/LC_MESSAGES
36K	/usr/share/locale/mi
16K	/usr/share/locale/pi/LC_MESSAGES
20K	/usr/share/locale/pi
8.0K	/usr/share/locale/lb/LC_MESSAGES
12K	/usr/share/locale/lb
32K	/usr/share/locale/cv/LC_MESSAGES
36K	/usr/share/locale/cv
8.0K	/usr/share/locale/de_DE/LC_MESSAGES
12K	/usr/share/locale/de_DE
12K	/usr/share/locale/haw/LC_MESSAGES
16K	/usr/share/locale/haw
32K	/usr/share/locale/tig/LC_MESSAGES
36K	/usr/share/locale/tig
460K	/usr/share/locale/kn/LC_MESSAGES
464K	/usr/share/locale/kn
16K	/usr/share/locale/frp/LC_MESSAGES
20K	/usr/share/locale/frp
76K	/usr/share/locale/hi/LC_MESSAGES
80K	/usr/share/locale/hi
20K	/usr/share/locale/tzm/LC_MESSAGES
24K	/usr/share/locale/tzm
76K	/usr/share/locale/wa/LC_MESSAGES
80K	/usr/share/locale/wa
4.0K	/usr/share/locale/eo/LC_TIME
412K	/usr/share/locale/eo/LC_MESSAGES
420K	/usr/share/locale/eo
124K	/usr/share/locale/he/LC_MESSAGES
128K	/usr/share/locale/he
156K	/usr/share/locale/en_GB/LC_MESSAGES
160K	/usr/share/locale/en_GB
8.0K	/usr/share/locale/bem/LC_MESSAGES
12K	/usr/share/locale/bem
16K	/usr/share/locale/ca@valencia/LC_MESSAGES
20K	/usr/share/locale/ca@valencia
4.0K	/usr/share/locale/lg/LC_TIME
8.0K	/usr/share/locale/lg
8.0K	/usr/share/locale/shn/LC_MESSAGES
12K	/usr/share/locale/shn
48K	/usr/share/locale/fil/LC_MESSAGES
52K	/usr/share/locale/fil
12K	/usr/share/locale/nds/LC_MESSAGES
16K	/usr/share/locale/nds
4.0K	/usr/share/locale/ms/LC_TIME
44K	/usr/share/locale/ms/LC_MESSAGES
52K	/usr/share/locale/ms
4.0K	/usr/share/locale/zh_TW/LC_TIME
352K	/usr/share/locale/zh_TW/LC_MESSAGES
360K	/usr/share/locale/zh_TW
4.0K	/usr/share/locale/hu/LC_TIME
516K	/usr/share/locale/hu/LC_MESSAGES
524K	/usr/share/locale/hu
20K	/usr/share/locale/ur/LC_MESSAGES
24K	/usr/share/locale/ur
4.0K	/usr/share/locale/de/LC_TIME
1.2M	/usr/share/locale/de/LC_MESSAGES
1.2M	/usr/share/locale/de
16K	/usr/share/locale/gn/LC_MESSAGES
20K	/usr/share/locale/gn
28K	/usr/share/locale/nso/LC_MESSAGES
32K	/usr/share/locale/nso
8.0K	/usr/share/locale/ff/LC_MESSAGES
12K	/usr/share/locale/ff
4.0K	/usr/share/locale/ko/LC_TIME
316K	/usr/share/locale/ko/LC_MESSAGES
324K	/usr/share/locale/ko
44K	/usr/share/locale/ky/LC_MESSAGES
48K	/usr/share/locale/ky
4.0K	/usr/share/locale/sl/LC_TIME
248K	/usr/share/locale/sl/LC_MESSAGES
256K	/usr/share/locale/sl
208K	/usr/share/locale/sc/LC_MESSAGES
212K	/usr/share/locale/sc
12K	/usr/share/locale/na/LC_MESSAGES
16K	/usr/share/locale/na
4.0K	/usr/share/locale/sk/LC_TIME
444K	/usr/share/locale/sk/LC_MESSAGES
452K	/usr/share/locale/sk
516K	/usr/share/locale/ast/LC_MESSAGES
520K	/usr/share/locale/ast
28K	/usr/share/locale/ps/LC_MESSAGES
32K	/usr/share/locale/ps
4.0K	/usr/share/locale/bg/LC_TIME
276K	/usr/share/locale/bg/LC_MESSAGES
284K	/usr/share/locale/bg
292K	/usr/share/locale/or/LC_MESSAGES
296K	/usr/share/locale/or
320K	/usr/share/locale/crh/LC_MESSAGES
324K	/usr/share/locale/crh
212K	/usr/share/locale/nb_NO/LC_MESSAGES
216K	/usr/share/locale/nb_NO
8.0K	/usr/share/locale/ee/LC_MESSAGES
12K	/usr/share/locale/ee
4.0K	/usr/share/locale/af/LC_TIME
60K	/usr/share/locale/af/LC_MESSAGES
68K	/usr/share/locale/af
4.0K	/usr/share/locale/id/LC_TIME
696K	/usr/share/locale/id/LC_MESSAGES
704K	/usr/share/locale/id
252K	/usr/share/locale/is/LC_MESSAGES
256K	/usr/share/locale/is
12K	/usr/share/locale/ha/LC_MESSAGES
16K	/usr/share/locale/ha
4.0K	/usr/share/locale/nb/LC_TIME
152K	/usr/share/locale/nb/LC_MESSAGES
160K	/usr/share/locale/nb
4.0K	/usr/share/locale/eu/LC_TIME
368K	/usr/share/locale/eu/LC_MESSAGES
376K	/usr/share/locale/eu
16K	/usr/share/locale/jam/LC_MESSAGES
20K	/usr/share/locale/jam
12K	/usr/share/locale/zh_Hant/LC_MESSAGES
16K	/usr/share/locale/zh_Hant
124K	/usr/share/locale/tl/LC_MESSAGES
128K	/usr/share/locale/tl
8.0K	/usr/share/locale/zh_Hans/LC_MESSAGES
12K	/usr/share/locale/zh_Hans
4.0K	/usr/share/locale/ro/LC_TIME
628K	/usr/share/locale/ro/LC_MESSAGES
636K	/usr/share/locale/ro
16K	/usr/share/locale/sw/LC_MESSAGES
20K	/usr/share/locale/sw
8.0K	/usr/share/locale/sa/LC_MESSAGES
12K	/usr/share/locale/sa
52K	/usr/share/locale/tt/LC_MESSAGES
56K	/usr/share/locale/tt
36K	/usr/share/locale/ti/LC_MESSAGES
40K	/usr/share/locale/ti
148K	/usr/share/locale/nn/LC_MESSAGES
152K	/usr/share/locale/nn
52K	/usr/share/locale/kab/LC_MESSAGES
56K	/usr/share/locale/kab
4.0K	/usr/share/locale/ta/LC_TIME
572K	/usr/share/locale/ta/LC_MESSAGES
580K	/usr/share/locale/ta
16K	/usr/share/locale/fr_CA/LC_MESSAGES
20K	/usr/share/locale/fr_CA
20K	/usr/share/locale/kw/LC_MESSAGES
24K	/usr/share/locale/kw
24K	/usr/share/locale/fy/LC_MESSAGES
28K	/usr/share/locale/fy
4.0K	/usr/share/locale/nl/LC_TIME
748K	/usr/share/locale/nl/LC_MESSAGES
756K	/usr/share/locale/nl
152K	/usr/share/locale/cy/LC_MESSAGES
156K	/usr/share/locale/cy
8.0K	/usr/share/locale/ba/LC_MESSAGES
12K	/usr/share/locale/ba
12K	/usr/share/locale/ki/LC_MESSAGES
16K	/usr/share/locale/ki
92K	/usr/share/locale/te/LC_MESSAGES
96K	/usr/share/locale/te
228K	/usr/share/locale/bn/LC_MESSAGES
232K	/usr/share/locale/bn
12K	/usr/share/locale/ro_MD/LC_MESSAGES
16K	/usr/share/locale/ro_MD
16K	/usr/share/locale/ach/LC_MESSAGES
20K	/usr/share/locale/ach
88K	/usr/share/locale/br/LC_MESSAGES
92K	/usr/share/locale/br
4.0K	/usr/share/locale/pt_BR/LC_TIME
440K	/usr/share/locale/pt_BR/LC_MESSAGES
448K	/usr/share/locale/pt_BR
4.0K	/usr/share/locale/it/LC_TIME
924K	/usr/share/locale/it/LC_MESSAGES
932K	/usr/share/locale/it
16K	/usr/share/locale/szl/LC_MESSAGES
20K	/usr/share/locale/szl
16K	/usr/share/locale/gd/LC_MESSAGES
20K	/usr/share/locale/gd
56K	/usr/share/locale/ug/LC_MESSAGES
60K	/usr/share/locale/ug
56K	/usr/share/locale/mn/LC_MESSAGES
60K	/usr/share/locale/mn
8.0K	/usr/share/locale/sco/LC_MESSAGES
12K	/usr/share/locale/sco
16K	/usr/share/locale/yo/LC_MESSAGES
20K	/usr/share/locale/yo
12K	/usr/share/locale/ht/LC_MESSAGES
16K	/usr/share/locale/ht
72K	/usr/share/locale/rw/LC_MESSAGES
76K	/usr/share/locale/rw
8.0K	/usr/share/locale/ay/LC_MESSAGES
12K	/usr/share/locale/ay
4.0K	/usr/share/locale/hr/LC_TIME
172K	/usr/share/locale/hr/LC_MESSAGES
180K	/usr/share/locale/hr
8.0K	/usr/share/locale/arn/LC_MESSAGES
12K	/usr/share/locale/arn
12K	/usr/share/locale/bar/LC_MESSAGES
16K	/usr/share/locale/bar
52K	/usr/share/locale/tg/LC_MESSAGES
56K	/usr/share/locale/tg
12K	/usr/share/locale/vec/LC_MESSAGES
16K	/usr/share/locale/vec
4.0K	/usr/share/locale/lt/LC_TIME
416K	/usr/share/locale/lt/LC_MESSAGES
424K	/usr/share/locale/lt
16K	/usr/share/locale/mhr/LC_MESSAGES
20K	/usr/share/locale/mhr
84K	/usr/share/locale/zh_HK/LC_MESSAGES
88K	/usr/share/locale/zh_HK
4.0K	/usr/share/locale/ia/LC_TIME
52K	/usr/share/locale/ia/LC_MESSAGES
60K	/usr/share/locale/ia
156K	/usr/share/locale/oc/LC_MESSAGES
160K	/usr/share/locale/oc
24K	/usr/share/locale/zu/LC_MESSAGES
28K	/usr/share/locale/zu
52K	/usr/share/locale/mk/LC_MESSAGES
56K	/usr/share/locale/mk
100K	/usr/share/locale/en/LC_MESSAGES
104K	/usr/share/locale/en
92K	/usr/share/locale/ml/LC_MESSAGES
96K	/usr/share/locale/ml
24K	/usr/share/locale/ce/LC_MESSAGES
28K	/usr/share/locale/ce
104K	/usr/share/locale/lv/LC_MESSAGES
108K	/usr/share/locale/lv
32K	/usr/share/locale/so/LC_MESSAGES
36K	/usr/share/locale/so
4.0K	/usr/share/locale/ka/LC_TIME
228K	/usr/share/locale/ka/LC_MESSAGES
236K	/usr/share/locale/ka
24K	/usr/share/locale/xh/LC_MESSAGES
28K	/usr/share/locale/xh
4.0K	/usr/share/locale/be/LC_TIME
332K	/usr/share/locale/be/LC_MESSAGES
340K	/usr/share/locale/be
8.0K	/usr/share/locale/fa_AF/LC_MESSAGES
12K	/usr/share/locale/fa_AF
52K	/usr/share/locale/si/LC_MESSAGES
56K	/usr/share/locale/si
20K	/usr/share/locale/dv/LC_MESSAGES
24K	/usr/share/locale/dv
32K	/usr/share/locale/byn/LC_MESSAGES
36K	/usr/share/locale/byn
12K	/usr/share/locale/an/LC_MESSAGES
16K	/usr/share/locale/an
32K	/usr/share/locale/gez/LC_MESSAGES
36K	/usr/share/locale/gez
36K	/usr/share/locale/kmr/LC_MESSAGES
40K	/usr/share/locale/kmr
44K	/usr/share/locale/bn_IN/LC_MESSAGES
48K	/usr/share/locale/bn_IN
32K	/usr/share/locale/bn_BD/LC_MESSAGES
36K	/usr/share/locale/bn_BD
28K	/usr/share/locale/ve/LC_MESSAGES
32K	/usr/share/locale/ve
12K	/usr/share/locale/kv/LC_MESSAGES
16K	/usr/share/locale/kv
124K	/usr/share/locale/gu/LC_MESSAGES
128K	/usr/share/locale/gu
4.0K	/usr/share/locale/ru/LC_TIME
736K	/usr/share/locale/ru/LC_MESSAGES
744K	/usr/share/locale/ru
4.0K	/usr/share/locale/el/LC_TIME
444K	/usr/share/locale/el/LC_MESSAGES
452K	/usr/share/locale/el
48K	/usr/share/locale/ku/LC_MESSAGES
52K	/usr/share/locale/ku
4.0K	/usr/share/locale/vi/LC_TIME
464K	/usr/share/locale/vi/LC_MESSAGES
472K	/usr/share/locale/vi
4.0K	/usr/share/locale/cs/LC_TIME
548K	/usr/share/locale/cs/LC_MESSAGES
556K	/usr/share/locale/cs
220K	/usr/share/locale/sr@latin/LC_MESSAGES
224K	/usr/share/locale/sr@latin
640K	/usr/share/locale/mr/LC_MESSAGES
644K	/usr/share/locale/mr
8.0K	/usr/share/locale/bi/LC_MESSAGES
12K	/usr/share/locale/bi
8.0K	/usr/share/locale/mjw/LC_MESSAGES
12K	/usr/share/locale/mjw
4.0K	/usr/share/locale/tr/LC_TIME
884K	/usr/share/locale/tr/LC_MESSAGES
892K	/usr/share/locale/tr
12K	/usr/share/locale/nah/LC_MESSAGES
16K	/usr/share/locale/nah
4.0K	/usr/share/locale/ja/LC_TIME
556K	/usr/share/locale/ja/LC_MESSAGES
564K	/usr/share/locale/ja
8.0K	/usr/share/locale/ch/LC_MESSAGES
12K	/usr/share/locale/ch
88K	/usr/share/locale/sq/LC_MESSAGES
92K	/usr/share/locale/sq
24K	/usr/share/locale/uz/LC_MESSAGES
28K	/usr/share/locale/uz
16K	/usr/share/locale/en_AU/LC_MESSAGES
20K	/usr/share/locale/en_AU
4.0K	/usr/share/locale/fi/LC_TIME
292K	/usr/share/locale/fi/LC_MESSAGES
300K	/usr/share/locale/fi
4.0K	/usr/share/locale/sv/LC_TIME
960K	/usr/share/locale/sv/LC_MESSAGES
968K	/usr/share/locale/sv
8.0K	/usr/share/locale/jbo/LC_MESSAGES
12K	/usr/share/locale/jbo
8.0K	/usr/share/locale/jv/LC_MESSAGES
12K	/usr/share/locale/jv
44K	/usr/share/locale/am/LC_MESSAGES
48K	/usr/share/locale/am
44K	/usr/share/locale/tt@iqtelif/LC_MESSAGES
48K	/usr/share/locale/tt@iqtelif
16K	/usr/share/locale/lo/LC_MESSAGES
20K	/usr/share/locale/lo
4.0K	/usr/share/locale/pl/LC_TIME
788K	/usr/share/locale/pl/LC_MESSAGES
796K	/usr/share/locale/pl
220K	/usr/share/locale/km/LC_MESSAGES
224K	/usr/share/locale/km
4.0K	/usr/share/locale/kk/LC_TIME
52K	/usr/share/locale/kk/LC_MESSAGES
60K	/usr/share/locale/kk
72K	/usr/share/locale/fur/LC_MESSAGES
76K	/usr/share/locale/fur
28K	/usr/share/locale/tk/LC_MESSAGES
32K	/usr/share/locale/tk
4.0K	/usr/share/locale/ca/LC_TIME
492K	/usr/share/locale/ca/LC_MESSAGES
500K	/usr/share/locale/ca
220K	/usr/share/locale/dz/LC_MESSAGES
224K	/usr/share/locale/dz
76K	/usr/share/locale/as/LC_MESSAGES
80K	/usr/share/locale/as
12K	/usr/share/locale/mai/LC_MESSAGES
16K	/usr/share/locale/mai
32K	/usr/share/locale/pa_PK/LC_MESSAGES
36K	/usr/share/locale/pa_PK
4.0K	/usr/share/locale/pt/LC_TIME
348K	/usr/share/locale/pt/LC_MESSAGES
356K	/usr/share/locale/pt
4.0K	/usr/share/locale/da/LC_TIME
532K	/usr/share/locale/da/LC_MESSAGES
540K	/usr/share/locale/da
12K	/usr/share/locale/ace/LC_MESSAGES
16K	/usr/share/locale/ace
20K	/usr/share/locale/kok/LC_MESSAGES
24K	/usr/share/locale/kok
32M	/usr/share/locale
8.0K	/usr/share/maven-repo/org/gnu/gettext/libintl/debian
8.0K	/usr/share/maven-repo/org/gnu/gettext/libintl/0.21
20K	/usr/share/maven-repo/org/gnu/gettext/libintl
24K	/usr/share/maven-repo/org/gnu/gettext
28K	/usr/share/maven-repo/org/gnu
32K	/usr/share/maven-repo/org
36K	/usr/share/maven-repo
4.0K	/usr/share/sgml/entities
4.0K	/usr/share/sgml/declaration
4.0K	/usr/share/sgml/misc
4.0K	/usr/share/sgml/stylesheet
8.0K	/usr/share/sgml/dtd/xml-core
12K	/usr/share/sgml/dtd
32K	/usr/share/sgml
1.5M	/usr/share/iso-codes/json
1.5M	/usr/share/iso-codes
24K	/usr/share/debconf
8.0M	/usr/share/samba/setup/ad-schema
7.4M	/usr/share/samba/setup/display-specifiers
1.5M	/usr/share/samba/setup/adprep/WindowsServerDocs
1.5M	/usr/share/samba/setup/adprep
18M	/usr/share/samba/setup
12K	/usr/share/samba/mdssvc
356K	/usr/share/samba/admx/en-US
20K	/usr/share/samba/admx/ru-RU
616K	/usr/share/samba/admx
18M	/usr/share/samba
28K	/usr/share/perl5/Data/Dump
52K	/usr/share/perl5/Data
40K	/usr/share/perl5/IPC/System
44K	/usr/share/perl5/IPC
12K	/usr/share/perl5/Text
60K	/usr/share/perl5/Debconf/DbDriver
8.0K	/usr/share/perl5/Debconf/Template
40K	/usr/share/perl5/Debconf/Element/Gnome
40K	/usr/share/perl5/Debconf/Element/Web
40K	/usr/share/perl5/Debconf/Element/Dialog
40K	/usr/share/perl5/Debconf/Element/Noninteractive
40K	/usr/share/perl5/Debconf/Element/Editor
40K	/usr/share/perl5/Debconf/Element/Teletype
260K	/usr/share/perl5/Debconf/Element
8.0K	/usr/share/perl5/Debconf/Client
8.0K	/usr/share/perl5/Debconf/Format
60K	/usr/share/perl5/Debconf/FrontEnd
508K	/usr/share/perl5/Debconf
92K	/usr/share/perl5/LWP/Protocol
8.0K	/usr/share/perl5/LWP/Debug
20K	/usr/share/perl5/LWP/Authen
312K	/usr/share/perl5/LWP
28K	/usr/share/perl5/Try
8.0K	/usr/share/perl5/PPI/Exception
8.0K	/usr/share/perl5/PPI/Statement/Include
88K	/usr/share/perl5/PPI/Statement
16K	/usr/share/perl5/PPI/Token/Regexp
24K	/usr/share/perl5/PPI/Token/QuoteLike
24K	/usr/share/perl5/PPI/Token/_QuoteEngine
20K	/usr/share/perl5/PPI/Token/Quote
28K	/usr/share/perl5/PPI/Token/Number
268K	/usr/share/perl5/PPI/Token
8.0K	/usr/share/perl5/PPI/Normal
8.0K	/usr/share/perl5/PPI/Transform
20K	/usr/share/perl5/PPI/Document
40K	/usr/share/perl5/PPI/Structure
688K	/usr/share/perl5/PPI
16K	/usr/share/perl5/Time
32K	/usr/share/perl5/Mail/Field
28K	/usr/share/perl5/Mail/Mailer
200K	/usr/share/perl5/Mail
24K	/usr/share/perl5/NeedRestart/UI
16K	/usr/share/perl5/NeedRestart/uCode
32K	/usr/share/perl5/NeedRestart/Interp
16K	/usr/share/perl5/NeedRestart/Kernel
16K	/usr/share/perl5/NeedRestart/CONT
148K	/usr/share/perl5/NeedRestart
20K	/usr/share/perl5/Encode
140K	/usr/share/perl5/Date/Language
172K	/usr/share/perl5/Date
8.0K	/usr/share/perl5/Module/ScanDeps
84K	/usr/share/perl5/Module
8.0K	/usr/share/perl5/Error
40K	/usr/share/perl5/Exporter/Tiny/Manual
44K	/usr/share/perl5/Exporter/Tiny
68K	/usr/share/perl5/Exporter
12K	/usr/share/perl5/URI/urn
32K	/usr/share/perl5/URI/file
276K	/usr/share/perl5/URI
28K	/usr/share/perl5/X11/Protocol/Connection
56K	/usr/share/perl5/X11/Protocol/Ext
116K	/usr/share/perl5/X11/Protocol
284K	/usr/share/perl5/X11
16K	/usr/share/perl5/XML/Twig
84K	/usr/share/perl5/XML/XPathEngine
620K	/usr/share/perl5/XML
64K	/usr/share/perl5/Authen/SASL/Perl
92K	/usr/share/perl5/Authen/SASL
108K	/usr/share/perl5/Authen
92K	/usr/share/perl5/Algorithm
116K	/usr/share/perl5/HTML/Tree
16K	/usr/share/perl5/HTML/Element
40K	/usr/share/perl5/HTML/Form
572K	/usr/share/perl5/HTML
8.0K	/usr/share/perl5/Task
8.0K	/usr/share/perl5/Git/LoadCPAN/Mail
16K	/usr/share/perl5/Git/LoadCPAN
40K	/usr/share/perl5/Git
28K	/usr/share/perl5/Sort
24K	/usr/share/perl5/HTTP/Request
20K	/usr/share/perl5/HTTP/Headers
8.0K	/usr/share/perl5/HTTP/Cookies
264K	/usr/share/perl5/HTTP
28K	/usr/share/perl5/Net/HTTP
8.0K	/usr/share/perl5/Net/SMTP
56K	/usr/share/perl5/Net
8.0K	/usr/share/perl5/WWW/RobotRules
24K	/usr/share/perl5/WWW
40K	/usr/share/perl5/Locale/Recode
3.5M	/usr/share/perl5/Locale/RecodeData
3.7M	/usr/share/perl5/Locale
12K	/usr/share/perl5/Dpkg/Interface
52K	/usr/share/perl5/Dpkg/Vendor
16K	/usr/share/perl5/Dpkg/Changelog/Entry
48K	/usr/share/perl5/Dpkg/Changelog
48K	/usr/share/perl5/Dpkg/Source/Package/V3
100K	/usr/share/perl5/Dpkg/Source/Package
192K	/usr/share/perl5/Dpkg/Source
8.0K	/usr/share/perl5/Dpkg/Build
16K	/usr/share/perl5/Dpkg/Shlibs/Objdump
76K	/usr/share/perl5/Dpkg/Shlibs
8.0K	/usr/share/perl5/Dpkg/Control/HashCore
8.0K	/usr/share/perl5/Dpkg/Control/Tests
100K	/usr/share/perl5/Dpkg/Control
24K	/usr/share/perl5/Dpkg/OpenPGP/Backend
40K	/usr/share/perl5/Dpkg/OpenPGP
60K	/usr/share/perl5/Dpkg/Deps
28K	/usr/share/perl5/Dpkg/Compression
12K	/usr/share/perl5/Dpkg/Dist
904K	/usr/share/perl5/Dpkg
52K	/usr/share/perl5/Font/Metrics
68K	/usr/share/perl5/Font
40K	/usr/share/perl5/File/MimeInfo
128K	/usr/share/perl5/File
352K	/usr/share/perl5/IO/Socket/SSL
560K	/usr/share/perl5/IO/Socket
684K	/usr/share/perl5/IO
20K	/usr/share/perl5/Tie
24K	/usr/share/perl5/List/MoreUtils
68K	/usr/share/perl5/List
16K	/usr/share/perl5/Debian/Debhelper/Sequence
20K	/usr/share/perl5/Debian/Debhelper
8.0K	/usr/share/perl5/Debian/DebConf/Client
12K	/usr/share/perl5/Debian/DebConf
60K	/usr/share/perl5/Debian
11M	/usr/share/perl5
8.0K	/usr/share/X11/xkb/symbols/jolla_vndr
16K	/usr/share/X11/xkb/symbols/xfree68_vndr
228K	/usr/share/X11/xkb/symbols/sun_vndr
12K	/usr/share/X11/xkb/symbols/nec_vndr
24K	/usr/share/X11/xkb/symbols/sharp_vndr
20K	/usr/share/X11/xkb/symbols/fujitsu_vndr
120K	/usr/share/X11/xkb/symbols/nokia_vndr
8.0K	/usr/share/X11/xkb/symbols/sgi_vndr
80K	/usr/share/X11/xkb/symbols/macintosh_vndr
36K	/usr/share/X11/xkb/symbols/digital_vndr
8.0K	/usr/share/X11/xkb/symbols/sony_vndr
8.0K	/usr/share/X11/xkb/symbols/hp_vndr
2.5M	/usr/share/X11/xkb/symbols
84K	/usr/share/X11/xkb/compat
48K	/usr/share/X11/xkb/geometry/sgi_vndr
48K	/usr/share/X11/xkb/geometry/digital_vndr
404K	/usr/share/X11/xkb/geometry
804K	/usr/share/X11/xkb/rules
68K	/usr/share/X11/xkb/types
16K	/usr/share/X11/xkb/keycodes/sgi_vndr
20K	/usr/share/X11/xkb/keycodes/digital_vndr
148K	/usr/share/X11/xkb/keycodes
4.0M	/usr/share/X11/xkb
16K	/usr/share/X11/locale/ko_KR.UTF-8
16K	/usr/share/X11/locale/zh_CN
8.0K	/usr/share/X11/locale/cs_CZ.UTF-8
28K	/usr/share/X11/locale/iso8859-4
16K	/usr/share/X11/locale/armscii-8
24K	/usr/share/X11/locale/iso8859-7
12K	/usr/share/X11/locale/nokhchi-1
16K	/usr/share/X11/locale/iso8859-8
16K	/usr/share/X11/locale/zh_HK.UTF-8
36K	/usr/share/X11/locale/iso8859-14
32K	/usr/share/X11/locale/iso8859-15
16K	/usr/share/X11/locale/iso8859-5
16K	/usr/share/X11/locale/zh_HK.big5
16K	/usr/share/X11/locale/zh_TW
16K	/usr/share/X11/locale/ja.JIS
16K	/usr/share/X11/locale/georgian-academy
12K	/usr/share/X11/locale/C
20K	/usr/share/X11/locale/vi_VN.viscii
16K	/usr/share/X11/locale/georgian-ps
16K	/usr/share/X11/locale/pt_BR.UTF-8
16K	/usr/share/X11/locale/sr_RS.UTF-8
12K	/usr/share/X11/locale/tatar-cyr
16K	/usr/share/X11/locale/ko
12K	/usr/share/X11/locale/microsoft-cp1251
16K	/usr/share/X11/locale/zh_CN.gb18030
16K	/usr/share/X11/locale/koi8-r
16K	/usr/share/X11/locale/th_TH.UTF-8
16K	/usr/share/X11/locale/koi8-u
20K	/usr/share/X11/locale/ja.SJIS
16K	/usr/share/X11/locale/zh_CN.UTF-8
16K	/usr/share/X11/locale/zh_HK.big5hkscs
16K	/usr/share/X11/locale/ja_JP.UTF-8
24K	/usr/share/X11/locale/am_ET.UTF-8
20K	/usr/share/X11/locale/koi8-c
16K	/usr/share/X11/locale/zh_CN.gbk
16K	/usr/share/X11/locale/zh_TW.UTF-8
12K	/usr/share/X11/locale/th_TH
16K	/usr/share/X11/locale/ru_RU.UTF-8
16K	/usr/share/X11/locale/iso8859-6
16K	/usr/share/X11/locale/mulelao-1
32K	/usr/share/X11/locale/iso8859-1
12K	/usr/share/X11/locale/isiri-3342
36K	/usr/share/X11/locale/iso8859-9
16K	/usr/share/X11/locale/iso8859-10
36K	/usr/share/X11/locale/iso8859-3
16K	/usr/share/X11/locale/pt_PT.UTF-8
12K	/usr/share/X11/locale/microsoft-cp1256
20K	/usr/share/X11/locale/vi_VN.tcvn
36K	/usr/share/X11/locale/iso8859-13
24K	/usr/share/X11/locale/zh_TW.big5
12K	/usr/share/X11/locale/tscii-0
40K	/usr/share/X11/locale/fi_FI.UTF-8
16K	/usr/share/X11/locale/ibm-cp1133
16K	/usr/share/X11/locale/ja
456K	/usr/share/X11/locale/en_US.UTF-8
128K	/usr/share/X11/locale/el_GR.UTF-8
12K	/usr/share/X11/locale/iso8859-11
36K	/usr/share/X11/locale/iso8859-2
36K	/usr/share/X11/locale/iso8859-9e
12K	/usr/share/X11/locale/microsoft-cp1255
12K	/usr/share/X11/locale/iscii-dev
12K	/usr/share/X11/locale/km_KH.UTF-8
1.9M	/usr/share/X11/locale
5.9M	/usr/share/X11
12K	/usr/share/xml-core
28K	/usr/share/initramfs-tools/scripts/local-top
28K	/usr/share/initramfs-tools/scripts/local-bottom
28K	/usr/share/initramfs-tools/scripts/init-top
24K	/usr/share/initramfs-tools/scripts/local-premount
12K	/usr/share/initramfs-tools/scripts/panic
12K	/usr/share/initramfs-tools/scripts/init-premount
12K	/usr/share/initramfs-tools/scripts/local-block
56K	/usr/share/initramfs-tools/scripts/init-bottom
240K	/usr/share/initramfs-tools/scripts
4.0K	/usr/share/initramfs-tools/modules.d
12K	/usr/share/initramfs-tools/dhcpcd-hooks
4.0K	/usr/share/initramfs-tools/conf.d
156K	/usr/share/initramfs-tools/hooks
20K	/usr/share/initramfs-tools/conf-hooks.d
484K	/usr/share/initramfs-tools
100K	/usr/share/icons/HighContrast/scalable/apps
104K	/usr/share/icons/HighContrast/scalable
108K	/usr/share/icons/HighContrast
8.0K	/usr/share/icons/locolor/32x32/apps
12K	/usr/share/icons/locolor/32x32
8.0K	/usr/share/icons/locolor/16x16/apps
12K	/usr/share/icons/locolor/16x16
28K	/usr/share/icons/locolor
24K	/usr/share/icons/hicolor/256x256/apps
28K	/usr/share/icons/hicolor/256x256
24K	/usr/share/icons/hicolor/128x128/apps
28K	/usr/share/icons/hicolor/128x128
4.0K	/usr/share/icons/hicolor/48x48/mimetypes
16K	/usr/share/icons/hicolor/48x48/apps
24K	/usr/share/icons/hicolor/48x48
4.0K	/usr/share/icons/hicolor/32x32/mimetypes
16K	/usr/share/icons/hicolor/32x32/apps
24K	/usr/share/icons/hicolor/32x32
4.0K	/usr/share/icons/hicolor/scalable/mimetypes
92K	/usr/share/icons/hicolor/scalable/apps
100K	/usr/share/icons/hicolor/scalable
8.0K	/usr/share/icons/hicolor/96x96/apps
12K	/usr/share/icons/hicolor/96x96
8.0K	/usr/share/icons/hicolor/22x22/apps
12K	/usr/share/icons/hicolor/22x22
8.0K	/usr/share/icons/hicolor/16x16/apps
12K	/usr/share/icons/hicolor/16x16
4.0K	/usr/share/icons/hicolor/64x64/mimetypes
20K	/usr/share/icons/hicolor/64x64/apps
28K	/usr/share/icons/hicolor/64x64
272K	/usr/share/icons/hicolor
412K	/usr/share/icons
12K	/usr/share/cmake/bash-completion
16K	/usr/share/cmake
24K	/usr/share/mdadm
12K	/usr/share/session-migration/scripts
16K	/usr/share/session-migration
336K	/usr/share/gnupg
13M	/usr/share/liblouis/tables
13M	/usr/share/liblouis
32K	/usr/share/netplan/netplan_cli/__pycache__
140K	/usr/share/netplan/netplan_cli/cli/__pycache__
140K	/usr/share/netplan/netplan_cli/cli/commands/__pycache__
284K	/usr/share/netplan/netplan_cli/cli/commands
556K	/usr/share/netplan/netplan_cli/cli
616K	/usr/share/netplan/netplan_cli
624K	/usr/share/netplan
44K	/usr/share/unattended-upgrades
1.2M	/usr/share/lintian/overrides
8.0K	/usr/share/lintian/profiles/dpkg
12K	/usr/share/lintian/profiles
1.2M	/usr/share/lintian
8.0K	/usr/share/binfmts
8.0K	/usr/share/nano/debian
24K	/usr/share/nano/extra
200K	/usr/share/nano
20K	/usr/share/offlineimap3/offlineimap-8.0.0.egg-info
20K	/usr/share/offlineimap3/offlineimap/utils/__pycache__
36K	/usr/share/offlineimap3/offlineimap/utils
196K	/usr/share/offlineimap3/offlineimap/__pycache__
232K	/usr/share/offlineimap3/offlineimap/folder/__pycache__
444K	/usr/share/offlineimap3/offlineimap/folder
104K	/usr/share/offlineimap3/offlineimap/repository/__pycache__
188K	/usr/share/offlineimap3/offlineimap/repository
108K	/usr/share/offlineimap3/offlineimap/ui/__pycache__
196K	/usr/share/offlineimap3/offlineimap/ui
1.3M	/usr/share/offlineimap3/offlineimap
1.3M	/usr/share/offlineimap3
20K	/usr/share/gettext/its
24K	/usr/share/gettext
20K	/usr/share/ppp
40K	/usr/share/ppdc
320K	/usr/share/screen/utf8encodings
324K	/usr/share/screen
84K	/usr/share/doc-base
68K	/usr/share/fish/vendor_completions.d
8.0K	/usr/share/fish/vendor_conf.d
80K	/usr/share/fish
11M	/usr/share/vim/vim91/doc
1.1M	/usr/share/vim/vim91/indent
1.4M	/usr/share/vim/vim91/ftplugin
120K	/usr/share/vim/vim91/autoload/dist
556K	/usr/share/vim/vim91/autoload/xml
8.0K	/usr/share/vim/vim91/autoload/zig
2.3M	/usr/share/vim/vim91/autoload
84K	/usr/share/vim/vim91/plugin
36K	/usr/share/vim/vim91/colors/lists
12K	/usr/share/vim/vim91/colors/tools
676K	/usr/share/vim/vim91/colors
12K	/usr/share/vim/vim91/pack/dist/opt/shellmenu/plugin
16K	/usr/share/vim/vim91/pack/dist/opt/shellmenu
8.0K	/usr/share/vim/vim91/pack/dist/opt/swapmouse/plugin
12K	/usr/share/vim/vim91/pack/dist/opt/swapmouse
12K	/usr/share/vim/vim91/pack/dist/opt/dvorak/dvorak
8.0K	/usr/share/vim/vim91/pack/dist/opt/dvorak/plugin
24K	/usr/share/vim/vim91/pack/dist/opt/dvorak
8.0K	/usr/share/vim/vim91/pack/dist/opt/editorconfig/ftdetect
20K	/usr/share/vim/vim91/pack/dist/opt/editorconfig/doc
44K	/usr/share/vim/vim91/pack/dist/opt/editorconfig/autoload/editorconfig_core
60K	/usr/share/vim/vim91/pack/dist/opt/editorconfig/autoload
28K	/usr/share/vim/vim91/pack/dist/opt/editorconfig/plugin
148K	/usr/share/vim/vim91/pack/dist/opt/editorconfig
60K	/usr/share/vim/vim91/pack/dist/opt/termdebug/plugin
64K	/usr/share/vim/vim91/pack/dist/opt/termdebug
16K	/usr/share/vim/vim91/pack/dist/opt/justify/plugin
20K	/usr/share/vim/vim91/pack/dist/opt/justify
28K	/usr/share/vim/vim91/pack/dist/opt/matchit/doc
36K	/usr/share/vim/vim91/pack/dist/opt/matchit/autoload
12K	/usr/share/vim/vim91/pack/dist/opt/matchit/plugin
80K	/usr/share/vim/vim91/pack/dist/opt/matchit
8.0K	/usr/share/vim/vim91/pack/dist/opt/editexisting/plugin
12K	/usr/share/vim/vim91/pack/dist/opt/editexisting
8.0K	/usr/share/vim/vim91/pack/dist/opt/cfilter/plugin
12K	/usr/share/vim/vim91/pack/dist/opt/cfilter
392K	/usr/share/vim/vim91/pack/dist/opt
396K	/usr/share/vim/vim91/pack/dist
400K	/usr/share/vim/vim91/pack
364K	/usr/share/vim/vim91/syntax/shared
56K	/usr/share/vim/vim91/syntax/modula2/opt
60K	/usr/share/vim/vim91/syntax/modula2
8.2M	/usr/share/vim/vim91/syntax
136K	/usr/share/vim/vim91/print
456K	/usr/share/vim/vim91/compiler
3.6M	/usr/share/vim/vim91/spell
2.5M	/usr/share/vim/vim91/tutor
208K	/usr/share/vim/vim91/lang/fr/LC_MESSAGES
212K	/usr/share/vim/vim91/lang/fr
284K	/usr/share/vim/vim91/lang/ja.sjis/LC_MESSAGES
288K	/usr/share/vim/vim91/lang/ja.sjis
232K	/usr/share/vim/vim91/lang/zh_CN/LC_MESSAGES
236K	/usr/share/vim/vim91/lang/zh_CN
360K	/usr/share/vim/vim91/lang/uk/LC_MESSAGES
364K	/usr/share/vim/vim91/lang/uk
284K	/usr/share/vim/vim91/lang/es/LC_MESSAGES
288K	/usr/share/vim/vim91/lang/es
168K	/usr/share/vim/vim91/lang/pl.cp1250/LC_MESSAGES
172K	/usr/share/vim/vim91/lang/pl.cp1250
248K	/usr/share/vim/vim91/lang/ga/LC_MESSAGES
252K	/usr/share/vim/vim91/lang/ga
144K	/usr/share/vim/vim91/lang/sk.cp1250/LC_MESSAGES
148K	/usr/share/vim/vim91/lang/sk.cp1250
368K	/usr/share/vim/vim91/lang/sr/LC_MESSAGES
372K	/usr/share/vim/vim91/lang/sr
172K	/usr/share/vim/vim91/lang/pl.UTF-8/LC_MESSAGES
176K	/usr/share/vim/vim91/lang/pl.UTF-8
108K	/usr/share/vim/vim91/lang/cs.cp1250/LC_MESSAGES
112K	/usr/share/vim/vim91/lang/cs.cp1250
232K	/usr/share/vim/vim91/lang/zh_CN.cp936/LC_MESSAGES
236K	/usr/share/vim/vim91/lang/zh_CN.cp936
216K	/usr/share/vim/vim91/lang/eo/LC_MESSAGES
220K	/usr/share/vim/vim91/lang/eo
20K	/usr/share/vim/vim91/lang/en_GB/LC_MESSAGES
24K	/usr/share/vim/vim91/lang/en_GB
112K	/usr/share/vim/vim91/lang/zh_TW/LC_MESSAGES
116K	/usr/share/vim/vim91/lang/zh_TW
152K	/usr/share/vim/vim91/lang/hu/LC_MESSAGES
156K	/usr/share/vim/vim91/lang/hu
296K	/usr/share/vim/vim91/lang/de/LC_MESSAGES
300K	/usr/share/vim/vim91/lang/de
164K	/usr/share/vim/vim91/lang/ko/LC_MESSAGES
168K	/usr/share/vim/vim91/lang/ko
144K	/usr/share/vim/vim91/lang/sk/LC_MESSAGES
148K	/usr/share/vim/vim91/lang/sk
116K	/usr/share/vim/vim91/lang/af/LC_MESSAGES
120K	/usr/share/vim/vim91/lang/af
144K	/usr/share/vim/vim91/lang/nb/LC_MESSAGES
148K	/usr/share/vim/vim91/lang/nb
256K	/usr/share/vim/vim91/lang/zh_CN.UTF-8/LC_MESSAGES
260K	/usr/share/vim/vim91/lang/zh_CN.UTF-8
108K	/usr/share/vim/vim91/lang/nl/LC_MESSAGES
112K	/usr/share/vim/vim91/lang/nl
284K	/usr/share/vim/vim91/lang/ja.euc-jp/LC_MESSAGES
288K	/usr/share/vim/vim91/lang/ja.euc-jp
180K	/usr/share/vim/vim91/lang/pt_BR/LC_MESSAGES
184K	/usr/share/vim/vim91/lang/pt_BR
296K	/usr/share/vim/vim91/lang/it/LC_MESSAGES
300K	/usr/share/vim/vim91/lang/it
284K	/usr/share/vim/vim91/lang/uk.cp1251/LC_MESSAGES
288K	/usr/share/vim/vim91/lang/uk.cp1251
120K	/usr/share/vim/vim91/lang/zh_TW.UTF-8/LC_MESSAGES
124K	/usr/share/vim/vim91/lang/zh_TW.UTF-8
16K	/usr/share/vim/vim91/lang/lv/LC_MESSAGES
20K	/usr/share/vim/vim91/lang/lv
432K	/usr/share/vim/vim91/lang/ru/LC_MESSAGES
436K	/usr/share/vim/vim91/lang/ru
140K	/usr/share/vim/vim91/lang/vi/LC_MESSAGES
144K	/usr/share/vim/vim91/lang/vi
108K	/usr/share/vim/vim91/lang/cs/LC_MESSAGES
112K	/usr/share/vim/vim91/lang/cs
180K	/usr/share/vim/vim91/lang/ko.UTF-8/LC_MESSAGES
184K	/usr/share/vim/vim91/lang/ko.UTF-8
296K	/usr/share/vim/vim91/lang/tr/LC_MESSAGES
300K	/usr/share/vim/vim91/lang/tr
324K	/usr/share/vim/vim91/lang/ru.cp1251/LC_MESSAGES
328K	/usr/share/vim/vim91/lang/ru.cp1251
324K	/usr/share/vim/vim91/lang/ja/LC_MESSAGES
328K	/usr/share/vim/vim91/lang/ja
268K	/usr/share/vim/vim91/lang/fi/LC_MESSAGES
272K	/usr/share/vim/vim91/lang/fi
144K	/usr/share/vim/vim91/lang/sv/LC_MESSAGES
148K	/usr/share/vim/vim91/lang/sv
168K	/usr/share/vim/vim91/lang/pl/LC_MESSAGES
172K	/usr/share/vim/vim91/lang/pl
144K	/usr/share/vim/vim91/lang/no/LC_MESSAGES
148K	/usr/share/vim/vim91/lang/no
280K	/usr/share/vim/vim91/lang/ca/LC_MESSAGES
284K	/usr/share/vim/vim91/lang/ca
176K	/usr/share/vim/vim91/lang/da/LC_MESSAGES
180K	/usr/share/vim/vim91/lang/da
9.9M	/usr/share/vim/vim91/lang
516K	/usr/share/vim/vim91/keymap
16K	/usr/share/vim/vim91/macros/hanoi
16K	/usr/share/vim/vim91/macros/urm
16K	/usr/share/vim/vim91/macros/life
40K	/usr/share/vim/vim91/macros/maze
128K	/usr/share/vim/vim91/macros
12K	/usr/share/vim/vim91/import/dist
16K	/usr/share/vim/vim91/import
42M	/usr/share/vim/vim91
12K	/usr/share/vim/addons/syntax
16K	/usr/share/vim/addons
8.0K	/usr/share/vim/registry
42M	/usr/share/vim
20K	/usr/share/python3/__pycache__
52K	/usr/share/python3/debpython/__pycache__
100K	/usr/share/python3/debpython
24K	/usr/share/python3/dist
8.0K	/usr/share/python3/bcep
20K	/usr/share/python3/runtime.d
200K	/usr/share/python3
72K	/usr/share/gitweb/static
324K	/usr/share/gitweb
12K	/usr/share/base-passwd
12K	/usr/share/ucf
16K	/usr/share/dhcpcd/hooks
20K	/usr/share/dhcpcd
112K	/usr/share/consoletrans
16K	/usr/share/openssh
44K	/usr/share/pam
12K	/usr/share/build-essential
16K	/usr/share/systemd
8.0K	/usr/share/dpkg/sh
76K	/usr/share/dpkg
8.0K	/usr/share/java
8.0K	/usr/share/installed-tests/appstream
12K	/usr/share/installed-tests
12K	/usr/share/locales
24K	/usr/share/ipp-usb/quirks
28K	/usr/share/ipp-usb
4.0K	/usr/share/package-data-downloads
1.4M	/usr/share/info
12K	/usr/share/libgcrypt20
116K	/usr/share/awk
8.0K	/usr/share/upstart/sessions
8.0K	/usr/share/upstart/systemd-session/upstart
12K	/usr/share/upstart/systemd-session
24K	/usr/share/upstart
104K	/usr/share/groff/1.23.0/tmac/mdoc
1.2M	/usr/share/groff/1.23.0/tmac
24K	/usr/share/groff/1.23.0/font/devlatin1
52K	/usr/share/groff/1.23.0/font/devps/generate
692K	/usr/share/groff/1.23.0/font/devps
120K	/usr/share/groff/1.23.0/font/devutf8
24K	/usr/share/groff/1.23.0/font/devascii
864K	/usr/share/groff/1.23.0/font
2.0M	/usr/share/groff/1.23.0
2.0M	/usr/share/groff
248K	/usr/share/glib-2.0/schemas
252K	/usr/share/glib-2.0
12K	/usr/share/javascript/is-typedarray
4.0K	/usr/share/javascript/punycode
8.0K	/usr/share/javascript/inherits
32K	/usr/share/javascript/events
56K	/usr/share/javascript/async
340K	/usr/share/javascript/source-map
44K	/usr/share/javascript/sprintf-js
212K	/usr/share/javascript/prettify
12K	/usr/share/javascript/typedarray-to-buffer
40K	/usr/share/javascript/regenerate
764K	/usr/share/javascript
44K	/usr/share/applications
12K	/usr/share/zsh/site-functions
272K	/usr/share/zsh/vendor-completions
288K	/usr/share/zsh
316K	/usr/share/fontconfig/conf.avail
320K	/usr/share/fontconfig
8.0K	/usr/share/ssl-cert
1.8M	/usr/share/color/icc/colord
260K	/usr/share/color/icc/ghostscript
2.0M	/usr/share/color/icc
2.0M	/usr/share/color
20K	/usr/share/menu
56K	/usr/share/drirc.d
20K	/usr/share/pam-configs
28K	/usr/share/gdb/auto-load/lib/aarch64-linux-gnu
32K	/usr/share/gdb/auto-load/lib
12K	/usr/share/gdb/auto-load/usr/lib/aarch64-linux-gnu
16K	/usr/share/gdb/auto-load/usr/lib
20K	/usr/share/gdb/auto-load/usr
56K	/usr/share/gdb/auto-load
60K	/usr/share/gdb
28K	/usr/share/nodejs/lodash.pad
16K	/usr/share/nodejs/yocto-queue
44K	/usr/share/nodejs/source-list-map/lib
52K	/usr/share/nodejs/source-list-map
8.0K	/usr/share/nodejs/is-typedarray
56K	/usr/share/nodejs/lodash.bindall
48K	/usr/share/nodejs/lodash.pick
8.0K	/usr/share/nodejs/keyv/src
16K	/usr/share/nodejs/keyv
12K	/usr/share/nodejs/once
40K	/usr/share/nodejs/punycode
16K	/usr/share/nodejs/fast-levenshtein
16K	/usr/share/nodejs/mimic-response
48K	/usr/share/nodejs/glob
80K	/usr/share/nodejs/lodash.reject
12K	/usr/share/nodejs/fs-readdir-recursive
76K	/usr/share/nodejs/lodash.minby
16K	/usr/share/nodejs/string_decoder/lib
24K	/usr/share/nodejs/string_decoder
76K	/usr/share/nodejs/lodash.sumby
44K	/usr/share/nodejs/prelude-ls/lib
52K	/usr/share/nodejs/prelude-ls
44K	/usr/share/nodejs/lodash.union
8.0K	/usr/share/nodejs/undici/scripts
164K	/usr/share/nodejs/undici/types
80K	/usr/share/nodejs/undici/lib/websocket
56K	/usr/share/nodejs/undici/lib/mock
40K	/usr/share/nodejs/undici/lib/cache
56K	/usr/share/nodejs/undici/lib/api
16K	/usr/share/nodejs/undici/lib/handler
8.0K	/usr/share/nodejs/undici/lib/interceptor
44K	/usr/share/nodejs/undici/lib/fileapi
8.0K	/usr/share/nodejs/undici/lib/compat
56K	/usr/share/nodejs/undici/lib/core
272K	/usr/share/nodejs/undici/lib/fetch
176K	/usr/share/nodejs/undici/lib/llhttp
12K	/usr/share/nodejs/undici/lib/node
40K	/usr/share/nodejs/undici/lib/cookies
992K	/usr/share/nodejs/undici/lib
1.7M	/usr/share/nodejs/undici
52K	/usr/share/nodejs/@sindresorhus/is/dist
60K	/usr/share/nodejs/@sindresorhus/is
64K	/usr/share/nodejs/@sindresorhus
12K	/usr/share/nodejs/map-visit
28K	/usr/share/nodejs/lodash.forin
12K	/usr/share/nodejs/promise-retry
12K	/usr/share/nodejs/isarray
24K	/usr/share/nodejs/lodash.random
16K	/usr/share/nodejs/lodash.unescape
8.0K	/usr/share/nodejs/depd/lib/browser
12K	/usr/share/nodejs/depd/lib
32K	/usr/share/nodejs/depd
12K	/usr/share/nodejs/json-buffer
12K	/usr/share/nodejs/lodash.isnil
12K	/usr/share/nodejs/error-ex
20K	/usr/share/nodejs/lodash.zipobject
84K	/usr/share/nodejs/lodash.overevery
12K	/usr/share/nodejs/process-nextick-args
12K	/usr/share/nodejs/has-values
20K	/usr/share/nodejs/interpret
12K	/usr/share/nodejs/osenv
80K	/usr/share/nodejs/lodash.every
12K	/usr/share/nodejs/inherits
284K	/usr/share/nodejs/electron-to-chromium
12K	/usr/share/nodejs/promise-inflight
8.0K	/usr/share/nodejs/events
40K	/usr/share/nodejs/object-inspect
12K	/usr/share/nodejs/shebang-command
16K	/usr/share/nodejs/p-map
36K	/usr/share/nodejs/minipass
16K	/usr/share/nodejs/lodash.subtract
20K	/usr/share/nodejs/lodash.isset
272K	/usr/share/nodejs/minimatch/dist/cjs
276K	/usr/share/nodejs/minimatch/dist/mjs
552K	/usr/share/nodejs/minimatch/dist
564K	/usr/share/nodejs/minimatch
52K	/usr/share/nodejs/lodash.bind
16K	/usr/share/nodejs/is-interactive
32K	/usr/share/nodejs/lodash.create
16K	/usr/share/nodejs/lodash.tostring
24K	/usr/share/nodejs/lodash.trim
8.0K	/usr/share/nodejs/@jridgewell/source-map/dist/types
256K	/usr/share/nodejs/@jridgewell/source-map/dist
268K	/usr/share/nodejs/@jridgewell/source-map
40K	/usr/share/nodejs/@jridgewell/trace-mapping/dist/types
192K	/usr/share/nodejs/@jridgewell/trace-mapping/dist
204K	/usr/share/nodejs/@jridgewell/trace-mapping
8.0K	/usr/share/nodejs/@jridgewell/set-array/dist/types
28K	/usr/share/nodejs/@jridgewell/set-array/dist
8.0K	/usr/share/nodejs/@jridgewell/set-array/src
48K	/usr/share/nodejs/@jridgewell/set-array
16K	/usr/share/nodejs/@jridgewell/gen-mapping/dist/types
92K	/usr/share/nodejs/@jridgewell/gen-mapping/dist
28K	/usr/share/nodejs/@jridgewell/gen-mapping/src
132K	/usr/share/nodejs/@jridgewell/gen-mapping
8.0K	/usr/share/nodejs/@jridgewell/resolve-uri/dist/types
68K	/usr/share/nodejs/@jridgewell/resolve-uri/dist
80K	/usr/share/nodejs/@jridgewell/resolve-uri
8.0K	/usr/share/nodejs/@jridgewell/sourcemap-codec/dist/types
44K	/usr/share/nodejs/@jridgewell/sourcemap-codec/dist
12K	/usr/share/nodejs/@jridgewell/sourcemap-codec/src
68K	/usr/share/nodejs/@jridgewell/sourcemap-codec
804K	/usr/share/nodejs/@jridgewell
8.0K	/usr/share/nodejs/web-streams-polyfill/ponyfill/es2018
8.0K	/usr/share/nodejs/web-streams-polyfill/ponyfill/es6
24K	/usr/share/nodejs/web-streams-polyfill/ponyfill
7.7M	/usr/share/nodejs/web-streams-polyfill/dist
8.0K	/usr/share/nodejs/web-streams-polyfill/es2018
8.0K	/usr/share/nodejs/web-streams-polyfill/es6
7.8M	/usr/share/nodejs/web-streams-polyfill
220K	/usr/share/nodejs/regenerate-unicode-properties/General_Category
664K	/usr/share/nodejs/regenerate-unicode-properties/Script
664K	/usr/share/nodejs/regenerate-unicode-properties/Script_Extensions
188K	/usr/share/nodejs/regenerate-unicode-properties/Property_of_Strings
364K	/usr/share/nodejs/regenerate-unicode-properties/Binary_Property
2.1M	/usr/share/nodejs/regenerate-unicode-properties
64K	/usr/share/nodejs/lodash.conforms
12K	/usr/share/nodejs/lodash.last
16K	/usr/share/nodejs/convert-source-map
44K	/usr/share/nodejs/es-module-lexer/dist
8.0K	/usr/share/nodejs/es-module-lexer/types
88K	/usr/share/nodejs/es-module-lexer
64K	/usr/share/nodejs/minipass-fetch/lib
72K	/usr/share/nodejs/minipass-fetch
4.0K	/usr/share/nodejs/async/lib
12K	/usr/share/nodejs/async
52K	/usr/share/nodejs/lodash.wrap
80K	/usr/share/nodejs/lodash.keyby
12K	/usr/share/nodejs/for-in
16K	/usr/share/nodejs/lodash.tonumber
60K	/usr/share/nodejs/lodash.isequalwith
84K	/usr/share/nodejs/lodash.oversome
12K	/usr/share/nodejs/lodash.isbuffer
24K	/usr/share/nodejs/minizlib
40K	/usr/share/nodejs/postcss-value-parser/lib
48K	/usr/share/nodejs/postcss-value-parser
20K	/usr/share/nodejs/lodash.sortedlastindexof
12K	/usr/share/nodejs/lodash.isarray
12K	/usr/share/nodejs/lodash.stubobject
20K	/usr/share/nodejs/optimist
80K	/usr/share/nodejs/lodash.reduceright
232K	/usr/share/nodejs/iconv-lite/encodings/tables
360K	/usr/share/nodejs/iconv-lite/encodings
24K	/usr/share/nodejs/iconv-lite/lib
392K	/usr/share/nodejs/iconv-lite
12K	/usr/share/nodejs/spdx-exceptions
116K	/usr/share/nodejs/source-map/dist
124K	/usr/share/nodejs/source-map/lib
260K	/usr/share/nodejs/source-map
12K	/usr/share/nodejs/lodash.stubstring
32K	/usr/share/nodejs/quick-lru
20K	/usr/share/nodejs/spdx-correct
24K	/usr/share/nodejs/@ampproject/remapping/dist/types
68K	/usr/share/nodejs/@ampproject/remapping/dist
80K	/usr/share/nodejs/@ampproject/remapping
84K	/usr/share/nodejs/@ampproject
16K	/usr/share/nodejs/arrify
24K	/usr/share/nodejs/lodash.attempt
12K	/usr/share/nodejs/json-schema-traverse/spec
28K	/usr/share/nodejs/json-schema-traverse
16K	/usr/share/nodejs/@types/lodash.pad
12K	/usr/share/nodejs/@types/source-list-map
16K	/usr/share/nodejs/@types/lodash.bindall
16K	/usr/share/nodejs/@types/lodash.pick
12K	/usr/share/nodejs/@types/keyv
12K	/usr/share/nodejs/@types/glob
16K	/usr/share/nodejs/@types/lodash.reject
12K	/usr/share/nodejs/@types/fs-readdir-recursive
16K	/usr/share/nodejs/@types/lodash.minby
16K	/usr/share/nodejs/@types/lodash.sumby
16K	/usr/share/nodejs/@types/lodash.union
16K	/usr/share/nodejs/@types/lodash.forin
16K	/usr/share/nodejs/@types/lodash.random
16K	/usr/share/nodejs/@types/lodash.unescape
12K	/usr/share/nodejs/@types/json-buffer
16K	/usr/share/nodejs/@types/lodash.isnil
16K	/usr/share/nodejs/@types/lodash.zipobject
16K	/usr/share/nodejs/@types/lodash.overevery
12K	/usr/share/nodejs/@types/osenv
16K	/usr/share/nodejs/@types/lodash.every
12K	/usr/share/nodejs/@types/promise-inflight
12K	/usr/share/nodejs/@types/events
12K	/usr/share/nodejs/@types/object-inspect
16K	/usr/share/nodejs/@types/lodash.subtract
16K	/usr/share/nodejs/@types/lodash.isset
16K	/usr/share/nodejs/@types/lodash.bind
16K	/usr/share/nodejs/@types/lodash.create
16K	/usr/share/nodejs/@types/lodash.tostring
16K	/usr/share/nodejs/@types/lodash.trim
16K	/usr/share/nodejs/@types/lodash.last
16K	/usr/share/nodejs/@types/convert-source-map
16K	/usr/share/nodejs/@types/lodash.wrap
16K	/usr/share/nodejs/@types/lodash.keyby
16K	/usr/share/nodejs/@types/lodash.tonumber
16K	/usr/share/nodejs/@types/lodash.isequalwith
16K	/usr/share/nodejs/@types/lodash.oversome
16K	/usr/share/nodejs/@types/lodash.isbuffer
16K	/usr/share/nodejs/@types/lodash.sortedlastindexof
16K	/usr/share/nodejs/@types/lodash.isarray
12K	/usr/share/nodejs/@types/optimist
16K	/usr/share/nodejs/@types/lodash.reduceright
16K	/usr/share/nodejs/@types/lodash.attempt
8.0K	/usr/share/nodejs/@types/ip-regex
12K	/usr/share/nodejs/@types/require-directory
16K	/usr/share/nodejs/@types/lodash.floor
28K	/usr/share/nodejs/@types/color-convert
16K	/usr/share/nodejs/@types/lodash.bindkey
12K	/usr/share/nodejs/@types/iferr
16K	/usr/share/nodejs/@types/lodash.method
16K	/usr/share/nodejs/@types/lodash.sortedindexof
12K	/usr/share/nodejs/@types/v8flags
16K	/usr/share/nodejs/@types/lodash.unzipwith
20K	/usr/share/nodejs/@types/sprintf-js
16K	/usr/share/nodejs/@types/lodash.invokemap
16K	/usr/share/nodejs/@types/lodash.forownright
16K	/usr/share/nodejs/@types/lodash.clamp
16K	/usr/share/nodejs/@types/lodash.forinright
16K	/usr/share/nodejs/@types/lodash.curryright
16K	/usr/share/nodejs/@types/lodash.isobject
16K	/usr/share/nodejs/@types/lodash.topairsin
48K	/usr/share/nodejs/@types/webpack-sources/lib
60K	/usr/share/nodejs/@types/webpack-sources
16K	/usr/share/nodejs/@types/color-name
16K	/usr/share/nodejs/@types/lodash.findlastindex
16K	/usr/share/nodejs/@types/lodash.round
16K	/usr/share/nodejs/@types/lodash.isweakmap
16K	/usr/share/nodejs/@types/lodash.result
16K	/usr/share/nodejs/@types/lodash.foreach
16K	/usr/share/nodejs/@types/lodash.repeat
16K	/usr/share/nodejs/@types/lodash.flattendepth
12K	/usr/share/nodejs/@types/clone
16K	/usr/share/nodejs/@types/lodash.xor
16K	/usr/share/nodejs/@types/lodash.isempty
12K	/usr/share/nodejs/@types/json-stable-stringify
16K	/usr/share/nodejs/@types/lodash.intersection
16K	/usr/share/nodejs/@types/lodash.iteratee
16K	/usr/share/nodejs/@types/lodash.lowerfirst
16K	/usr/share/nodejs/@types/lodash.max
16K	/usr/share/nodejs/@types/lodash.words
16K	/usr/share/nodejs/@types/lodash.overargs
16K	/usr/share/nodejs/@types/lodash.isnumber
16K	/usr/share/nodejs/@types/lodash.tail
16K	/usr/share/nodejs/@types/lodash.iserror
16K	/usr/share/nodejs/@types/lodash.isobjectlike
16K	/usr/share/nodejs/@types/lodash.islength
12K	/usr/share/nodejs/@types/stack-utils
16K	/usr/share/nodejs/@types/lodash.memoize
16K	/usr/share/nodejs/@types/lodash.isfinite
16K	/usr/share/nodejs/@types/lodash.ismatch
16K	/usr/share/nodejs/@types/lodash.gte
16K	/usr/share/nodejs/@types/lodash.unary
16K	/usr/share/nodejs/@types/lodash.updatewith
16K	/usr/share/nodejs/@types/lodash.isdate
16K	/usr/share/nodejs/@types/lodash.maxby
12K	/usr/share/nodejs/@types/responselike
16K	/usr/share/nodejs/@types/lodash.findlast
12K	/usr/share/nodejs/@types/abbrev
16K	/usr/share/nodejs/@types/lodash.mean
16K	/usr/share/nodejs/@types/lodash.zipobjectdeep
12K	/usr/share/nodejs/@types/isexe
16K	/usr/share/nodejs/@types/lodash.defer
16K	/usr/share/nodejs/@types/lodash.flatmap
16K	/usr/share/nodejs/@types/lodash.samplesize
16K	/usr/share/nodejs/@types/lodash.unzip
12K	/usr/share/nodejs/@types/clone-deep
12K	/usr/share/nodejs/@types/ip
16K	/usr/share/nodejs/@types/lodash.pickby
16K	/usr/share/nodejs/@types/lodash.rest
16K	/usr/share/nodejs/@types/lodash.inrange
16K	/usr/share/nodejs/@types/lodash.negate
16K	/usr/share/nodejs/@types/lodash.propertyof
16K	/usr/share/nodejs/@types/lodash.clonewith
16K	/usr/share/nodejs/@types/are-we-there-yet
16K	/usr/share/nodejs/@types/lodash.sortby
16K	/usr/share/nodejs/@types/lodash.issafeinteger
16K	/usr/share/nodejs/@types/lodash.sortedlastindexby
16K	/usr/share/nodejs/@types/lodash.isarguments
12K	/usr/share/nodejs/@types/json-parse-better-errors
16K	/usr/share/nodejs/@types/lodash.isinteger
16K	/usr/share/nodejs/@types/lodash.noop
16K	/usr/share/nodejs/@types/lodash.escaperegexp
16K	/usr/share/nodejs/@types/lodash.matches
16K	/usr/share/nodejs/@types/estraverse
16K	/usr/share/nodejs/@types/lodash.zip
12K	/usr/share/nodejs/@types/y18n
16K	/usr/share/nodejs/@types/lodash.reduce
16K	/usr/share/nodejs/@types/lodash.invertby
16K	/usr/share/nodejs/@types/lodash.transform
12K	/usr/share/nodejs/@types/shell-quote
16K	/usr/share/nodejs/@types/lodash.clone
16K	/usr/share/nodejs/@types/lodash.mapkeys
12K	/usr/share/nodejs/@types/minimist
16K	/usr/share/nodejs/@types/lodash.uniqby
16K	/usr/share/nodejs/@types/lodash.remove
16K	/usr/share/nodejs/@types/lodash.sorteduniq
16K	/usr/share/nodejs/@types/lodash.methodof
16K	/usr/share/nodejs/@types/lodash.endswith
16K	/usr/share/nodejs/@types/lodash.keys
16K	/usr/share/nodejs/@types/lodash.get
16K	/usr/share/nodejs/@types/lodash.setwith
16K	/usr/share/nodejs/@types/lodash.cond
16K	/usr/share/nodejs/@types/lodash.dropwhile
16K	/usr/share/nodejs/@types/lodash.lt
16K	/usr/share/nodejs/@types/lodash.defaults
16K	/usr/share/nodejs/@types/lodash.differencewith
16K	/usr/share/nodejs/@types/lodash.find
16K	/usr/share/nodejs/@types/lodash.filter
24K	/usr/share/nodejs/@types/jsesc
16K	/usr/share/nodejs/@types/lodash.dropright
16K	/usr/share/nodejs/@types/lodash.add
16K	/usr/share/nodejs/@types/lodash.snakecase
16K	/usr/share/nodejs/@types/busboy
16K	/usr/share/nodejs/@types/lodash.unionwith
16K	/usr/share/nodejs/@types/function-bind
16K	/usr/share/nodejs/@types/lodash.constant
16K	/usr/share/nodejs/@types/lodash.sortedlastindex
16K	/usr/share/nodejs/@types/lodash.topairs
16K	/usr/share/nodejs/@types/lodash.pullat
16K	/usr/share/nodejs/@types/lodash.clonedeepwith
16K	/usr/share/nodejs/@types/retry
12K	/usr/share/nodejs/@types/slice-ansi
16K	/usr/share/nodejs/@types/lodash.functionsin
16K	/usr/share/nodejs/@types/lodash.compact
16K	/usr/share/nodejs/@types/lodash.merge
16K	/usr/share/nodejs/@types/lodash.functions
16K	/usr/share/nodejs/@types/lodash.flip
12K	/usr/share/nodejs/@types/mute-stream
16K	/usr/share/nodejs/@types/lodash.lte
16K	/usr/share/nodejs/@types/lodash.delay
16K	/usr/share/nodejs/@types/lodash.deburr
16K	/usr/share/nodejs/@types/lodash.zipwith
12K	/usr/share/nodejs/@types/rechoir
16K	/usr/share/nodejs/@types/lodash.uniq
16K	/usr/share/nodejs/@types/lodash.sorteduniqby
16K	/usr/share/nodejs/@types/lodash.pullallwith
16K	/usr/share/nodejs/@types/lodash.droprightwhile
16K	/usr/share/nodejs/@types/lodash.assigninwith
16K	/usr/share/nodejs/@types/lodash.isboolean
16K	/usr/share/nodejs/@types/lodash.flowright
16K	/usr/share/nodejs/@types/lodash.takewhile
16K	/usr/share/nodejs/@types/lodash.findkey
16K	/usr/share/nodejs/@types/lodash.update
16K	/usr/share/nodejs/@types/lodash.foreachright
16K	/usr/share/nodejs/@types/source-map-support
16K	/usr/share/nodejs/@types/lodash.debounce
16K	/usr/share/nodejs/@types/lodash.defaultsdeep
16K	/usr/share/nodejs/@types/lodash.set
16K	/usr/share/nodejs/@types/lodash.iselement
16K	/usr/share/nodejs/@types/lodash.assign
16K	/usr/share/nodejs/@types/lodash.issymbol
16K	/usr/share/nodejs/@types/lodash.intersectionwith
16K	/usr/share/nodejs/@types/lodash.concat
24K	/usr/share/nodejs/@types/diff
16K	/usr/share/nodejs/@types/lodash.omit
16K	/usr/share/nodejs/@types/lodash.isfunction
16K	/usr/share/nodejs/@types/caniuse-lite
12K	/usr/share/nodejs/@types/base64-js
16K	/usr/share/nodejs/@types/lodash.hasin
16K	/usr/share/nodejs/@types/lodash.escape
12K	/usr/share/nodejs/@types/merge-stream
16K	/usr/share/nodejs/@types/lodash.takerightwhile
16K	/usr/share/nodejs/@types/lodash.sortedindexby
16K	/usr/share/nodejs/@types/uuid
16K	/usr/share/nodejs/@types/lodash.orderby
12K	/usr/share/nodejs/@types/defaults
16K	/usr/share/nodejs/@types/lodash.valuesin
12K	/usr/share/nodejs/@types/graceful-fs
16K	/usr/share/nodejs/@types/lodash.drop
16K	/usr/share/nodejs/@types/lodash.multiply
16K	/usr/share/nodejs/@types/lodash.parseint
16K	/usr/share/nodejs/@types/lodash.matchesproperty
16K	/usr/share/nodejs/@types/lodash.assignwith
16K	/usr/share/nodejs/@types/lodash.keysin
16K	/usr/share/nodejs/@types/lodash.over
16K	/usr/share/nodejs/@types/lodash.flatmapdepth
16K	/usr/share/nodejs/@types/lodash.ary
16K	/usr/share/nodejs/@types/lodash.camelcase
16K	/usr/share/nodejs/@types/lodash.flow
16K	/usr/share/nodejs/@types/lodash.reverse
16K	/usr/share/nodejs/@types/lodash.rearg
16K	/usr/share/nodejs/@types/lodash.after
16K	/usr/share/nodejs/@types/lodash.isundefined
16K	/usr/share/nodejs/@types/lodash.chunk
16K	/usr/share/nodejs/@types/lodash.toplainobject
16K	/usr/share/nodejs/@types/lodash.head
16K	/usr/share/nodejs/@types/lodash.lastindexof
16K	/usr/share/nodejs/@types/lodash.castarray
16K	/usr/share/nodejs/@types/lodash.tointeger
16K	/usr/share/nodejs/@types/lodash.trimend
16K	/usr/share/nodejs/@types/lodash.spread
16K	/usr/share/nodejs/@types/lodash.throttle
16K	/usr/share/nodejs/@types/lodash.split
16K	/usr/share/nodejs/@types/lodash.tosafeinteger
16K	/usr/share/nodejs/@types/lodash.isequal
16K	/usr/share/nodejs/@types/lodash.frompairs
12K	/usr/share/nodejs/@types/fancy-log
12K	/usr/share/nodejs/@types/negotiator
16K	/usr/share/nodejs/@types/lodash.min
16K	/usr/share/nodejs/@types/lodash.shuffle
16K	/usr/share/nodejs/@types/lodash.once
12K	/usr/share/nodejs/@types/brace-expansion
16K	/usr/share/nodejs/@types/lodash.isnull
16K	/usr/share/nodejs/@types/lodash.difference
16K	/usr/share/nodejs/@types/lodash.rangeright
16K	/usr/share/nodejs/@types/lodash.isnan
16K	/usr/share/nodejs/@types/lodash.now
16K	/usr/share/nodejs/@types/lodash.ismap
16K	/usr/share/nodejs/@types/lodash.uniqwith
16K	/usr/share/nodejs/@types/lodash.curry
16K	/usr/share/nodejs/@types/lodash.sum
16K	/usr/share/nodejs/@types/lodash.gt
12K	/usr/share/nodejs/@types/end-of-stream
16K	/usr/share/nodejs/@types/lodash.slice
16K	/usr/share/nodejs/@types/lodash.startswith
16K	/usr/share/nodejs/@types/lodash.findlastkey
16K	/usr/share/nodejs/@types/lodash.uppercase
16K	/usr/share/nodejs/@types/lodash.upperfirst
12K	/usr/share/nodejs/@types/concat-stream
16K	/usr/share/nodejs/@types/lodash.before
16K	/usr/share/nodejs/@types/lodash.identity
16K	/usr/share/nodejs/@types/lodash.fill
40K	/usr/share/nodejs/@types/json-schema
16K	/usr/share/nodejs/@types/lodash.stubtrue
16K	/usr/share/nodejs/@types/lodash.some
16K	/usr/share/nodejs/@types/lodash.meanby
16K	/usr/share/nodejs/@types/lodash.without
24K	/usr/share/nodejs/@types/n3
16K	/usr/share/nodejs/@types/lodash.flatmapdeep
16K	/usr/share/nodejs/@types/lodash.clonedeep
16K	/usr/share/nodejs/@types/lodash.padstart
16K	/usr/share/nodejs/@types/lodash.toupper
16K	/usr/share/nodejs/@types/lodash.has
16K	/usr/share/nodejs/@types/lodash.property
16K	/usr/share/nodejs/@types/lodash.map
16K	/usr/share/nodejs/@types/lodash.uniqueid
16K	/usr/share/nodejs/@types/lodash.ismatchwith
16K	/usr/share/nodejs/@types/lodash.invoke
16K	/usr/share/nodejs/@types/lodash.tofinite
16K	/usr/share/nodejs/@types/lodash.kebabcase
16K	/usr/share/nodejs/@types/lodash.partialright
16K	/usr/share/nodejs/@types/lodash.ceil
16K	/usr/share/nodejs/@types/lodash.findindex
16K	/usr/share/nodejs/@types/lodash.size
16K	/usr/share/nodejs/@types/lodash.template
12K	/usr/share/nodejs/@types/randombytes
16K	/usr/share/nodejs/@types/lodash.replace
12K	/usr/share/nodejs/@types/write-file-atomic
8.0K	/usr/share/nodejs/@types/handlebars
16K	/usr/share/nodejs/@types/lodash.mixin
16K	/usr/share/nodejs/@types/lodash.eq
12K	/usr/share/nodejs/@types/esutils
16K	/usr/share/nodejs/@types/lodash.partial
12K	/usr/share/nodejs/@types/path-is-inside
16K	/usr/share/nodejs/@types/lodash.sortedindex
16K	/usr/share/nodejs/@types/lodash.mapvalues
16K	/usr/share/nodejs/@types/lodash.stubfalse
16K	/usr/share/nodejs/@types/lodash.flatten
16K	/usr/share/nodejs/@types/lodash.sample
16K	/usr/share/nodejs/@types/lodash.ntharg
16K	/usr/share/nodejs/@types/lodash.trimstart
16K	/usr/share/nodejs/@types/lodash.tolength
16K	/usr/share/nodejs/@types/lodash.xorwith
16K	/usr/share/nodejs/@types/lodash.isarraybuffer
20K	/usr/share/nodejs/@types/spdx-expression-parse
16K	/usr/share/nodejs/@types/http-cache-semantics
16K	/usr/share/nodejs/@types/lodash.indexof
16K	/usr/share/nodejs/@types/lodash.pullall
12K	/usr/share/nodejs/@types/yallist
16K	/usr/share/nodejs/@types/lodash.omitby
16K	/usr/share/nodejs/@types/lodash.isarraylike
16K	/usr/share/nodejs/@types/lodash.pullallby
16K	/usr/share/nodejs/@types/cacheable-request
16K	/usr/share/nodejs/@types/lodash.join
16K	/usr/share/nodejs/@types/lodash.truncate
36K	/usr/share/nodejs/@types/estree
16K	/usr/share/nodejs/@types/lodash.includes
16K	/usr/share/nodejs/@types/lodash.times
16K	/usr/share/nodejs/@types/lodash.xorby
12K	/usr/share/nodejs/@types/commondir
16K	/usr/share/nodejs/@types/lodash.nth
16K	/usr/share/nodejs/@types/lodash.mergewith
12K	/usr/share/nodejs/@types/is-windows
16K	/usr/share/nodejs/@types/lodash.tolower
16K	/usr/share/nodejs/@types/lodash.lowercase
16K	/usr/share/nodejs/@types/lodash.at
16K	/usr/share/nodejs/@types/lodash.topath
16K	/usr/share/nodejs/@types/lodash.pull
12K	/usr/share/nodejs/@types/through
16K	/usr/share/nodejs/@types/lodash.isweakset
16K	/usr/share/nodejs/@types/lodash.take
16K	/usr/share/nodejs/@types/lodash.invert
16K	/usr/share/nodejs/@types/lodash.groupby
16K	/usr/share/nodejs/@types/lodash.takeright
12K	/usr/share/nodejs/@types/supports-color
16K	/usr/share/nodejs/@types/lodash.capitalize
16K	/usr/share/nodejs/@types/lodash.initial
16K	/usr/share/nodejs/@types/lodash.startcase
16K	/usr/share/nodejs/@types/lodash.unionby
16K	/usr/share/nodejs/@types/lodash.countby
12K	/usr/share/nodejs/@types/require-from-string
16K	/usr/share/nodejs/@types/lodash.isregexp
16K	/usr/share/nodejs/@types/lodash.values
16K	/usr/share/nodejs/@types/lodash.isstring
16K	/usr/share/nodejs/@types/lodash.isnative
12K	/usr/share/nodejs/@types/imurmurhash
16K	/usr/share/nodejs/@types/lodash.toarray
16K	/usr/share/nodejs/@types/lodash.forown
16K	/usr/share/nodejs/@types/lodash.assignin
16K	/usr/share/nodejs/@types/resolve
16K	/usr/share/nodejs/@types/lodash.flattendeep
16K	/usr/share/nodejs/@types/lodash.istypedarray
12K	/usr/share/nodejs/@types/pify
16K	/usr/share/nodejs/@types/lodash.unset
16K	/usr/share/nodejs/@types/lodash.range
16K	/usr/share/nodejs/@types/lodash.isarraylikeobject
16K	/usr/share/nodejs/@types/lodash.padend
16K	/usr/share/nodejs/@types/lodash.differenceby
16K	/usr/share/nodejs/@types/lodash.divide
16K	/usr/share/nodejs/@types/lodash.partition
16K	/usr/share/nodejs/@types/lodash.isplainobject
16K	/usr/share/nodejs/@types/lodash.intersectionby
5.6M	/usr/share/nodejs/@types
16K	/usr/share/nodejs/ip-regex
12K	/usr/share/nodejs/require-directory
12K	/usr/share/nodejs/minipass-sized
16K	/usr/share/nodejs/shebang-regex
20K	/usr/share/nodejs/lodash.floor
20K	/usr/share/nodejs/data-uri-to-buffer/dist
28K	/usr/share/nodejs/data-uri-to-buffer
36K	/usr/share/nodejs/color-convert
52K	/usr/share/nodejs/lodash.bindkey
20K	/usr/share/nodejs/levn/lib
28K	/usr/share/nodejs/levn
16K	/usr/share/nodejs/import-fresh
12K	/usr/share/nodejs/iferr
44K	/usr/share/nodejs/lodash.method
20K	/usr/share/nodejs/lodash.sortedindexof
12K	/usr/share/nodejs/unique-filename/node_modules/unique-slug
16K	/usr/share/nodejs/unique-filename/node_modules
28K	/usr/share/nodejs/unique-filename
16K	/usr/share/nodejs/lowercase-keys
20K	/usr/share/nodejs/v8flags
20K	/usr/share/nodejs/cli-boxes
20K	/usr/share/nodejs/lodash.unzipwith
8.0K	/usr/share/nodejs/encoding/lib
16K	/usr/share/nodejs/encoding
52K	/usr/share/nodejs/readable-stream/lib/internal/streams
56K	/usr/share/nodejs/readable-stream/lib/internal
140K	/usr/share/nodejs/readable-stream/lib
172K	/usr/share/nodejs/readable-stream
4.0K	/usr/share/nodejs/sprintf-js/src
12K	/usr/share/nodejs/sprintf-js
12K	/usr/share/nodejs/ansi-wrap
20K	/usr/share/nodejs/err-code
56K	/usr/share/nodejs/lodash.invokemap
28K	/usr/share/nodejs/lodash.forownright
40K	/usr/share/nodejs/regenerator-runtime
20K	/usr/share/nodejs/lodash.clamp
12K	/usr/share/nodejs/growl/lib
20K	/usr/share/nodejs/growl
28K	/usr/share/nodejs/lodash.forinright
48K	/usr/share/nodejs/lodash.curryright
12K	/usr/share/nodejs/log-driver
28K	/usr/share/nodejs/argparse/lib
164K	/usr/share/nodejs/argparse
32K	/usr/share/nodejs/memfs/lib/internal
264K	/usr/share/nodejs/memfs/lib
272K	/usr/share/nodejs/memfs
12K	/usr/share/nodejs/lodash.isobject
32K	/usr/share/nodejs/lodash.topairsin
8.0K	/usr/share/nodejs/webpack-sources/lib/helpers/__mocks__
84K	/usr/share/nodejs/webpack-sources/lib/helpers
156K	/usr/share/nodejs/webpack-sources/lib
164K	/usr/share/nodejs/webpack-sources
16K	/usr/share/nodejs/color-name
80K	/usr/share/nodejs/lodash.findlastindex
20K	/usr/share/nodejs/lodash.round
16K	/usr/share/nodejs/chownr
12K	/usr/share/nodejs/tslib/modules
76K	/usr/share/nodejs/tslib
20K	/usr/share/nodejs/lodash.isweakmap
36K	/usr/share/nodejs/lodash.result
32K	/usr/share/nodejs/lodash.foreach
12K	/usr/share/nodejs/unicode-canonical-property-names-ecmascript
12K	/usr/share/nodejs/repeat-string
96K	/usr/share/nodejs/yaml/dist/stringify
164K	/usr/share/nodejs/yaml/dist/compose
64K	/usr/share/nodejs/yaml/dist/doc
120K	/usr/share/nodejs/yaml/dist/parse
92K	/usr/share/nodejs/yaml/dist/nodes
36K	/usr/share/nodejs/yaml/dist/schema/common
12K	/usr/share/nodejs/yaml/dist/schema/json
36K	/usr/share/nodejs/yaml/dist/schema/core
76K	/usr/share/nodejs/yaml/dist/schema/yaml-1.1
188K	/usr/share/nodejs/yaml/dist/schema
812K	/usr/share/nodejs/yaml/dist
64K	/usr/share/nodejs/yaml/browser/dist/stringify
100K	/usr/share/nodejs/yaml/browser/dist/compose
40K	/usr/share/nodejs/yaml/browser/dist/doc
92K	/usr/share/nodejs/yaml/browser/dist/parse
52K	/usr/share/nodejs/yaml/browser/dist/nodes
20K	/usr/share/nodejs/yaml/browser/dist/schema/common
8.0K	/usr/share/nodejs/yaml/browser/dist/schema/json
20K	/usr/share/nodejs/yaml/browser/dist/schema/core
40K	/usr/share/nodejs/yaml/browser/dist/schema/yaml-1.1
100K	/usr/share/nodejs/yaml/browser/dist/schema
484K	/usr/share/nodejs/yaml/browser/dist
496K	/usr/share/nodejs/yaml/browser
1.3M	/usr/share/nodejs/yaml
28K	/usr/share/nodejs/lodash.repeat
24K	/usr/share/nodejs/lodash.flattendepth
16K	/usr/share/nodejs/clone
24K	/usr/share/nodejs/unicode-match-property-value-ecmascript/data
36K	/usr/share/nodejs/unicode-match-property-value-ecmascript
48K	/usr/share/nodejs/lodash.xor
28K	/usr/share/nodejs/lodash.isempty
28K	/usr/share/nodejs/js-tokens
12K	/usr/share/nodejs/json-stable-stringify
40K	/usr/share/nodejs/lodash.intersection
16K	/usr/share/nodejs/minimist-options
92K	/usr/share/nodejs/lodash.iteratee
304K	/usr/share/nodejs/regexpp
16K	/usr/share/nodejs/cacheable-lookup/source
32K	/usr/share/nodejs/cacheable-lookup
20K	/usr/share/nodejs/lodash.lowerfirst
16K	/usr/share/nodejs/lodash.max
20K	/usr/share/nodejs/lodash.words
80K	/usr/share/nodejs/lodash.overargs
32K	/usr/share/nodejs/safer-buffer
16K	/usr/share/nodejs/unset-value
16K	/usr/share/nodejs/lodash.isnumber
12K	/usr/share/nodejs/lodash.tail
12K	/usr/share/nodejs/minipass-pipeline
16K	/usr/share/nodejs/lodash.iserror
12K	/usr/share/nodejs/lodash.isobjectlike
276K	/usr/share/nodejs/neo-async/dist
276K	/usr/share/nodejs/neo-async/lib
1.3M	/usr/share/nodejs/neo-async
12K	/usr/share/nodejs/lodash.islength
16K	/usr/share/nodejs/stack-utils
28K	/usr/share/nodejs/lodash.memoize
12K	/usr/share/nodejs/lodash.isfinite
44K	/usr/share/nodejs/formdata-polyfill
60K	/usr/share/nodejs/lodash.ismatch
16K	/usr/share/nodejs/lodash.gte
48K	/usr/share/nodejs/lodash.unary
72K	/usr/share/nodejs/has/coverage
8.0K	/usr/share/nodejs/has/src
88K	/usr/share/nodejs/has
12K	/usr/share/nodejs/resolve-alpn
40K	/usr/share/nodejs/lodash.updatewith
16K	/usr/share/nodejs/lodash.isdate
12K	/usr/share/nodejs/colors/lib/custom
20K	/usr/share/nodejs/colors/lib/maps
12K	/usr/share/nodejs/colors/lib/system
68K	/usr/share/nodejs/colors/lib
8.0K	/usr/share/nodejs/colors/themes
96K	/usr/share/nodejs/colors
76K	/usr/share/nodejs/lodash.maxby
8.0K	/usr/share/nodejs/responselike/src
16K	/usr/share/nodejs/responselike
12K	/usr/share/nodejs/for-own
80K	/usr/share/nodejs/lodash.findlast
12K	/usr/share/nodejs/abbrev
12K	/usr/share/nodejs/lodash.mean
40K	/usr/share/nodejs/lodash.zipobjectdeep
20K	/usr/share/nodejs/isexe
24K	/usr/share/nodejs/lodash.defer
80K	/usr/share/nodejs/lodash.flatmap
36K	/usr/share/nodejs/lodash.samplesize
20K	/usr/share/nodejs/fast-deep-equal/es6
44K	/usr/share/nodejs/fast-deep-equal
20K	/usr/share/nodejs/lodash.unzip
12K	/usr/share/nodejs/clone-deep
16K	/usr/share/nodejs/ip/lib
24K	/usr/share/nodejs/ip
80K	/usr/share/nodejs/lodash.pickby
64K	/usr/share/nodejs/globals
16K	/usr/share/nodejs/core-js/es/json
80K	/usr/share/nodejs/core-js/es/math
8.0K	/usr/share/nodejs/core-js/es/weak-map
12K	/usr/share/nodejs/core-js/es/function/virtual
32K	/usr/share/nodejs/core-js/es/function
136K	/usr/share/nodejs/core-js/es/string/virtual
296K	/usr/share/nodejs/core-js/es/string
8.0K	/usr/share/nodejs/core-js/es/map
20K	/usr/share/nodejs/core-js/es/promise
204K	/usr/share/nodejs/core-js/es/instance
20K	/usr/share/nodejs/core-js/es/number/virtual
80K	/usr/share/nodejs/core-js/es/number
16K	/usr/share/nodejs/core-js/es/error
148K	/usr/share/nodejs/core-js/es/array/virtual
308K	/usr/share/nodejs/core-js/es/array
8.0K	/usr/share/nodejs/core-js/es/data-view
20K	/usr/share/nodejs/core-js/es/array-buffer
184K	/usr/share/nodejs/core-js/es/typed-array
8.0K	/usr/share/nodejs/core-js/es/weak-set
48K	/usr/share/nodejs/core-js/es/regexp
40K	/usr/share/nodejs/core-js/es/date
72K	/usr/share/nodejs/core-js/es/symbol
120K	/usr/share/nodejs/core-js/es/object
8.0K	/usr/share/nodejs/core-js/es/set
64K	/usr/share/nodejs/core-js/es/reflect
1.7M	/usr/share/nodejs/core-js/es
28K	/usr/share/nodejs/core-js/full/json
12K	/usr/share/nodejs/core-js/full/bigint
136K	/usr/share/nodejs/core-js/full/math
8.0K	/usr/share/nodejs/core-js/full/url-search-params
8.0K	/usr/share/nodejs/core-js/full/observable
76K	/usr/share/nodejs/core-js/full/iterator
28K	/usr/share/nodejs/core-js/full/weak-map
12K	/usr/share/nodejs/core-js/full/disposable-stack
16K	/usr/share/nodejs/core-js/full/dom-exception
20K	/usr/share/nodejs/core-js/full/function/virtual
60K	/usr/share/nodejs/core-js/full/function
140K	/usr/share/nodejs/core-js/full/string/virtual
312K	/usr/share/nodejs/core-js/full/string
88K	/usr/share/nodejs/core-js/full/map
68K	/usr/share/nodejs/core-js/full/async-iterator
12K	/usr/share/nodejs/core-js/full/async-disposable-stack
28K	/usr/share/nodejs/core-js/full/promise
244K	/usr/share/nodejs/core-js/full/instance
20K	/usr/share/nodejs/core-js/full/number/virtual
88K	/usr/share/nodejs/core-js/full/number
16K	/usr/share/nodejs/core-js/full/error
176K	/usr/share/nodejs/core-js/full/array/virtual
380K	/usr/share/nodejs/core-js/full/array
24K	/usr/share/nodejs/core-js/full/data-view
32K	/usr/share/nodejs/core-js/full/array-buffer
208K	/usr/share/nodejs/core-js/full/typed-array
16K	/usr/share/nodejs/core-js/full/dom-collections
24K	/usr/share/nodejs/core-js/full/weak-set
52K	/usr/share/nodejs/core-js/full/regexp
16K	/usr/share/nodejs/core-js/full/url
40K	/usr/share/nodejs/core-js/full/date
120K	/usr/share/nodejs/core-js/full/symbol
136K	/usr/share/nodejs/core-js/full/object
80K	/usr/share/nodejs/core-js/full/set
100K	/usr/share/nodejs/core-js/full/reflect
2.6M	/usr/share/nodejs/core-js/full
28K	/usr/share/nodejs/core-js/actual/json
84K	/usr/share/nodejs/core-js/actual/math
8.0K	/usr/share/nodejs/core-js/actual/url-search-params
64K	/usr/share/nodejs/core-js/actual/iterator
8.0K	/usr/share/nodejs/core-js/actual/weak-map
12K	/usr/share/nodejs/core-js/actual/disposable-stack
16K	/usr/share/nodejs/core-js/actual/dom-exception
12K	/usr/share/nodejs/core-js/actual/function/virtual
36K	/usr/share/nodejs/core-js/actual/function
136K	/usr/share/nodejs/core-js/actual/string/virtual
296K	/usr/share/nodejs/core-js/actual/string
12K	/usr/share/nodejs/core-js/actual/map
60K	/usr/share/nodejs/core-js/actual/async-iterator
12K	/usr/share/nodejs/core-js/actual/async-disposable-stack
24K	/usr/share/nodejs/core-js/actual/promise
220K	/usr/share/nodejs/core-js/actual/instance
20K	/usr/share/nodejs/core-js/actual/number/virtual
80K	/usr/share/nodejs/core-js/actual/number
16K	/usr/share/nodejs/core-js/actual/error
164K	/usr/share/nodejs/core-js/actual/array/virtual
344K	/usr/share/nodejs/core-js/actual/array
16K	/usr/share/nodejs/core-js/actual/data-view
32K	/usr/share/nodejs/core-js/actual/array-buffer
188K	/usr/share/nodejs/core-js/actual/typed-array
16K	/usr/share/nodejs/core-js/actual/dom-collections
8.0K	/usr/share/nodejs/core-js/actual/weak-set
48K	/usr/share/nodejs/core-js/actual/regexp
16K	/usr/share/nodejs/core-js/actual/url
40K	/usr/share/nodejs/core-js/actual/date
84K	/usr/share/nodejs/core-js/actual/symbol
124K	/usr/share/nodejs/core-js/actual/object
36K	/usr/share/nodejs/core-js/actual/set
64K	/usr/share/nodejs/core-js/actual/reflect
2.1M	/usr/share/nodejs/core-js/actual
40K	/usr/share/nodejs/core-js/web
28K	/usr/share/nodejs/core-js/features/json
12K	/usr/share/nodejs/core-js/features/bigint
136K	/usr/share/nodejs/core-js/features/math
8.0K	/usr/share/nodejs/core-js/features/url-search-params
8.0K	/usr/share/nodejs/core-js/features/observable
76K	/usr/share/nodejs/core-js/features/iterator
28K	/usr/share/nodejs/core-js/features/weak-map
12K	/usr/share/nodejs/core-js/features/disposable-stack
16K	/usr/share/nodejs/core-js/features/dom-exception
20K	/usr/share/nodejs/core-js/features/function/virtual
60K	/usr/share/nodejs/core-js/features/function
140K	/usr/share/nodejs/core-js/features/string/virtual
312K	/usr/share/nodejs/core-js/features/string
88K	/usr/share/nodejs/core-js/features/map
68K	/usr/share/nodejs/core-js/features/async-iterator
12K	/usr/share/nodejs/core-js/features/async-disposable-stack
28K	/usr/share/nodejs/core-js/features/promise
244K	/usr/share/nodejs/core-js/features/instance
20K	/usr/share/nodejs/core-js/features/number/virtual
88K	/usr/share/nodejs/core-js/features/number
16K	/usr/share/nodejs/core-js/features/error
176K	/usr/share/nodejs/core-js/features/array/virtual
380K	/usr/share/nodejs/core-js/features/array
24K	/usr/share/nodejs/core-js/features/data-view
32K	/usr/share/nodejs/core-js/features/array-buffer
208K	/usr/share/nodejs/core-js/features/typed-array
16K	/usr/share/nodejs/core-js/features/dom-collections
24K	/usr/share/nodejs/core-js/features/weak-set
52K	/usr/share/nodejs/core-js/features/regexp
16K	/usr/share/nodejs/core-js/features/url
40K	/usr/share/nodejs/core-js/features/date
120K	/usr/share/nodejs/core-js/features/symbol
136K	/usr/share/nodejs/core-js/features/object
80K	/usr/share/nodejs/core-js/features/set
100K	/usr/share/nodejs/core-js/features/reflect
2.5M	/usr/share/nodejs/core-js/features
1.3M	/usr/share/nodejs/core-js/internals
16K	/usr/share/nodejs/core-js/stable/json
80K	/usr/share/nodejs/core-js/stable/math
8.0K	/usr/share/nodejs/core-js/stable/url-search-params
8.0K	/usr/share/nodejs/core-js/stable/weak-map
16K	/usr/share/nodejs/core-js/stable/dom-exception
12K	/usr/share/nodejs/core-js/stable/function/virtual
32K	/usr/share/nodejs/core-js/stable/function
136K	/usr/share/nodejs/core-js/stable/string/virtual
296K	/usr/share/nodejs/core-js/stable/string
8.0K	/usr/share/nodejs/core-js/stable/map
20K	/usr/share/nodejs/core-js/stable/promise
204K	/usr/share/nodejs/core-js/stable/instance
20K	/usr/share/nodejs/core-js/stable/number/virtual
80K	/usr/share/nodejs/core-js/stable/number
16K	/usr/share/nodejs/core-js/stable/error
148K	/usr/share/nodejs/core-js/stable/array/virtual
308K	/usr/share/nodejs/core-js/stable/array
8.0K	/usr/share/nodejs/core-js/stable/data-view
20K	/usr/share/nodejs/core-js/stable/array-buffer
184K	/usr/share/nodejs/core-js/stable/typed-array
16K	/usr/share/nodejs/core-js/stable/dom-collections
8.0K	/usr/share/nodejs/core-js/stable/weak-set
48K	/usr/share/nodejs/core-js/stable/regexp
16K	/usr/share/nodejs/core-js/stable/url
40K	/usr/share/nodejs/core-js/stable/date
72K	/usr/share/nodejs/core-js/stable/symbol
120K	/usr/share/nodejs/core-js/stable/object
8.0K	/usr/share/nodejs/core-js/stable/set
64K	/usr/share/nodejs/core-js/stable/reflect
1.8M	/usr/share/nodejs/core-js/stable
2.1M	/usr/share/nodejs/core-js/modules
340K	/usr/share/nodejs/core-js/proposals
32K	/usr/share/nodejs/core-js/stage
15M	/usr/share/nodejs/core-js
28K	/usr/share/nodejs/lodash.rest
20K	/usr/share/nodejs/lodash.inrange
16K	/usr/share/nodejs/is-path-cwd
16K	/usr/share/nodejs/pkg-dir
12K	/usr/share/nodejs/lodash.negate
36K	/usr/share/nodejs/lodash.propertyof
64K	/usr/share/nodejs/lodash.clonewith
24K	/usr/share/nodejs/npm-run-path
24K	/usr/share/nodejs/are-we-there-yet/lib
32K	/usr/share/nodejs/are-we-there-yet
88K	/usr/share/nodejs/lodash.sortby
12K	/usr/share/nodejs/mixin-deep
20K	/usr/share/nodejs/lodash.issafeinteger
76K	/usr/share/nodejs/lodash.sortedlastindexby
16K	/usr/share/nodejs/lodash.isarguments
12K	/usr/share/nodejs/json-parse-better-errors
20K	/usr/share/nodejs/lodash.isinteger
24K	/usr/share/nodejs/babel-plugin-add-module-exports/lib
32K	/usr/share/nodejs/babel-plugin-add-module-exports
12K	/usr/share/nodejs/lodash.noop
12K	/usr/share/nodejs/pump
56K	/usr/share/nodejs/lru-cache
16K	/usr/share/nodejs/chrome-trace-event/dist
24K	/usr/share/nodejs/chrome-trace-event
12K	/usr/share/nodejs/path-dirname
16K	/usr/share/nodejs/lodash.escaperegexp
80K	/usr/share/nodejs/lodash.matches
12K	/usr/share/nodejs/text-table
16K	/usr/share/nodejs/has-flag
72K	/usr/share/nodejs/eslint-utils
32K	/usr/share/nodejs/@fastify/busboy/deps/dicer/lib
40K	/usr/share/nodejs/@fastify/busboy/deps/dicer
12K	/usr/share/nodejs/@fastify/busboy/deps/streamsearch
56K	/usr/share/nodejs/@fastify/busboy/deps
24K	/usr/share/nodejs/@fastify/busboy/lib/utils
24K	/usr/share/nodejs/@fastify/busboy/lib/types
64K	/usr/share/nodejs/@fastify/busboy/lib
128K	/usr/share/nodejs/@fastify/busboy
132K	/usr/share/nodejs/@fastify
36K	/usr/share/nodejs/estraverse
24K	/usr/share/nodejs/path-exists
20K	/usr/share/nodejs/is-fullwidth-code-point
20K	/usr/share/nodejs/p-cancelable
28K	/usr/share/nodejs/lodash.zip
112K	/usr/share/nodejs/commander/lib
32K	/usr/share/nodejs/commander/typings
164K	/usr/share/nodejs/commander
28K	/usr/share/nodejs/loader-runner/lib
36K	/usr/share/nodejs/loader-runner
12K	/usr/share/nodejs/y18n/build/lib/platform-shims
36K	/usr/share/nodejs/y18n/build/lib
48K	/usr/share/nodejs/y18n/build
64K	/usr/share/nodejs/y18n
12K	/usr/share/nodejs/is-extglob
12K	/usr/share/nodejs/pascalcase
80K	/usr/share/nodejs/lodash.reduce
80K	/usr/share/nodejs/lodash.invertby
80K	/usr/share/nodejs/lodash.transform
16K	/usr/share/nodejs/shell-quote
20K	/usr/share/nodejs/is-core-module
28K	/usr/share/nodejs/typedarray
64K	/usr/share/nodejs/lodash.clone
8.0K	/usr/share/nodejs/core-util-is/lib
16K	/usr/share/nodejs/core-util-is
12K	/usr/share/nodejs/set-immediate-shim
12K	/usr/share/nodejs/async-each
20K	/usr/share/nodejs/serialize-javascript
76K	/usr/share/nodejs/lodash.mapkeys
68K	/usr/share/nodejs/foreground-child/dist/cjs
68K	/usr/share/nodejs/foreground-child/dist/mjs
140K	/usr/share/nodejs/foreground-child/dist
148K	/usr/share/nodejs/foreground-child
16K	/usr/share/nodejs/minipass-json-stream
16K	/usr/share/nodejs/minimist
80K	/usr/share/nodejs/lodash.uniqby
12K	/usr/share/nodejs/shallow-clone
16K	/usr/share/nodejs/promzard
80K	/usr/share/nodejs/lodash.remove
12K	/usr/share/nodejs/lodash.sorteduniq
40K	/usr/share/nodejs/normalize-url
24K	/usr/share/nodejs/lodash.templatesettings
12K	/usr/share/nodejs/balanced-match
44K	/usr/share/nodejs/lodash.methodof
20K	/usr/share/nodejs/lodash.endswith
28K	/usr/share/nodejs/lodash.keys
36K	/usr/share/nodejs/lodash.get
12K	/usr/share/nodejs/define-property
40K	/usr/share/nodejs/lodash.setwith
80K	/usr/share/nodejs/lodash.cond
76K	/usr/share/nodejs/lodash.dropwhile
16K	/usr/share/nodejs/lodash.lt
36K	/usr/share/nodejs/lodash.defaults
16K	/usr/share/nodejs/path-type
44K	/usr/share/nodejs/lodash.differencewith
80K	/usr/share/nodejs/lodash.find
12K	/usr/share/nodejs/parse-node-version
24K	/usr/share/nodejs/fs.realpath
80K	/usr/share/nodejs/lodash.filter
28K	/usr/share/nodejs/lodash.conformsto
16K	/usr/share/nodejs/callsites
24K	/usr/share/nodejs/tiny-glob
12K	/usr/share/nodejs/wordwrap
20K	/usr/share/nodejs/p-locate
8.0K	/usr/share/nodejs/jsesc/man
8.0K	/usr/share/nodejs/jsesc/bin
32K	/usr/share/nodejs/jsesc
20K	/usr/share/nodejs/lodash.dropright
16K	/usr/share/nodejs/lodash.add
28K	/usr/share/nodejs/lodash.snakecase
36K	/usr/share/nodejs/busboy/lib/types
60K	/usr/share/nodejs/busboy/lib
68K	/usr/share/nodejs/busboy
16K	/usr/share/nodejs/resolve-cwd
16K	/usr/share/nodejs/indent-string
44K	/usr/share/nodejs/lodash.unionwith
16K	/usr/share/nodejs/function-bind
12K	/usr/share/nodejs/lodash.constant
20K	/usr/share/nodejs/lodash.sortedlastindex
32K	/usr/share/nodejs/lodash.topairs
48K	/usr/share/nodejs/lodash.pullat
64K	/usr/share/nodejs/lodash.clonedeepwith
12K	/usr/share/nodejs/retry/lib
24K	/usr/share/nodejs/retry
12K	/usr/share/nodejs/lodash.defaultto
16K	/usr/share/nodejs/to-fast-properties
20K	/usr/share/nodejs/slice-ansi
8.0K	/usr/share/nodejs/flatted/esm
12K	/usr/share/nodejs/flatted/cjs
32K	/usr/share/nodejs/flatted
16K	/usr/share/nodejs/is-plain-obj
28K	/usr/share/nodejs/lodash.functionsin
12K	/usr/share/nodejs/lodash.compact
60K	/usr/share/nodejs/lodash.merge
12K	/usr/share/nodejs/minipass-collect
28K	/usr/share/nodejs/lodash.functions
48K	/usr/share/nodejs/lodash.flip
8.0K	/usr/share/nodejs/globalyzer/src
16K	/usr/share/nodejs/globalyzer
12K	/usr/share/nodejs/mute-stream
16K	/usr/share/nodejs/lodash.lte
84K	/usr/share/nodejs/regenerator-transform/src
92K	/usr/share/nodejs/regenerator-transform/lib
188K	/usr/share/nodejs/regenerator-transform
28K	/usr/share/nodejs/lodash.delay
16K	/usr/share/nodejs/aggregate-error
20K	/usr/share/nodejs/lodash.deburr
8.0K	/usr/share/nodejs/fs-monkey/lib/__tests__
8.0K	/usr/share/nodejs/fs-monkey/lib/util
40K	/usr/share/nodejs/fs-monkey/lib
48K	/usr/share/nodejs/fs-monkey
28K	/usr/share/nodejs/lodash.zipwith
16K	/usr/share/nodejs/is-buffer
16K	/usr/share/nodejs/rechoir/lib
28K	/usr/share/nodejs/rechoir
32K	/usr/share/nodejs/lodash.uniq
76K	/usr/share/nodejs/lodash.sorteduniqby
16K	/usr/share/nodejs/parent-module
20K	/usr/share/nodejs/got/dist/utils
60K	/usr/share/nodejs/got/dist/as-promise
96K	/usr/share/nodejs/got/dist/core/utils
216K	/usr/share/nodejs/got/dist/core
348K	/usr/share/nodejs/got/dist
356K	/usr/share/nodejs/got
16K	/usr/share/nodejs/lodash.pullallwith
76K	/usr/share/nodejs/lodash.droprightwhile
20K	/usr/share/nodejs/isobject
40K	/usr/share/nodejs/lodash.assigninwith
12K	/usr/share/nodejs/lodash.isboolean
16K	/usr/share/nodejs/escape-string-regexp
28K	/usr/share/nodejs/lodash.flowright
12K	/usr/share/nodejs/deep-is
76K	/usr/share/nodejs/lodash.takewhile
12K	/usr/share/nodejs/json-parse-even-better-errors
8.0K	/usr/share/nodejs/bufferstreams/src
16K	/usr/share/nodejs/bufferstreams
12K	/usr/share/nodejs/ansi-gray
76K	/usr/share/nodejs/lodash.findkey
12K	/usr/share/nodejs/node-domexception
16K	/usr/share/nodejs/ansi-regex
44K	/usr/share/nodejs/http2-wrapper/source/utils
32K	/usr/share/nodejs/http2-wrapper/source/proxies
136K	/usr/share/nodejs/http2-wrapper/source
152K	/usr/share/nodejs/http2-wrapper
40K	/usr/share/nodejs/lodash.update
12K	/usr/share/nodejs/unicode-property-aliases-ecmascript
12K	/usr/share/nodejs/get-value
32K	/usr/share/nodejs/lodash.foreachright
12K	/usr/share/nodejs/path-is-absolute
40K	/usr/share/nodejs/source-map-support
76K	/usr/share/nodejs/tapable/lib
92K	/usr/share/nodejs/tapable
24K	/usr/share/nodejs/lodash.debounce
60K	/usr/share/nodejs/lodash.defaultsdeep
16K	/usr/share/nodejs/is-extendable
40K	/usr/share/nodejs/lodash.set
16K	/usr/share/nodejs/lodash.iselement
40K	/usr/share/nodejs/lodash.assign
20K	/usr/share/nodejs/slash
12K	/usr/share/nodejs/lodash.issymbol
20K	/usr/share/nodejs/type-check/lib
28K	/usr/share/nodejs/type-check
16K	/usr/share/nodejs/resolve-from
20K	/usr/share/nodejs/get-stream
40K	/usr/share/nodejs/lodash.intersectionwith
16K	/usr/share/nodejs/lodash.concat
24K	/usr/share/nodejs/auto-bind
52K	/usr/share/nodejs/diff/dist
120K	/usr/share/nodejs/diff/lib/patch
12K	/usr/share/nodejs/diff/lib/convert
88K	/usr/share/nodejs/diff/lib/diff
20K	/usr/share/nodejs/diff/lib/util
340K	/usr/share/nodejs/diff/lib
404K	/usr/share/nodejs/diff
20K	/usr/share/nodejs/jsonify/lib
32K	/usr/share/nodejs/jsonify
80K	/usr/share/nodejs/lodash.omit
12K	/usr/share/nodejs/minipass-flush
16K	/usr/share/nodejs/lodash.isfunction
32K	/usr/share/nodejs/caniuse-lite/dist/unpacker
12K	/usr/share/nodejs/caniuse-lite/dist/lib
48K	/usr/share/nodejs/caniuse-lite/dist
2.3M	/usr/share/nodejs/caniuse-lite/data/features
1.4M	/usr/share/nodejs/caniuse-lite/data/regions
3.7M	/usr/share/nodejs/caniuse-lite/data
3.7M	/usr/share/nodejs/caniuse-lite
16K	/usr/share/nodejs/base64-js
40K	/usr/share/nodejs/lodash.hasin
20K	/usr/share/nodejs/lodash.escape
12K	/usr/share/nodejs/merge-stream
12K	/usr/share/nodejs/lodash._reinterpolate
76K	/usr/share/nodejs/lodash.takerightwhile
20K	/usr/share/nodejs/strip-json-comments
20K	/usr/share/nodejs/regjsgen
76K	/usr/share/nodejs/lodash.sortedindexby
52K	/usr/share/nodejs/uuid/dist/umd
68K	/usr/share/nodejs/uuid/dist/esm-browser
64K	/usr/share/nodejs/uuid/dist/esm-node
268K	/usr/share/nodejs/uuid/dist
288K	/usr/share/nodejs/uuid
84K	/usr/share/nodejs/lodash.orderby
12K	/usr/share/nodejs/defaults
28K	/usr/share/nodejs/lodash.valuesin
16K	/usr/share/nodejs/fs-write-stream-atomic
44K	/usr/share/nodejs/graceful-fs
20K	/usr/share/nodejs/lodash.drop
16K	/usr/share/nodejs/lodash.multiply
16K	/usr/share/nodejs/lodash.parseint
88K	/usr/share/nodejs/lodash.matchesproperty
40K	/usr/share/nodejs/lodash.assignwith
28K	/usr/share/nodejs/lodash.keysin
80K	/usr/share/nodejs/lodash.over
968K	/usr/share/nodejs/terser/dist
188K	/usr/share/nodejs/terser/tools
16K	/usr/share/nodejs/terser/lib/utils
368K	/usr/share/nodejs/terser/lib/compress
880K	/usr/share/nodejs/terser/lib
2.0M	/usr/share/nodejs/terser
12K	/usr/share/nodejs/aproba
84K	/usr/share/nodejs/lodash.flatmapdepth
8.0K	/usr/share/nodejs/@babel/runtime/regenerator
448K	/usr/share/nodejs/@babel/runtime/helpers/esm
892K	/usr/share/nodejs/@babel/runtime/helpers
8.0K	/usr/share/nodejs/@babel/runtime/lib
952K	/usr/share/nodejs/@babel/runtime
964K	/usr/share/nodejs/@babel
12K	/usr/share/nodejs/console-control-strings
48K	/usr/share/nodejs/lodash.ary
12K	/usr/share/nodejs/resumer
32K	/usr/share/nodejs/lodash.camelcase
24K	/usr/share/nodejs/get-caller-file
28K	/usr/share/nodejs/lodash.flow
12K	/usr/share/nodejs/prr
12K	/usr/share/nodejs/lodash.reverse
16K	/usr/share/nodejs/binary-search
52K	/usr/share/nodejs/lodash.rearg
20K	/usr/share/nodejs/lodash.after
12K	/usr/share/nodejs/lodash.isundefined
24K	/usr/share/nodejs/lodash.chunk
32K	/usr/share/nodejs/lodash.toplainobject
12K	/usr/share/nodejs/lodash.head
24K	/usr/share/nodejs/camelcase
16K	/usr/share/nodejs/queue-microtask
24K	/usr/share/nodejs/safe-buffer
20K	/usr/share/nodejs/lodash.lastindexof
12K	/usr/share/nodejs/lodash.castarray
12K	/usr/share/nodejs/collection-visit
12K	/usr/share/nodejs/validate-npm-package-license
20K	/usr/share/nodejs/lodash.tointeger
24K	/usr/share/nodejs/lodash.trimend
28K	/usr/share/nodejs/lodash.spread
12K	/usr/share/nodejs/wrappy
24K	/usr/share/nodejs/p-limit
24K	/usr/share/nodejs/lodash.throttle
20K	/usr/share/nodejs/spdx-license-ids
28K	/usr/share/nodejs/lodash.split
20K	/usr/share/nodejs/lodash.tosafeinteger
60K	/usr/share/nodejs/lodash.isequal
12K	/usr/share/nodejs/lodash.frompairs
12K	/usr/share/nodejs/fancy-log
24K	/usr/share/nodejs/negotiator/lib
36K	/usr/share/nodejs/negotiator
12K	/usr/share/nodejs/object-visit
16K	/usr/share/nodejs/clean-stack
16K	/usr/share/nodejs/lodash.min
16K	/usr/share/nodejs/decompress-response
32K	/usr/share/nodejs/lodash.shuffle
20K	/usr/share/nodejs/lodash.once
36K	/usr/share/nodejs/ansi-styles
32K	/usr/share/nodejs/cli-cursor
16K	/usr/share/nodejs/is-binary-path
16K	/usr/share/nodejs/brace-expansion
12K	/usr/share/nodejs/lodash.isnull
44K	/usr/share/nodejs/lodash.difference
16K	/usr/share/nodejs/binary-extensions
24K	/usr/share/nodejs/lodash.rangeright
24K	/usr/share/nodejs/path-key
24K	/usr/share/nodejs/ci-info
16K	/usr/share/nodejs/lodash.isnan
12K	/usr/share/nodejs/lodash.now
20K	/usr/share/nodejs/lodash.ismap
20K	/usr/share/nodejs/ansi-escapes
16K	/usr/share/nodejs/ensure-posix-path
32K	/usr/share/nodejs/lodash.uniqwith
12K	/usr/share/nodejs/lodash.stubarray
48K	/usr/share/nodejs/lodash.curry
12K	/usr/share/nodejs/lodash.sum
20K	/usr/share/nodejs/lodash.gt
20K	/usr/share/nodejs/jsonparse/samplejson
44K	/usr/share/nodejs/jsonparse
12K	/usr/share/nodejs/end-of-stream
16K	/usr/share/nodejs/@sellside/emitter
20K	/usr/share/nodejs/@sellside
24K	/usr/share/nodejs/lodash.slice
20K	/usr/share/nodejs/lodash.startswith
76K	/usr/share/nodejs/lodash.findlastkey
16K	/usr/share/nodejs/globrex
28K	/usr/share/nodejs/lodash.uppercase
20K	/usr/share/nodejs/lodash.upperfirst
92K	/usr/share/nodejs/cjs-module-lexer/dist
160K	/usr/share/nodejs/cjs-module-lexer
12K	/usr/share/nodejs/concat-stream
20K	/usr/share/nodejs/lodash.before
12K	/usr/share/nodejs/ini/lib
20K	/usr/share/nodejs/ini
12K	/usr/share/nodejs/lodash.identity
24K	/usr/share/nodejs/lodash.fill
20K	/usr/share/nodejs/json-schema/lib
28K	/usr/share/nodejs/json-schema
12K	/usr/share/nodejs/lodash.stubtrue
80K	/usr/share/nodejs/lodash.some
12K	/usr/share/nodejs/has-value
76K	/usr/share/nodejs/lodash.meanby
24K	/usr/share/nodejs/object-keys
40K	/usr/share/nodejs/lodash.without
152K	/usr/share/nodejs/n3/lib
160K	/usr/share/nodejs/n3
12K	/usr/share/nodejs/run-queue
80K	/usr/share/nodejs/lodash.flatmapdeep
64K	/usr/share/nodejs/lodash.clonedeep
16K	/usr/share/nodejs/xtend
40K	/usr/share/nodejs/optionator/lib
48K	/usr/share/nodejs/optionator
28K	/usr/share/nodejs/lodash.padstart
16K	/usr/share/nodejs/lodash.toupper
40K	/usr/share/nodejs/lodash.has
36K	/usr/share/nodejs/lodash.property
172K	/usr/share/nodejs/uri-js/dist/es5
96K	/usr/share/nodejs/uri-js/dist/esnext/schemes
204K	/usr/share/nodejs/uri-js/dist/esnext
380K	/usr/share/nodejs/uri-js/dist
392K	/usr/share/nodejs/uri-js
80K	/usr/share/nodejs/lodash.map
16K	/usr/share/nodejs/lodash.uniqueid
60K	/usr/share/nodejs/lodash.ismatchwith
40K	/usr/share/nodejs/lodash.invoke
16K	/usr/share/nodejs/lodash.tofinite
28K	/usr/share/nodejs/lodash.kebabcase
36K	/usr/share/nodejs/find-up
52K	/usr/share/nodejs/lodash.partialright
20K	/usr/share/nodejs/lodash.ceil
16K	/usr/share/nodejs/restore-cursor
20K	/usr/share/nodejs/ssri/lib
28K	/usr/share/nodejs/ssri
16K	/usr/share/nodejs/util-deprecate
80K	/usr/share/nodejs/lodash.findindex
16K	/usr/share/nodejs/time-stamp
36K	/usr/share/nodejs/hosted-git-info/lib
44K	/usr/share/nodejs/hosted-git-info
28K	/usr/share/nodejs/lodash.size
60K	/usr/share/nodejs/lodash.template
16K	/usr/share/nodejs/randombytes
16K	/usr/share/nodejs/ieee754
16K	/usr/share/nodejs/lodash.replace
16K	/usr/share/nodejs/wcwidth.js
44K	/usr/share/nodejs/eslint-visitor-keys/dist
16K	/usr/share/nodejs/eslint-visitor-keys/lib
68K	/usr/share/nodejs/eslint-visitor-keys
12K	/usr/share/nodejs/write-file-atomic/lib
20K	/usr/share/nodejs/write-file-atomic
8.0K	/usr/share/nodejs/handlebars/dist/cjs/handlebars/decorators
52K	/usr/share/nodejs/handlebars/dist/cjs/handlebars/helpers
488K	/usr/share/nodejs/handlebars/dist/cjs/handlebars/compiler
24K	/usr/share/nodejs/handlebars/dist/cjs/handlebars/internal
692K	/usr/share/nodejs/handlebars/dist/cjs/handlebars
748K	/usr/share/nodejs/handlebars/dist/cjs
852K	/usr/share/nodejs/handlebars/dist
12K	/usr/share/nodejs/handlebars/bin
20K	/usr/share/nodejs/handlebars/types
8.0K	/usr/share/nodejs/handlebars/lib/handlebars/decorators
32K	/usr/share/nodejs/handlebars/lib/handlebars/helpers
132K	/usr/share/nodejs/handlebars/lib/handlebars/compiler
16K	/usr/share/nodejs/handlebars/lib/handlebars/internal
240K	/usr/share/nodejs/handlebars/lib/handlebars
268K	/usr/share/nodejs/handlebars/lib
1.2M	/usr/share/nodejs/handlebars
32K	/usr/share/nodejs/lodash.mixin
12K	/usr/share/nodejs/lodash.eq
56K	/usr/share/nodejs/esutils/lib
64K	/usr/share/nodejs/esutils
12K	/usr/share/nodejs/inflight
48K	/usr/share/nodejs/fetch-blob
52K	/usr/share/nodejs/lodash.partial
8.0K	/usr/share/nodejs/path-is-inside/lib
16K	/usr/share/nodejs/path-is-inside
20K	/usr/share/nodejs/lodash.sortedindex
76K	/usr/share/nodejs/lodash.mapvalues
12K	/usr/share/nodejs/lodash.stubfalse
16K	/usr/share/nodejs/lodash.flatten
16K	/usr/share/nodejs/core-js-pure/es/json
80K	/usr/share/nodejs/core-js-pure/es/math
8.0K	/usr/share/nodejs/core-js-pure/es/weak-map
12K	/usr/share/nodejs/core-js-pure/es/function/virtual
32K	/usr/share/nodejs/core-js-pure/es/function
136K	/usr/share/nodejs/core-js-pure/es/string/virtual
296K	/usr/share/nodejs/core-js-pure/es/string
8.0K	/usr/share/nodejs/core-js-pure/es/map
20K	/usr/share/nodejs/core-js-pure/es/promise
204K	/usr/share/nodejs/core-js-pure/es/instance
20K	/usr/share/nodejs/core-js-pure/es/number/virtual
80K	/usr/share/nodejs/core-js-pure/es/number
16K	/usr/share/nodejs/core-js-pure/es/error
148K	/usr/share/nodejs/core-js-pure/es/array/virtual
308K	/usr/share/nodejs/core-js-pure/es/array
8.0K	/usr/share/nodejs/core-js-pure/es/data-view
20K	/usr/share/nodejs/core-js-pure/es/array-buffer
184K	/usr/share/nodejs/core-js-pure/es/typed-array
8.0K	/usr/share/nodejs/core-js-pure/es/weak-set
48K	/usr/share/nodejs/core-js-pure/es/regexp
40K	/usr/share/nodejs/core-js-pure/es/date
72K	/usr/share/nodejs/core-js-pure/es/symbol
120K	/usr/share/nodejs/core-js-pure/es/object
8.0K	/usr/share/nodejs/core-js-pure/es/set
64K	/usr/share/nodejs/core-js-pure/es/reflect
1.7M	/usr/share/nodejs/core-js-pure/es
28K	/usr/share/nodejs/core-js-pure/full/json
12K	/usr/share/nodejs/core-js-pure/full/bigint
136K	/usr/share/nodejs/core-js-pure/full/math
8.0K	/usr/share/nodejs/core-js-pure/full/url-search-params
8.0K	/usr/share/nodejs/core-js-pure/full/observable
76K	/usr/share/nodejs/core-js-pure/full/iterator
28K	/usr/share/nodejs/core-js-pure/full/weak-map
12K	/usr/share/nodejs/core-js-pure/full/disposable-stack
16K	/usr/share/nodejs/core-js-pure/full/dom-exception
20K	/usr/share/nodejs/core-js-pure/full/function/virtual
60K	/usr/share/nodejs/core-js-pure/full/function
140K	/usr/share/nodejs/core-js-pure/full/string/virtual
312K	/usr/share/nodejs/core-js-pure/full/string
88K	/usr/share/nodejs/core-js-pure/full/map
68K	/usr/share/nodejs/core-js-pure/full/async-iterator
12K	/usr/share/nodejs/core-js-pure/full/async-disposable-stack
28K	/usr/share/nodejs/core-js-pure/full/promise
244K	/usr/share/nodejs/core-js-pure/full/instance
20K	/usr/share/nodejs/core-js-pure/full/number/virtual
88K	/usr/share/nodejs/core-js-pure/full/number
16K	/usr/share/nodejs/core-js-pure/full/error
176K	/usr/share/nodejs/core-js-pure/full/array/virtual
380K	/usr/share/nodejs/core-js-pure/full/array
24K	/usr/share/nodejs/core-js-pure/full/data-view
32K	/usr/share/nodejs/core-js-pure/full/array-buffer
208K	/usr/share/nodejs/core-js-pure/full/typed-array
16K	/usr/share/nodejs/core-js-pure/full/dom-collections
24K	/usr/share/nodejs/core-js-pure/full/weak-set
52K	/usr/share/nodejs/core-js-pure/full/regexp
16K	/usr/share/nodejs/core-js-pure/full/url
40K	/usr/share/nodejs/core-js-pure/full/date
120K	/usr/share/nodejs/core-js-pure/full/symbol
136K	/usr/share/nodejs/core-js-pure/full/object
80K	/usr/share/nodejs/core-js-pure/full/set
100K	/usr/share/nodejs/core-js-pure/full/reflect
2.6M	/usr/share/nodejs/core-js-pure/full
28K	/usr/share/nodejs/core-js-pure/actual/json
84K	/usr/share/nodejs/core-js-pure/actual/math
8.0K	/usr/share/nodejs/core-js-pure/actual/url-search-params
64K	/usr/share/nodejs/core-js-pure/actual/iterator
8.0K	/usr/share/nodejs/core-js-pure/actual/weak-map
12K	/usr/share/nodejs/core-js-pure/actual/disposable-stack
16K	/usr/share/nodejs/core-js-pure/actual/dom-exception
12K	/usr/share/nodejs/core-js-pure/actual/function/virtual
36K	/usr/share/nodejs/core-js-pure/actual/function
136K	/usr/share/nodejs/core-js-pure/actual/string/virtual
296K	/usr/share/nodejs/core-js-pure/actual/string
12K	/usr/share/nodejs/core-js-pure/actual/map
60K	/usr/share/nodejs/core-js-pure/actual/async-iterator
12K	/usr/share/nodejs/core-js-pure/actual/async-disposable-stack
24K	/usr/share/nodejs/core-js-pure/actual/promise
220K	/usr/share/nodejs/core-js-pure/actual/instance
20K	/usr/share/nodejs/core-js-pure/actual/number/virtual
80K	/usr/share/nodejs/core-js-pure/actual/number
16K	/usr/share/nodejs/core-js-pure/actual/error
164K	/usr/share/nodejs/core-js-pure/actual/array/virtual
344K	/usr/share/nodejs/core-js-pure/actual/array
16K	/usr/share/nodejs/core-js-pure/actual/data-view
32K	/usr/share/nodejs/core-js-pure/actual/array-buffer
188K	/usr/share/nodejs/core-js-pure/actual/typed-array
16K	/usr/share/nodejs/core-js-pure/actual/dom-collections
8.0K	/usr/share/nodejs/core-js-pure/actual/weak-set
48K	/usr/share/nodejs/core-js-pure/actual/regexp
16K	/usr/share/nodejs/core-js-pure/actual/url
40K	/usr/share/nodejs/core-js-pure/actual/date
84K	/usr/share/nodejs/core-js-pure/actual/symbol
124K	/usr/share/nodejs/core-js-pure/actual/object
36K	/usr/share/nodejs/core-js-pure/actual/set
64K	/usr/share/nodejs/core-js-pure/actual/reflect
2.1M	/usr/share/nodejs/core-js-pure/actual
40K	/usr/share/nodejs/core-js-pure/web
28K	/usr/share/nodejs/core-js-pure/features/json
12K	/usr/share/nodejs/core-js-pure/features/bigint
136K	/usr/share/nodejs/core-js-pure/features/math
8.0K	/usr/share/nodejs/core-js-pure/features/url-search-params
8.0K	/usr/share/nodejs/core-js-pure/features/observable
76K	/usr/share/nodejs/core-js-pure/features/iterator
28K	/usr/share/nodejs/core-js-pure/features/weak-map
12K	/usr/share/nodejs/core-js-pure/features/disposable-stack
16K	/usr/share/nodejs/core-js-pure/features/dom-exception
20K	/usr/share/nodejs/core-js-pure/features/function/virtual
60K	/usr/share/nodejs/core-js-pure/features/function
140K	/usr/share/nodejs/core-js-pure/features/string/virtual
312K	/usr/share/nodejs/core-js-pure/features/string
88K	/usr/share/nodejs/core-js-pure/features/map
68K	/usr/share/nodejs/core-js-pure/features/async-iterator
12K	/usr/share/nodejs/core-js-pure/features/async-disposable-stack
28K	/usr/share/nodejs/core-js-pure/features/promise
244K	/usr/share/nodejs/core-js-pure/features/instance
20K	/usr/share/nodejs/core-js-pure/features/number/virtual
88K	/usr/share/nodejs/core-js-pure/features/number
16K	/usr/share/nodejs/core-js-pure/features/error
176K	/usr/share/nodejs/core-js-pure/features/array/virtual
380K	/usr/share/nodejs/core-js-pure/features/array
24K	/usr/share/nodejs/core-js-pure/features/data-view
32K	/usr/share/nodejs/core-js-pure/features/array-buffer
208K	/usr/share/nodejs/core-js-pure/features/typed-array
16K	/usr/share/nodejs/core-js-pure/features/dom-collections
24K	/usr/share/nodejs/core-js-pure/features/weak-set
52K	/usr/share/nodejs/core-js-pure/features/regexp
16K	/usr/share/nodejs/core-js-pure/features/url
40K	/usr/share/nodejs/core-js-pure/features/date
120K	/usr/share/nodejs/core-js-pure/features/symbol
136K	/usr/share/nodejs/core-js-pure/features/object
80K	/usr/share/nodejs/core-js-pure/features/set
100K	/usr/share/nodejs/core-js-pure/features/reflect
2.5M	/usr/share/nodejs/core-js-pure/features
1.3M	/usr/share/nodejs/core-js-pure/internals
16K	/usr/share/nodejs/core-js-pure/stable/json
80K	/usr/share/nodejs/core-js-pure/stable/math
8.0K	/usr/share/nodejs/core-js-pure/stable/url-search-params
8.0K	/usr/share/nodejs/core-js-pure/stable/weak-map
16K	/usr/share/nodejs/core-js-pure/stable/dom-exception
12K	/usr/share/nodejs/core-js-pure/stable/function/virtual
32K	/usr/share/nodejs/core-js-pure/stable/function
136K	/usr/share/nodejs/core-js-pure/stable/string/virtual
296K	/usr/share/nodejs/core-js-pure/stable/string
8.0K	/usr/share/nodejs/core-js-pure/stable/map
20K	/usr/share/nodejs/core-js-pure/stable/promise
204K	/usr/share/nodejs/core-js-pure/stable/instance
20K	/usr/share/nodejs/core-js-pure/stable/number/virtual
80K	/usr/share/nodejs/core-js-pure/stable/number
16K	/usr/share/nodejs/core-js-pure/stable/error
148K	/usr/share/nodejs/core-js-pure/stable/array/virtual
308K	/usr/share/nodejs/core-js-pure/stable/array
8.0K	/usr/share/nodejs/core-js-pure/stable/data-view
20K	/usr/share/nodejs/core-js-pure/stable/array-buffer
184K	/usr/share/nodejs/core-js-pure/stable/typed-array
16K	/usr/share/nodejs/core-js-pure/stable/dom-collections
8.0K	/usr/share/nodejs/core-js-pure/stable/weak-set
48K	/usr/share/nodejs/core-js-pure/stable/regexp
16K	/usr/share/nodejs/core-js-pure/stable/url
40K	/usr/share/nodejs/core-js-pure/stable/date
72K	/usr/share/nodejs/core-js-pure/stable/symbol
120K	/usr/share/nodejs/core-js-pure/stable/object
8.0K	/usr/share/nodejs/core-js-pure/stable/set
64K	/usr/share/nodejs/core-js-pure/stable/reflect
1.8M	/usr/share/nodejs/core-js-pure/stable
2.1M	/usr/share/nodejs/core-js-pure/modules
340K	/usr/share/nodejs/core-js-pure/proposals
32K	/usr/share/nodejs/core-js-pure/stage
15M	/usr/share/nodejs/core-js-pure
28K	/usr/share/nodejs/lodash.sample
28K	/usr/share/nodejs/lodash.ntharg
24K	/usr/share/nodejs/lodash.trimstart
20K	/usr/share/nodejs/lodash.tolength
48K	/usr/share/nodejs/lodash.xorwith
8.0K	/usr/share/nodejs/typedarray-to-buffer
16K	/usr/share/nodejs/lodash.isarraybuffer
16K	/usr/share/nodejs/@szmarczak/http-timer/dist
24K	/usr/share/nodejs/@szmarczak/http-timer
28K	/usr/share/nodejs/@szmarczak
12K	/usr/share/nodejs/asyncro/dist
16K	/usr/share/nodejs/asyncro/src
36K	/usr/share/nodejs/asyncro
20K	/usr/share/nodejs/spdx-expression-parse
16K	/usr/share/nodejs/is-unicode-supported
32K	/usr/share/nodejs/http-cache-semantics
20K	/usr/share/nodejs/lodash.indexof
16K	/usr/share/nodejs/lodash.pullall
24K	/usr/share/nodejs/yallist
84K	/usr/share/nodejs/lodash.omitby
16K	/usr/share/nodejs/lodash.isarraylike
16K	/usr/share/nodejs/p-try
80K	/usr/share/nodejs/lodash.pullallby
12K	/usr/share/nodejs/cacheable-request/src
20K	/usr/share/nodejs/cacheable-request
12K	/usr/share/nodejs/lodash.join
32K	/usr/share/nodejs/lodash.truncate
80K	/usr/share/nodejs/signal-exit/dist/cjs
80K	/usr/share/nodejs/signal-exit/dist/mjs
164K	/usr/share/nodejs/signal-exit/dist
172K	/usr/share/nodejs/signal-exit
36K	/usr/share/nodejs/lodash.includes
20K	/usr/share/nodejs/lodash.times
88K	/usr/share/nodejs/lodash.xorby
16K	/usr/share/nodejs/strip-bom
12K	/usr/share/nodejs/commondir
20K	/usr/share/nodejs/lodash.nth
60K	/usr/share/nodejs/lodash.mergewith
12K	/usr/share/nodejs/is-windows
16K	/usr/share/nodejs/lodash.tolower
8.0K	/usr/share/nodejs/read/lib
16K	/usr/share/nodejs/read
28K	/usr/share/nodejs/lodash.lowercase
44K	/usr/share/nodejs/lodash.at
36K	/usr/share/nodejs/lodash.topath
28K	/usr/share/nodejs/lodash.pull
12K	/usr/share/nodejs/through
12K	/usr/share/nodejs/lodash.isweakset
20K	/usr/share/nodejs/lodash.take
8.0K	/usr/share/nodejs/clone-response/src
16K	/usr/share/nodejs/clone-response
32K	/usr/share/nodejs/lodash.invert
80K	/usr/share/nodejs/lodash.groupby
12K	/usr/share/nodejs/kind-of
20K	/usr/share/nodejs/lodash.takeright
16K	/usr/share/nodejs/supports-color
16K	/usr/share/nodejs/streamsearch/lib
24K	/usr/share/nodejs/streamsearch
20K	/usr/share/nodejs/lodash.capitalize
12K	/usr/share/nodejs/lodash.initial
32K	/usr/share/nodejs/lodash.startcase
8.0K	/usr/share/nodejs/regenerate
12K	/usr/share/nodejs/delegates
88K	/usr/share/nodejs/lodash.unionby
12K	/usr/share/nodejs/is-arrayish
12K	/usr/share/nodejs/node-fetch/@types
292K	/usr/share/nodejs/node-fetch/cjs
40K	/usr/share/nodejs/node-fetch/src/utils
16K	/usr/share/nodejs/node-fetch/src/errors
112K	/usr/share/nodejs/node-fetch/src
432K	/usr/share/nodejs/node-fetch
80K	/usr/share/nodejs/lodash.countby
12K	/usr/share/nodejs/require-from-string
16K	/usr/share/nodejs/lodash.isregexp
20K	/usr/share/nodejs/color-support
28K	/usr/share/nodejs/is-stream
28K	/usr/share/nodejs/lodash.values
16K	/usr/share/nodejs/lodash.isstring
12K	/usr/share/nodejs/is-descriptor
16K	/usr/share/nodejs/lodash.isnative
20K	/usr/share/nodejs/imurmurhash
36K	/usr/share/nodejs/lodash.toarray
12K	/usr/share/nodejs/is-plain-object/dist
28K	/usr/share/nodejs/is-plain-object
32K	/usr/share/nodejs/functional-red-black-tree
28K	/usr/share/nodejs/lodash.forown
16K	/usr/share/nodejs/locate-path
12K	/usr/share/nodejs/set-blocking
40K	/usr/share/nodejs/lodash.assignin
56K	/usr/share/nodejs/resolve/lib
72K	/usr/share/nodejs/resolve
16K	/usr/share/nodejs/lodash.flattendeep
16K	/usr/share/nodejs/lodash.istypedarray
12K	/usr/share/nodejs/pify
36K	/usr/share/nodejs/lodash.unset
24K	/usr/share/nodejs/lodash.range
16K	/usr/share/nodejs/lodash.isarraylikeobject
16K	/usr/share/nodejs/word-wrap
28K	/usr/share/nodejs/lodash.padend
88K	/usr/share/nodejs/lodash.differenceby
12K	/usr/share/nodejs/path-parse
16K	/usr/share/nodejs/lodash.divide
12K	/usr/share/nodejs/has-unicode
12K	/usr/share/nodejs/defer-to-connect/dist
20K	/usr/share/nodejs/defer-to-connect
80K	/usr/share/nodejs/lodash.partition
276K	/usr/share/nodejs/esquery/dist
376K	/usr/share/nodejs/esquery
16K	/usr/share/nodejs/lodash.isplainobject
84K	/usr/share/nodejs/lodash.intersectionby
80M	/usr/share/nodejs
152K	/usr/share/gcc/python/libstdcxx/v6
160K	/usr/share/gcc/python/libstdcxx
164K	/usr/share/gcc/python
168K	/usr/share/gcc
12K	/usr/share/needrestart
20K	/usr/share/ghostscript/10.02.1/Resource/SubstCID
240K	/usr/share/ghostscript/10.02.1/Resource/Decoding
1.1M	/usr/share/ghostscript/10.02.1/Resource/Init
4.0K	/usr/share/ghostscript/10.02.1/Resource/CIDFSubst
8.0K	/usr/share/ghostscript/10.02.1/Resource/CIDFont
28K	/usr/share/ghostscript/10.02.1/Resource/Encoding
20K	/usr/share/ghostscript/10.02.1/Resource/IdiomSet
28K	/usr/share/ghostscript/10.02.1/Resource/Font
28K	/usr/share/ghostscript/10.02.1/Resource/ColorSpace
1.4M	/usr/share/ghostscript/10.02.1/Resource
1.2M	/usr/share/ghostscript/10.02.1/lib
2.6M	/usr/share/ghostscript/10.02.1
8.0K	/usr/share/ghostscript/fonts
2.6M	/usr/share/ghostscript
3.9M	/usr/share/fonts/truetype/droid
3.3M	/usr/share/fonts/truetype/dejavu
1.1M	/usr/share/fonts/truetype/noto
8.3M	/usr/share/fonts/truetype
7.8M	/usr/share/fonts/type1/urw-base35
7.8M	/usr/share/fonts/type1
4.5M	/usr/share/fonts/X11/Type1
628K	/usr/share/fonts/X11/encodings/large
768K	/usr/share/fonts/X11/encodings
204K	/usr/share/fonts/X11/util
5.4M	/usr/share/fonts/X11
4.0K	/usr/share/fonts/cMap
3.2M	/usr/share/fonts/opentype/urw-base35
3.2M	/usr/share/fonts/opentype
4.0K	/usr/share/fonts/cmap
25M	/usr/share/fonts
88K	/usr/share/dbus-1/system-services
32K	/usr/share/dbus-1/services
948K	/usr/share/dbus-1/interfaces
8.0K	/usr/share/dbus-1/session.d
156K	/usr/share/dbus-1/system.d
1.3M	/usr/share/dbus-1
8.0K	/usr/share/libc-bin
72K	/usr/share/metainfo
4.0K	/usr/share/cups/model
8.0K	/usr/share/cups/doc-root/fr
8.0K	/usr/share/cups/doc-root/es
8.0K	/usr/share/cups/doc-root/de
164K	/usr/share/cups/doc-root/images
8.0K	/usr/share/cups/doc-root/pt_BR
1.5M	/usr/share/cups/doc-root/help
8.0K	/usr/share/cups/doc-root/ru
8.0K	/usr/share/cups/doc-root/ja
8.0K	/usr/share/cups/doc-root/da
1.8M	/usr/share/cups/doc-root
48K	/usr/share/cups/mime
32K	/usr/share/cups/banners
640K	/usr/share/cups/ipptool
32K	/usr/share/cups/braille
636K	/usr/share/cups/data
276K	/usr/share/cups/drv
308K	/usr/share/cups/locale/fr
340K	/usr/share/cups/locale/zh_CN
344K	/usr/share/cups/locale/es
372K	/usr/share/cups/locale/de
340K	/usr/share/cups/locale/pt_BR
340K	/usr/share/cups/locale/it
384K	/usr/share/cups/locale/en
356K	/usr/share/cups/locale/ru
300K	/usr/share/cups/locale/cs
356K	/usr/share/cups/locale/ja
340K	/usr/share/cups/locale/ca
428K	/usr/share/cups/locale/da
4.2M	/usr/share/cups/locale
4.0K	/usr/share/cups/profiles
76K	/usr/share/cups/ppdc
48K	/usr/share/cups/examples
8.0K	/usr/share/cups/ppd-updaters
12K	/usr/share/cups/charsets
16K	/usr/share/cups/usb
272K	/usr/share/cups/templates/fr
272K	/usr/share/cups/templates/es
272K	/usr/share/cups/templates/de
272K	/usr/share/cups/templates/pt_BR
272K	/usr/share/cups/templates/ru
272K	/usr/share/cups/templates/ja
272K	/usr/share/cups/templates/da
2.2M	/usr/share/cups/templates
9.8M	/usr/share/cups
8.0K	/usr/share/lxd-installer
12K	/usr/share/bug/libegl-mesa0
8.0K	/usr/share/bug/media-types
8.0K	/usr/share/bug/usbutils
12K	/usr/share/bug/libglapi-mesa
8.0K	/usr/share/bug/procps
8.0K	/usr/share/bug/libgl1
8.0K	/usr/share/bug/network-manager
12K	/usr/share/bug/neomutt
8.0K	/usr/share/bug/logrotate
8.0K	/usr/share/bug/polkitd
8.0K	/usr/share/bug/libglvnd0
12K	/usr/share/bug/libglx-mesa0
12K	/usr/share/bug/vim-tiny
8.0K	/usr/share/bug/init-system-helpers
8.0K	/usr/share/bug/console-setup
8.0K	/usr/share/bug/dbus
12K	/usr/share/bug/udev
8.0K	/usr/share/bug/keyboard-configuration
8.0K	/usr/share/bug/bash-completion
12K	/usr/share/bug/libgbm1
8.0K	/usr/share/bug/man-db
8.0K	/usr/share/bug/apt
4.0K	/usr/share/bug/samba
8.0K	/usr/share/bug/initramfs-tools
12K	/usr/share/bug/mdadm
12K	/usr/share/bug/xdg-utils
12K	/usr/share/bug/vim
12K	/usr/share/bug/fonts-noto-mono
8.0K	/usr/share/bug/libglx0
12K	/usr/share/bug/systemd
8.0K	/usr/share/bug/libgles2
12K	/usr/share/bug/samba-common
8.0K	/usr/share/bug/libegl1
8.0K	/usr/share/bug/binutils
8.0K	/usr/share/bug/usb-modeswitch-data
8.0K	/usr/share/bug/needrestart
8.0K	/usr/share/bug/console-setup-linux
8.0K	/usr/share/bug/cups
12K	/usr/share/bug/cron
12K	/usr/share/bug/libgl1-mesa-dri
12K	/usr/share/bug/fonts-droid-fallback
12K	/usr/share/bug/libmagic1t64
12K	/usr/share/bug/file
456K	/usr/share/bug
40K	/usr/share/base-files
8.0K	/usr/share/readline
4.0K	/usr/share/dict
480K	/usr/share/emacs/site-lisp/elpa-src/notmuch-0.38.3
484K	/usr/share/emacs/site-lisp/elpa-src
488K	/usr/share/emacs/site-lisp
492K	/usr/share/emacs
3.3M	/usr/share/fonts-droid-fallback/truetype
3.4M	/usr/share/fonts-droid-fallback
3.4M	/usr/share/i18n/charmaps
13M	/usr/share/i18n/locales
17M	/usr/share/i18n
12K	/usr/share/perl-openssl-defaults
8.0K	/usr/share/alsa/ucm
280K	/usr/share/alsa/cards
72K	/usr/share/alsa/pcm
12K	/usr/share/alsa/topology/broadwell
72K	/usr/share/alsa/topology/sklrt286
196K	/usr/share/alsa/topology/hda-dsp
80K	/usr/share/alsa/topology/bxtrt298
364K	/usr/share/alsa/topology
8.0K	/usr/share/alsa/ctl
16K	/usr/share/alsa/ucm2/common/pcm
12K	/usr/share/alsa/ucm2/common/ctl
48K	/usr/share/alsa/ucm2/common
16K	/usr/share/alsa/ucm2/Allwinner/A64/PinePhone
20K	/usr/share/alsa/ucm2/Allwinner/A64
24K	/usr/share/alsa/ucm2/Allwinner
16K	/usr/share/alsa/ucm2/Qualcomm/sc7180/rt5682-max98357a
20K	/usr/share/alsa/ucm2/Qualcomm/sc7180
24K	/usr/share/alsa/ucm2/Qualcomm/sdm845
16K	/usr/share/alsa/ucm2/Qualcomm/apq8096
16K	/usr/share/alsa/ucm2/Qualcomm/sc8280xp
16K	/usr/share/alsa/ucm2/Qualcomm/apq8016-sbc
16K	/usr/share/alsa/ucm2/Qualcomm/sm8250
112K	/usr/share/alsa/ucm2/Qualcomm
16K	/usr/share/alsa/ucm2/MediaTek/mt8192/mt6359-rt1015p-rt5682
20K	/usr/share/alsa/ucm2/MediaTek/mt8192
16K	/usr/share/alsa/ucm2/MediaTek/mt8195-sof/mt6359-rt1019-rt5682
24K	/usr/share/alsa/ucm2/MediaTek/mt8195-sof
12K	/usr/share/alsa/ucm2/MediaTek/sof-mt8395-evk
12K	/usr/share/alsa/ucm2/MediaTek/mt8365-evk/sof
28K	/usr/share/alsa/ucm2/MediaTek/mt8365-evk
12K	/usr/share/alsa/ucm2/MediaTek/mt8195_demo
8.0K	/usr/share/alsa/ucm2/MediaTek/mt8390-evk/sof
24K	/usr/share/alsa/ucm2/MediaTek/mt8390-evk
12K	/usr/share/alsa/ucm2/MediaTek/mt8395-evk
20K	/usr/share/alsa/ucm2/MediaTek/mtk-rt5650
16K	/usr/share/alsa/ucm2/MediaTek/mt8391-evk
12K	/usr/share/alsa/ucm2/MediaTek/mt8370-evk
184K	/usr/share/alsa/ucm2/MediaTek
12K	/usr/share/alsa/ucm2/NXP/iMX8/Librem_5_Devkit
12K	/usr/share/alsa/ucm2/NXP/iMX8/Librem_5
28K	/usr/share/alsa/ucm2/NXP/iMX8
32K	/usr/share/alsa/ucm2/NXP
12K	/usr/share/alsa/ucm2/PineTab
4.0K	/usr/share/alsa/ucm2/module
28K	/usr/share/alsa/ucm2/codecs/cx2072x
8.0K	/usr/share/alsa/ucm2/codecs/cs42l43-spk
24K	/usr/share/alsa/ucm2/codecs/max98090
8.0K	/usr/share/alsa/ucm2/codecs/rt715
8.0K	/usr/share/alsa/ucm2/codecs/rt711-sdca
48K	/usr/share/alsa/ucm2/codecs/rt5640
8.0K	/usr/share/alsa/ucm2/codecs/acp-dmic
52K	/usr/share/alsa/ucm2/codecs/rt5651
8.0K	/usr/share/alsa/ucm2/codecs/rt721
8.0K	/usr/share/alsa/ucm2/codecs/cs35l56-bridge
8.0K	/usr/share/alsa/ucm2/codecs/rt713-dmic
8.0K	/usr/share/alsa/ucm2/codecs/rt712
8.0K	/usr/share/alsa/ucm2/codecs/cs42l45
20K	/usr/share/alsa/ucm2/codecs/qcom-lpass/va-macro
12K	/usr/share/alsa/ucm2/codecs/qcom-lpass/rx-macro
12K	/usr/share/alsa/ucm2/codecs/qcom-lpass/wsa-macro
20K	/usr/share/alsa/ucm2/codecs/qcom-lpass/tx-macro
68K	/usr/share/alsa/ucm2/codecs/qcom-lpass
16K	/usr/share/alsa/ucm2/codecs/wsa881x
32K	/usr/share/alsa/ucm2/codecs/nau8824
8.0K	/usr/share/alsa/ucm2/codecs/rt713
36K	/usr/share/alsa/ucm2/codecs/es8316
8.0K	/usr/share/alsa/ucm2/codecs/cs42l43-dmic
8.0K	/usr/share/alsa/ucm2/codecs/cs42l43-spk+cs35l56
44K	/usr/share/alsa/ucm2/codecs/rt5645
24K	/usr/share/alsa/ucm2/codecs/wm5102
8.0K	/usr/share/alsa/ucm2/codecs/rt700
8.0K	/usr/share/alsa/ucm2/codecs/rt5682
8.0K	/usr/share/alsa/ucm2/codecs/da7219
40K	/usr/share/alsa/ucm2/codecs/wcd934x
16K	/usr/share/alsa/ucm2/codecs/wsa883x
8.0K	/usr/share/alsa/ucm2/codecs/rt1318
8.0K	/usr/share/alsa/ucm2/codecs/rt712-dmic
8.0K	/usr/share/alsa/ucm2/codecs/rt715-sdca
8.0K	/usr/share/alsa/ucm2/codecs/rt711
8.0K	/usr/share/alsa/ucm2/codecs/rt722
8.0K	/usr/share/alsa/ucm2/codecs/cs35l56
8.0K	/usr/share/alsa/ucm2/codecs/cs42l43
28K	/usr/share/alsa/ucm2/codecs/wcd938x
8.0K	/usr/share/alsa/ucm2/codecs/rt1320
32K	/usr/share/alsa/ucm2/codecs/rt5672
8.0K	/usr/share/alsa/ucm2/codecs/cs42l45-dmic
8.0K	/usr/share/alsa/ucm2/codecs/hda
692K	/usr/share/alsa/ucm2/codecs
120K	/usr/share/alsa/ucm2/sof-soundwire
16K	/usr/share/alsa/ucm2/platforms/bytcr
20K	/usr/share/alsa/ucm2/platforms
12K	/usr/share/alsa/ucm2/Librem_5
12K	/usr/share/alsa/ucm2/Tegra/max98090
20K	/usr/share/alsa/ucm2/Tegra/wm8903
12K	/usr/share/alsa/ucm2/Tegra/rt5640
12K	/usr/share/alsa/ucm2/Tegra/rt5631
12K	/usr/share/alsa/ucm2/Tegra/tegra-hda
16K	/usr/share/alsa/ucm2/Tegra/max98089
16K	/usr/share/alsa/ucm2/Tegra/alc5632
104K	/usr/share/alsa/ucm2/Tegra
16K	/usr/share/alsa/ucm2/PinePhone
12K	/usr/share/alsa/ucm2/HDA/DualCodecs
48K	/usr/share/alsa/ucm2/HDA
12K	/usr/share/alsa/ucm2/USB-Audio/Digidesign
12K	/usr/share/alsa/ucm2/USB-Audio/Gigabyte
8.0K	/usr/share/alsa/ucm2/USB-Audio/Roland
12K	/usr/share/alsa/ucm2/USB-Audio/UniversalAudio
20K	/usr/share/alsa/ucm2/USB-Audio/Steinberg
12K	/usr/share/alsa/ucm2/USB-Audio/Rane
20K	/usr/share/alsa/ucm2/USB-Audio/MOTU
12K	/usr/share/alsa/ucm2/USB-Audio/Focusrite
12K	/usr/share/alsa/ucm2/USB-Audio/GoXLR
12K	/usr/share/alsa/ucm2/USB-Audio/Sony
24K	/usr/share/alsa/ucm2/USB-Audio/Realtek
20K	/usr/share/alsa/ucm2/USB-Audio/Arturia
28K	/usr/share/alsa/ucm2/USB-Audio/Dell
20K	/usr/share/alsa/ucm2/USB-Audio/Lenovo
12K	/usr/share/alsa/ucm2/USB-Audio/NativeInstruments
40K	/usr/share/alsa/ucm2/USB-Audio/Behringer
20K	/usr/share/alsa/ucm2/USB-Audio/Audient
308K	/usr/share/alsa/ucm2/USB-Audio
4.0K	/usr/share/alsa/ucm2/conf.d/VEYRON-I2S
4.0K	/usr/share/alsa/ucm2/conf.d/bytcr-rt5651
4.0K	/usr/share/alsa/ucm2/conf.d/acp6x
4.0K	/usr/share/alsa/ucm2/conf.d/bytcht-cx2072x
4.0K	/usr/share/alsa/ucm2/conf.d/chtrt5650
4.0K	/usr/share/alsa/ucm2/conf.d/acp5x
4.0K	/usr/share/alsa/ucm2/conf.d/acp62
4.0K	/usr/share/alsa/ucm2/conf.d/chtmax98090
4.0K	/usr/share/alsa/ucm2/conf.d/acp
4.0K	/usr/share/alsa/ucm2/conf.d/broadwell-rt286
4.0K	/usr/share/alsa/ucm2/conf.d/acp63
4.0K	/usr/share/alsa/ucm2/conf.d/chtnau8824
4.0K	/usr/share/alsa/ucm2/conf.d/amd-soundwire
4.0K	/usr/share/alsa/ucm2/conf.d/acp3xalc5682m98
4.0K	/usr/share/alsa/ucm2/conf.d/sdm845
4.0K	/usr/share/alsa/ucm2/conf.d/rockchip_es8316
4.0K	/usr/share/alsa/ucm2/conf.d/sof-mt8365-evk
4.0K	/usr/share/alsa/ucm2/conf.d/sof-soundwire
4.0K	/usr/share/alsa/ucm2/conf.d/sof-mt8395-evk
4.0K	/usr/share/alsa/ucm2/conf.d/bdw-rt5677
4.0K	/usr/share/alsa/ucm2/conf.d/tegra-hda
4.0K	/usr/share/alsa/ucm2/conf.d/bytcht-es8316
4.0K	/usr/share/alsa/ucm2/conf.d/sc8280xp
4.0K	/usr/share/alsa/ucm2/conf.d/mt8365-evk
4.0K	/usr/share/alsa/ucm2/conf.d/sof-mt8390-evk
4.0K	/usr/share/alsa/ucm2/conf.d/mt8195_demo
8.0K	/usr/share/alsa/ucm2/conf.d/acp-pdm-mach
4.0K	/usr/share/alsa/ucm2/conf.d/sof-essx8336
4.0K	/usr/share/alsa/ucm2/conf.d/mt8390-evk
4.0K	/usr/share/alsa/ucm2/conf.d/broxton-rt298
4.0K	/usr/share/alsa/ucm2/conf.d/cht-bsw-rt5672
4.0K	/usr/share/alsa/ucm2/conf.d/DB820c
4.0K	/usr/share/alsa/ucm2/conf.d/mt8395-evk
8.0K	/usr/share/alsa/ucm2/conf.d/sof-mt8195_r101
4.0K	/usr/share/alsa/ucm2/conf.d/mtk-rt5650
4.0K	/usr/share/alsa/ucm2/conf.d/USB-Audio
8.0K	/usr/share/alsa/ucm2/conf.d/sm8250
4.0K	/usr/share/alsa/ucm2/conf.d/sof-ehl-rt5660
4.0K	/usr/share/alsa/ucm2/conf.d/skylake-rt286
4.0K	/usr/share/alsa/ucm2/conf.d/tegra
4.0K	/usr/share/alsa/ucm2/conf.d/rk3399-gru-soun
4.0K	/usr/share/alsa/ucm2/conf.d/kblrt5660
4.0K	/usr/share/alsa/ucm2/conf.d/bytcr-rt5640
4.0K	/usr/share/alsa/ucm2/conf.d/mt8391-evk
8.0K	/usr/share/alsa/ucm2/conf.d/mt8370-evk
4.0K	/usr/share/alsa/ucm2/conf.d/sof-hda-dsp
4.0K	/usr/share/alsa/ucm2/conf.d/chtrt5645
4.0K	/usr/share/alsa/ucm2/conf.d/rk3588-es8316
4.0K	/usr/share/alsa/ucm2/conf.d/DB410c
4.0K	/usr/share/alsa/ucm2/conf.d/HDA-Intel
8.0K	/usr/share/alsa/ucm2/conf.d/mt8192_mt6359
4.0K	/usr/share/alsa/ucm2/conf.d/hda-dsp
4.0K	/usr/share/alsa/ucm2/conf.d/simple-card
4.0K	/usr/share/alsa/ucm2/conf.d/bytcr-wm5102
4.0K	/usr/share/alsa/ucm2/conf.d/sof-glkda7219ma
4.0K	/usr/share/alsa/ucm2/conf.d/SOF
8.0K	/usr/share/alsa/ucm2/conf.d/SC7180
256K	/usr/share/alsa/ucm2/conf.d
12K	/usr/share/alsa/ucm2/AMD/acp5x
12K	/usr/share/alsa/ucm2/AMD/acp3xalc5682m98
28K	/usr/share/alsa/ucm2/AMD
16K	/usr/share/alsa/ucm2/lib
16K	/usr/share/alsa/ucm2/Intel/sof-glkda7219max
20K	/usr/share/alsa/ucm2/Intel/bytcr-rt5651
12K	/usr/share/alsa/ucm2/Intel/bytcht-cx2072x
12K	/usr/share/alsa/ucm2/Intel/chtrt5650
12K	/usr/share/alsa/ucm2/Intel/chtmax98090
12K	/usr/share/alsa/ucm2/Intel/broadwell-rt286
12K	/usr/share/alsa/ucm2/Intel/chtnau8824
16K	/usr/share/alsa/ucm2/Intel/bdw-rt5677
20K	/usr/share/alsa/ucm2/Intel/bytcht-es8316
16K	/usr/share/alsa/ucm2/Intel/sof-essx8336
16K	/usr/share/alsa/ucm2/Intel/broxton-rt298
12K	/usr/share/alsa/ucm2/Intel/cht-bsw-rt5672
16K	/usr/share/alsa/ucm2/Intel/sof-ehl-rt5660
20K	/usr/share/alsa/ucm2/Intel/skylake-rt286
20K	/usr/share/alsa/ucm2/Intel/kblrt5660
20K	/usr/share/alsa/ucm2/Intel/bytcr-rt5640
16K	/usr/share/alsa/ucm2/Intel/sof-hda-dsp
12K	/usr/share/alsa/ucm2/Intel/chtrt5645
20K	/usr/share/alsa/ucm2/Intel/hda-dsp
12K	/usr/share/alsa/ucm2/Intel/bytcr-wm5102
12K	/usr/share/alsa/ucm2/Intel/SOF
328K	/usr/share/alsa/ucm2/Intel
12K	/usr/share/alsa/ucm2/Samsung/snow
16K	/usr/share/alsa/ucm2/Samsung
4.0K	/usr/share/alsa/ucm2/conf.virt.d
32K	/usr/share/alsa/ucm2/OMAP/abe-twl6040/SDP4430
32K	/usr/share/alsa/ucm2/OMAP/abe-twl6040/Pandaboard
72K	/usr/share/alsa/ucm2/OMAP/abe-twl6040
76K	/usr/share/alsa/ucm2/OMAP
12K	/usr/share/alsa/ucm2/Rockchip/max98090
12K	/usr/share/alsa/ucm2/Rockchip/rk817-sound
12K	/usr/share/alsa/ucm2/Rockchip/es8316
12K	/usr/share/alsa/ucm2/Rockchip/rk3399-gru-sound
12K	/usr/share/alsa/ucm2/Rockchip/rk3588-es8316
64K	/usr/share/alsa/ucm2/Rockchip
2.5M	/usr/share/alsa/ucm2
3.3M	/usr/share/alsa
12K	/usr/share/finalrd
12K	/usr/share/plymouth/themes/spinner
8.0K	/usr/share/plymouth/themes/tribar
8.0K	/usr/share/plymouth/themes/text
8.0K	/usr/share/plymouth/themes/details
12K	/usr/share/plymouth/themes/ubuntu-text
52K	/usr/share/plymouth/themes
64K	/usr/share/plymouth
4.0K	/usr/share/file/magic
8.0K	/usr/share/file
508M	/usr/share
356M	/usr/bin
88K	/usr/src/linux-headers-6.1.0-1025-rockchip/scripts/basic
168K	/usr/src/linux-headers-6.1.0-1025-rockchip/scripts/dtc/libfdt
1.1M	/usr/src/linux-headers-6.1.0-1025-rockchip/scripts/dtc
360K	/usr/src/linux-headers-6.1.0-1025-rockchip/scripts/genksyms
156K	/usr/src/linux-headers-6.1.0-1025-rockchip/scripts/selinux/mdp
152K	/usr/src/linux-headers-6.1.0-1025-rockchip/scripts/selinux/genheaders
324K	/usr/src/linux-headers-6.1.0-1025-rockchip/scripts/selinux
36K	/usr/src/linux-headers-6.1.0-1025-rockchip/scripts/kconfig/lxdialog
820K	/usr/src/linux-headers-6.1.0-1025-rockchip/scripts/kconfig
508K	/usr/src/linux-headers-6.1.0-1025-rockchip/scripts/mod
3.9M	/usr/src/linux-headers-6.1.0-1025-rockchip/scripts
152K	/usr/src/linux-headers-6.1.0-1025-rockchip/arch/arm64/kernel/vdso
308K	/usr/src/linux-headers-6.1.0-1025-rockchip/arch/arm64/kernel
8.0K	/usr/src/linux-headers-6.1.0-1025-rockchip/arch/arm64/tools
76K	/usr/src/linux-headers-6.1.0-1025-rockchip/arch/arm64/include/generated/uapi/asm
80K	/usr/src/linux-headers-6.1.0-1025-rockchip/arch/arm64/include/generated/uapi
240K	/usr/src/linux-headers-6.1.0-1025-rockchip/arch/arm64/include/generated/asm
324K	/usr/src/linux-headers-6.1.0-1025-rockchip/arch/arm64/include/generated
336K	/usr/src/linux-headers-6.1.0-1025-rockchip/arch/arm64/include
684K	/usr/src/linux-headers-6.1.0-1025-rockchip/arch/arm64
688K	/usr/src/linux-headers-6.1.0-1025-rockchip/arch
44K	/usr/src/linux-headers-6.1.0-1025-rockchip/kernel
32K	/usr/src/linux-headers-6.1.0-1025-rockchip/tools/bpf/resolve_btfids/libsubcmd/include/subcmd
36K	/usr/src/linux-headers-6.1.0-1025-rockchip/tools/bpf/resolve_btfids/libsubcmd/include
3.0M	/usr/src/linux-headers-6.1.0-1025-rockchip/tools/bpf/resolve_btfids/libsubcmd
5.9M	/usr/src/linux-headers-6.1.0-1025-rockchip/tools/bpf/resolve_btfids/libbpf/staticobjs
376K	/usr/src/linux-headers-6.1.0-1025-rockchip/tools/bpf/resolve_btfids/libbpf/include/bpf
380K	/usr/src/linux-headers-6.1.0-1025-rockchip/tools/bpf/resolve_btfids/libbpf/include
9.1M	/usr/src/linux-headers-6.1.0-1025-rockchip/tools/bpf/resolve_btfids/libbpf
15M	/usr/src/linux-headers-6.1.0-1025-rockchip/tools/bpf/resolve_btfids
15M	/usr/src/linux-headers-6.1.0-1025-rockchip/tools/bpf
15M	/usr/src/linux-headers-6.1.0-1025-rockchip/tools
8.0K	/usr/src/linux-headers-6.1.0-1025-rockchip/include/generated/uapi/linux
12K	/usr/src/linux-headers-6.1.0-1025-rockchip/include/generated/uapi
496K	/usr/src/linux-headers-6.1.0-1025-rockchip/include/generated
324K	/usr/src/linux-headers-6.1.0-1025-rockchip/include/config
824K	/usr/src/linux-headers-6.1.0-1025-rockchip/include
22M	/usr/src/linux-headers-6.1.0-1025-rockchip
12K	/usr/src/linux-rockchip-headers-6.1.0-1025/net/xdp
12K	/usr/src/linux-rockchip-headers-6.1.0-1025/net/dcb
12K	/usr/src/linux-rockchip-headers-6.1.0-1025/net/llc
12K	/usr/src/linux-rockchip-headers-6.1.0-1025/net/phonet
12K	/usr/src/linux-rockchip-headers-6.1.0-1025/net/ieee802154/6lowpan
24K	/usr/src/linux-rockchip-headers-6.1.0-1025/net/ieee802154
12K	/usr/src/linux-rockchip-headers-6.1.0-1025/net/iucv
20K	/usr/src/linux-rockchip-headers-6.1.0-1025/net/mac80211
8.0K	/usr/src/linux-rockchip-headers-6.1.0-1025/net/rose
16K	/usr/src/linux-rockchip-headers-6.1.0-1025/net/ax25
20K	/usr/src/linux-rockchip-headers-6.1.0-1025/net/ipv4/netfilter
8.0K	/usr/src/linux-rockchip-headers-6.1.0-1025/net/ipv4/bpfilter
64K	/usr/src/linux-rockchip-headers-6.1.0-1025/net/ipv4
12K	/usr/src/linux-rockchip-headers-6.1.0-1025/net/atm
12K	/usr/src/linux-rockchip-headers-6.1.0-1025/net/hsr
16K	/usr/src/linux-rockchip-headers-6.1.0-1025/net/bridge/netfilter
28K	/usr/src/linux-rockchip-headers-6.1.0-1025/net/bridge
20K	/usr/src/linux-rockchip-headers-6.1.0-1025/net/ipv6/netfilter
8.0K	/usr/src/linux-rockchip-headers-6.1.0-1025/net/ipv6/ila
48K	/usr/src/linux-rockchip-headers-6.1.0-1025/net/ipv6
12K	/usr/src/linux-rockchip-headers-6.1.0-1025/net/mpls
8.0K	/usr/src/linux-rockchip-headers-6.1.0-1025/net/devlink
12K	/usr/src/linux-rockchip-headers-6.1.0-1025/net/ceph
12K	/usr/src/linux-rockchip-headers-6.1.0-1025/net/batman-adv
12K	/usr/src/linux-rockchip-headers-6.1.0-1025/net/tls
12K	/usr/src/linux-rockchip-headers-6.1.0-1025/net/can/j1939
24K	/usr/src/linux-rockchip-headers-6.1.0-1025/net/can
12K	/usr/src/linux-rockchip-headers-6.1.0-1025/net/vmw_vsock
12K	/usr/src/linux-rockchip-headers-6.1.0-1025/net/xfrm
12K	/usr/src/linux-rockchip-headers-6.1.0-1025/net/ife
12K	/usr/src/linux-rockchip-headers-6.1.0-1025/net/nsh
12K	/usr/src/linux-rockchip-headers-6.1.0-1025/net/kcm
12K	/usr/src/linux-rockchip-headers-6.1.0-1025/net/ncsi
40K	/usr/src/linux-rockchip-headers-6.1.0-1025/net/sched
12K	/usr/src/linux-rockchip-headers-6.1.0-1025/net/openvswitch
12K	/usr/src/linux-rockchip-headers-6.1.0-1025/net/6lowpan
8.0K	/usr/src/linux-rockchip-headers-6.1.0-1025/net/sunrpc/auth_gss
8.0K	/usr/src/linux-rockchip-headers-6.1.0-1025/net/sunrpc/xprtrdma
28K	/usr/src/linux-rockchip-headers-6.1.0-1025/net/sunrpc
12K	/usr/src/linux-rockchip-headers-6.1.0-1025/net/802
12K	/usr/src/linux-rockchip-headers-6.1.0-1025/net/tipc
12K	/usr/src/linux-rockchip-headers-6.1.0-1025/net/switchdev
12K	/usr/src/linux-rockchip-headers-6.1.0-1025/net/9p
12K	/usr/src/linux-rockchip-headers-6.1.0-1025/net/packet
12K	/usr/src/linux-rockchip-headers-6.1.0-1025/net/sctp
8.0K	/usr/src/linux-rockchip-headers-6.1.0-1025/net/key
12K	/usr/src/linux-rockchip-headers-6.1.0-1025/net/strparser
12K	/usr/src/linux-rockchip-headers-6.1.0-1025/net/rxrpc
12K	/usr/src/linux-rockchip-headers-6.1.0-1025/net/caif
8.0K	/usr/src/linux-rockchip-headers-6.1.0-1025/net/core
12K	/usr/src/linux-rockchip-headers-6.1.0-1025/net/x25
8.0K	/usr/src/linux-rockchip-headers-6.1.0-1025/net/ethtool
24K	/usr/src/linux-rockchip-headers-6.1.0-1025/net/netfilter/ipvs
16K	/usr/src/linux-rockchip-headers-6.1.0-1025/net/netfilter/ipset
112K	/usr/src/linux-rockchip-headers-6.1.0-1025/net/netfilter
12K	/usr/src/linux-rockchip-headers-6.1.0-1025/net/netlabel
12K	/usr/src/linux-rockchip-headers-6.1.0-1025/net/netlink
12K	/usr/src/linux-rockchip-headers-6.1.0-1025/net/qrtr
8.0K	/usr/src/linux-rockchip-headers-6.1.0-1025/net/netrom
12K	/usr/src/linux-rockchip-headers-6.1.0-1025/net/nfc/hci
12K	/usr/src/linux-rockchip-headers-6.1.0-1025/net/nfc/nci
36K	/usr/src/linux-rockchip-headers-6.1.0-1025/net/nfc
8.0K	/usr/src/linux-rockchip-headers-6.1.0-1025/net/ethernet
8.0K	/usr/src/linux-rockchip-headers-6.1.0-1025/net/appletalk
12K	/usr/src/linux-rockchip-headers-6.1.0-1025/net/bluetooth/bnep
12K	/usr/src/linux-rockchip-headers-6.1.0-1025/net/bluetooth/rfcomm
12K	/usr/src/linux-rockchip-headers-6.1.0-1025/net/bluetooth/cmtp
12K	/usr/src/linux-rockchip-headers-6.1.0-1025/net/bluetooth/hidp
64K	/usr/src/linux-rockchip-headers-6.1.0-1025/net/bluetooth
8.0K	/usr/src/linux-rockchip-headers-6.1.0-1025/net/dccp/ccids
20K	/usr/src/linux-rockchip-headers-6.1.0-1025/net/dccp
12K	/usr/src/linux-rockchip-headers-6.1.0-1025/net/psample
12K	/usr/src/linux-rockchip-headers-6.1.0-1025/net/lapb
12K	/usr/src/linux-rockchip-headers-6.1.0-1025/net/mctp
12K	/usr/src/linux-rockchip-headers-6.1.0-1025/net/l3mdev
12K	/usr/src/linux-rockchip-headers-6.1.0-1025/net/smc
12K	/usr/src/linux-rockchip-headers-6.1.0-1025/net/unix
12K	/usr/src/linux-rockchip-headers-6.1.0-1025/net/rds
16K	/usr/src/linux-rockchip-headers-6.1.0-1025/net/dsa
8.0K	/usr/src/linux-rockchip-headers-6.1.0-1025/net/bpf
12K	/usr/src/linux-rockchip-headers-6.1.0-1025/net/l2tp
12K	/usr/src/linux-rockchip-headers-6.1.0-1025/net/bpfilter
16K	/usr/src/linux-rockchip-headers-6.1.0-1025/net/wireless
12K	/usr/src/linux-rockchip-headers-6.1.0-1025/net/rfkill
12K	/usr/src/linux-rockchip-headers-6.1.0-1025/net/mptcp
12K	/usr/src/linux-rockchip-headers-6.1.0-1025/net/8021q
12K	/usr/src/linux-rockchip-headers-6.1.0-1025/net/dns_resolver
12K	/usr/src/linux-rockchip-headers-6.1.0-1025/net/mac802154
1.2M	/usr/src/linux-rockchip-headers-6.1.0-1025/net
8.0K	/usr/src/linux-rockchip-headers-6.1.0-1025/io_uring
8.0K	/usr/src/linux-rockchip-headers-6.1.0-1025/mm/kmsan
12K	/usr/src/linux-rockchip-headers-6.1.0-1025/mm/damon
8.0K	/usr/src/linux-rockchip-headers-6.1.0-1025/mm/kfence
8.0K	/usr/src/linux-rockchip-headers-6.1.0-1025/mm/kasan
92K	/usr/src/linux-rockchip-headers-6.1.0-1025/mm
16K	/usr/src/linux-rockchip-headers-6.1.0-1025/scripts/clang-tools
20K	/usr/src/linux-rockchip-headers-6.1.0-1025/scripts/basic
8.0K	/usr/src/linux-rockchip-headers-6.1.0-1025/scripts/ksymoops
4.0K	/usr/src/linux-rockchip-headers-6.1.0-1025/scripts/dtc/include-prefixes
188K	/usr/src/linux-rockchip-headers-6.1.0-1025/scripts/dtc/libfdt
516K	/usr/src/linux-rockchip-headers-6.1.0-1025/scripts/dtc
64K	/usr/src/linux-rockchip-headers-6.1.0-1025/scripts/genksyms
4.0K	/usr/src/linux-rockchip-headers-6.1.0-1025/scripts/dummy-tools/dummy-plugin-dir/include
8.0K	/usr/src/linux-rockchip-headers-6.1.0-1025/scripts/dummy-tools/dummy-plugin-dir
24K	/usr/src/linux-rockchip-headers-6.1.0-1025/scripts/dummy-tools
128K	/usr/src/linux-rockchip-headers-6.1.0-1025/scripts/gcc-plugins
80K	/usr/src/linux-rockchip-headers-6.1.0-1025/scripts/atomic/fallbacks
116K	/usr/src/linux-rockchip-headers-6.1.0-1025/scripts/atomic
20K	/usr/src/linux-rockchip-headers-6.1.0-1025/scripts/selinux/mdp
12K	/usr/src/linux-rockchip-headers-6.1.0-1025/scripts/selinux/genheaders
48K	/usr/src/linux-rockchip-headers-6.1.0-1025/scripts/selinux
20K	/usr/src/linux-rockchip-headers-6.1.0-1025/scripts/kconfig/tests/inter_choice
20K	/usr/src/linux-rockchip-headers-6.1.0-1025/scripts/kconfig/tests/no_write_if_dep_unmet
40K	/usr/src/linux-rockchip-headers-6.1.0-1025/scripts/kconfig/tests/choice
16K	/usr/src/linux-rockchip-headers-6.1.0-1025/scripts/kconfig/tests/err_recursive_dep
24K	/usr/src/linux-rockchip-headers-6.1.0-1025/scripts/kconfig/tests/choice_value_with_m_dep
16K	/usr/src/linux-rockchip-headers-6.1.0-1025/scripts/kconfig/tests/preprocess/variable
16K	/usr/src/linux-rockchip-headers-6.1.0-1025/scripts/kconfig/tests/preprocess/escape
20K	/usr/src/linux-rockchip-headers-6.1.0-1025/scripts/kconfig/tests/preprocess/builtin_func
16K	/usr/src/linux-rockchip-headers-6.1.0-1025/scripts/kconfig/tests/preprocess/circular_expansion
72K	/usr/src/linux-rockchip-headers-6.1.0-1025/scripts/kconfig/tests/preprocess
20K	/usr/src/linux-rockchip-headers-6.1.0-1025/scripts/kconfig/tests/new_choice_with_dep
28K	/usr/src/linux-rockchip-headers-6.1.0-1025/scripts/kconfig/tests/err_recursive_inc
16K	/usr/src/linux-rockchip-headers-6.1.0-1025/scripts/kconfig/tests/auto_submenu
276K	/usr/src/linux-rockchip-headers-6.1.0-1025/scripts/kconfig/tests
80K	/usr/src/linux-rockchip-headers-6.1.0-1025/scripts/kconfig/lxdialog
840K	/usr/src/linux-rockchip-headers-6.1.0-1025/scripts/kconfig
24K	/usr/src/linux-rockchip-headers-6.1.0-1025/scripts/coccinelle/api/alloc
8.0K	/usr/src/linux-rockchip-headers-6.1.0-1025/scripts/coccinelle/api/debugfs
120K	/usr/src/linux-rockchip-headers-6.1.0-1025/scripts/coccinelle/api
104K	/usr/src/linux-rockchip-headers-6.1.0-1025/scripts/coccinelle/misc
40K	/usr/src/linux-rockchip-headers-6.1.0-1025/scripts/coccinelle/free
20K	/usr/src/linux-rockchip-headers-6.1.0-1025/scripts/coccinelle/locks
20K	/usr/src/linux-rockchip-headers-6.1.0-1025/scripts/coccinelle/tests
28K	/usr/src/linux-rockchip-headers-6.1.0-1025/scripts/coccinelle/iterators
24K	/usr/src/linux-rockchip-headers-6.1.0-1025/scripts/coccinelle/null
360K	/usr/src/linux-rockchip-headers-6.1.0-1025/scripts/coccinelle
12K	/usr/src/linux-rockchip-headers-6.1.0-1025/scripts/tracing
112K	/usr/src/linux-rockchip-headers-6.1.0-1025/scripts/gdb/linux
124K	/usr/src/linux-rockchip-headers-6.1.0-1025/scripts/gdb
164K	/usr/src/linux-rockchip-headers-6.1.0-1025/scripts/mod
40K	/usr/src/linux-rockchip-headers-6.1.0-1025/scripts/package
4.0M	/usr/src/linux-rockchip-headers-6.1.0-1025/scripts
12K	/usr/src/linux-rockchip-headers-6.1.0-1025/crypto/asymmetric_keys
12K	/usr/src/linux-rockchip-headers-6.1.0-1025/crypto/async_tx
80K	/usr/src/linux-rockchip-headers-6.1.0-1025/crypto
8.0K	/usr/src/linux-rockchip-headers-6.1.0-1025/arch/mips/net
8.0K	/usr/src/linux-rockchip-headers-6.1.0-1025/arch/mips/txx9/rbtx4927
8.0K	/usr/src/linux-rockchip-headers-6.1.0-1025/arch/mips/txx9/generic
28K	/usr/src/linux-rockchip-headers-6.1.0-1025/arch/mips/txx9
12K	/usr/src/linux-rockchip-headers-6.1.0-1025/arch/mips/bmips
8.0K	/usr/src/linux-rockchip-headers-6.1.0-1025/arch/mips/power
8.0K	/usr/src/linux-rockchip-headers-6.1.0-1025/arch/mips/pci
8.0K	/usr/src/linux-rockchip-headers-6.1.0-1025/arch/mips/mm
8.0K	/usr/src/linux-rockchip-headers-6.1.0-1025/arch/mips/rb532
8.0K	/usr/src/linux-rockchip-headers-6.1.0-1025/arch/mips/sgi-ip22
12K	/usr/src/linux-rockchip-headers-6.1.0-1025/arch/mips/bcm63xx/boards
24K	/usr/src/linux-rockchip-headers-6.1.0-1025/arch/mips/bcm63xx
36K	/usr/src/linux-rockchip-headers-6.1.0-1025/arch/mips/crypto
8.0K	/usr/src/linux-rockchip-headers-6.1.0-1025/arch/mips/loongson2ef/common/cs5536
16K	/usr/src/linux-rockchip-headers-6.1.0-1025/arch/mips/loongson2ef/common
8.0K	/usr/src/linux-rockchip-headers-6.1.0-1025/arch/mips/loongson2ef/fuloong-2e
8.0K	/usr/src/linux-rockchip-headers-6.1.0-1025/arch/mips/loongson2ef/lemote-2f
44K	/usr/src/linux-rockchip-headers-6.1.0-1025/arch/mips/loongson2ef
12K	/usr/src/linux-rockchip-headers-6.1.0-1025/arch/mips/jazz
12K	/usr/src/linux-rockchip-headers-6.1.0-1025/arch/mips/sgi-ip27
12K	/usr/src/linux-rockchip-headers-6.1.0-1025/arch/mips/kernel/syscalls
20K	/usr/src/linux-rockchip-headers-6.1.0-1025/arch/mips/kernel
8.0K	/usr/src/linux-rockchip-headers-6.1.0-1025/arch/mips/sni
12K	/usr/src/linux-rockchip-headers-6.1.0-1025/arch/mips/bcm47xx
8.0K	/usr/src/linux-rockchip-headers-6.1.0-1025/arch/mips/alchemy/common
8.0K	/usr/src/linux-rockchip-headers-6.1.0-1025/arch/mips/alchemy/devboards
28K	/usr/src/linux-rockchip-headers-6.1.0-1025/arch/mips/alchemy
12K	/usr/src/linux-rockchip-headers-6.1.0-1025/arch/mips/ralink
8.0K	/usr/src/linux-rockchip-headers-6.1.0-1025/arch/mips/n64
8.0K	/usr/src/linux-rockchip-headers-6.1.0-1025/arch/mips/ingenic
8.0K	/usr/src/linux-rockchip-headers-6.1.0-1025/arch/mips/dec/prom
16K	/usr/src/linux-rockchip-headers-6.1.0-1025/arch/mips/dec
8.0K	/usr/src/linux-rockchip-headers-6.1.0-1025/arch/mips/cobalt
8.0K	/usr/src/linux-rockchip-headers-6.1.0-1025/arch/mips/boot/dts/xilfpga
8.0K	/usr/src/linux-rockchip-headers-6.1.0-1025/arch/mips/boot/dts/mscc
8.0K	/usr/src/linux-rockchip-headers-6.1.0-1025/arch/mips/boot/dts/ralink
8.0K	/usr/src/linux-rockchip-headers-6.1.0-1025/arch/mips/boot/dts/mti
8.0K	/usr/src/linux-rockchip-headers-6.1.0-1025/arch/mips/boot/dts/img
8.0K	/usr/src/linux-rockchip-headers-6.1.0-1025/arch/mips/boot/dts/ingenic
8.0K	/usr/src/linux-rockchip-headers-6.1.0-1025/arch/mips/boot/dts/brcm
8.0K	/usr/src/linux-rockchip-headers-6.1.0-1025/arch/mips/boot/dts/pic32
8.0K	/usr/src/linux-rockchip-headers-6.1.0-1025/arch/mips/boot/dts/ni
8.0K	/usr/src/linux-rockchip-headers-6.1.0-1025/arch/mips/boot/dts/lantiq
8.0K	/usr/src/linux-rockchip-headers-6.1.0-1025/arch/mips/boot/dts/loongson
8.0K	/usr/src/linux-rockchip-headers-6.1.0-1025/arch/mips/boot/dts/realtek
8.0K	/usr/src/linux-rockchip-headers-6.1.0-1025/arch/mips/boot/dts/cavium-octeon
8.0K	/usr/src/linux-rockchip-headers-6.1.0-1025/arch/mips/boot/dts/qca
120K	/usr/src/linux-rockchip-headers-6.1.0-1025/arch/mips/boot/dts
12K	/usr/src/linux-rockchip-headers-6.1.0-1025/arch/mips/boot/compressed
8.0K	/usr/src/linux-rockchip-headers-6.1.0-1025/arch/mips/boot/tools
152K	/usr/src/linux-rockchip-headers-6.1.0-1025/arch/mips/boot
8.0K	/usr/src/linux-rockchip-headers-6.1.0-1025/arch/mips/pic32/common
8.0K	/usr/src/linux-rockchip-headers-6.1.0-1025/arch/mips/pic32/pic32mzda
28K	/usr/src/linux-rockchip-headers-6.1.0-1025/arch/mips/pic32
12K	/usr/src/linux-rockchip-headers-6.1.0-1025/arch/mips/loongson64
12K	/usr/src/linux-rockchip-headers-6.1.0-1025/arch/mips/generic
12K	/usr/src/linux-rockchip-headers-6.1.0-1025/arch/mips/ath25
8.0K	/usr/src/linux-rockchip-headers-6.1.0-1025/arch/mips/lantiq/xway
8.0K	/usr/src/linux-rockchip-headers-6.1.0-1025/arch/mips/lantiq/falcon
28K	/usr/src/linux-rockchip-headers-6.1.0-1025/arch/mips/lantiq
12K	/usr/src/linux-rockchip-headers-6.1.0-1025/arch/mips/ath79
8.0K	/usr/src/linux-rockchip-headers-6.1.0-1025/arch/mips/ar7
12K	/usr/src/linux-rockchip-headers-6.1.0-1025/arch/mips/kvm
12K	/usr/src/linux-rockchip-headers-6.1.0-1025/arch/mips/tools
8.0K	/usr/src/linux-rockchip-headers-6.1.0-1025/arch/mips/sibyte/bcm1480
8.0K	/usr/src/linux-rockchip-headers-6.1.0-1025/arch/mips/sibyte/common
8.0K	/usr/src/linux-rockchip-headers-6.1.0-1025/arch/mips/sibyte/swarm
8.0K	/usr/src/linux-rockchip-headers-6.1.0-1025/arch/mips/sibyte/sb1250
44K	/usr/src/linux-rockchip-headers-6.1.0-1025/arch/mips/sibyte
8.0K	/usr/src/linux-rockchip-headers-6.1.0-1025/arch/mips/sgi-ip30
8.0K	/usr/src/linux-rockchip-headers-6.1.0-1025/arch/mips/sgi-ip32
8.0K	/usr/src/linux-rockchip-headers-6.1.0-1025/arch/mips/lib
8.0K	/usr/src/linux-rockchip-headers-6.1.0-1025/arch/mips/loongson32/common
8.0K	/usr/src/linux-rockchip-headers-6.1.0-1025/arch/mips/loongson32/ls1b
8.0K	/usr/src/linux-rockchip-headers-6.1.0-1025/arch/mips/loongson32/ls1c
36K	/usr/src/linux-rockchip-headers-6.1.0-1025/arch/mips/loongson32
16K	/usr/src/linux-rockchip-headers-6.1.0-1025/arch/mips/vdso
8.0K	/usr/src/linux-rockchip-headers-6.1.0-1025/arch/mips/cavium-octeon/executive
8.0K	/usr/src/linux-rockchip-headers-6.1.0-1025/arch/mips/cavium-octeon/crypto
28K	/usr/src/linux-rockchip-headers-6.1.0-1025/arch/mips/cavium-octeon
8.0K	/usr/src/linux-rockchip-headers-6.1.0-1025/arch/mips/mti-malta
224K	/usr/src/linux-rockchip-headers-6.1.0-1025/arch/mips/include/uapi/asm
228K	/usr/src/linux-rockchip-headers-6.1.0-1025/arch/mips/include/uapi
28K	/usr/src/linux-rockchip-headers-6.1.0-1025/arch/mips/include/asm/mach-malta
120K	/usr/src/linux-rockchip-headers-6.1.0-1025/arch/mips/include/asm/sn/sn0
248K	/usr/src/linux-rockchip-headers-6.1.0-1025/arch/mips/include/asm/sn
60K	/usr/src/linux-rockchip-headers-6.1.0-1025/arch/mips/include/asm/txx9
36K	/usr/src/linux-rockchip-headers-6.1.0-1025/arch/mips/include/asm/pci
8.0K	/usr/src/linux-rockchip-headers-6.1.0-1025/arch/mips/include/asm/mach-ingenic
20K	/usr/src/linux-rockchip-headers-6.1.0-1025/arch/mips/include/asm/mach-ip30
16K	/usr/src/linux-rockchip-headers-6.1.0-1025/arch/mips/include/asm/mach-bcm47xx
1.4M	/usr/src/linux-rockchip-headers-6.1.0-1025/arch/mips/include/asm/octeon
12K	/usr/src/linux-rockchip-headers-6.1.0-1025/arch/mips/include/asm/mach-n64
16K	/usr/src/linux-rockchip-headers-6.1.0-1025/arch/mips/include/asm/mach-bmips
76K	/usr/src/linux-rockchip-headers-6.1.0-1025/arch/mips/include/asm/sgi
20K	/usr/src/linux-rockchip-headers-6.1.0-1025/arch/mips/include/asm/mach-lantiq/xway
20K	/usr/src/linux-rockchip-headers-6.1.0-1025/arch/mips/include/asm/mach-lantiq/falcon
52K	/usr/src/linux-rockchip-headers-6.1.0-1025/arch/mips/include/asm/mach-lantiq
24K	/usr/src/linux-rockchip-headers-6.1.0-1025/arch/mips/include/asm/mach-loongson2ef/cs5536
60K	/usr/src/linux-rockchip-headers-6.1.0-1025/arch/mips/include/asm/mach-loongson2ef
12K	/usr/src/linux-rockchip-headers-6.1.0-1025/arch/mips/include/asm/mach-ip28
8.0K	/usr/src/linux-rockchip-headers-6.1.0-1025/arch/mips/include/asm/mach-sibyte
80K	/usr/src/linux-rockchip-headers-6.1.0-1025/arch/mips/include/asm/dec
12K	/usr/src/linux-rockchip-headers-6.1.0-1025/arch/mips/include/asm/mach-rm
188K	/usr/src/linux-rockchip-headers-6.1.0-1025/arch/mips/include/asm/mach-bcm63xx
8.0K	/usr/src/linux-rockchip-headers-6.1.0-1025/arch/mips/include/asm/mach-ralink/mt7620
8.0K	/usr/src/linux-rockchip-headers-6.1.0-1025/arch/mips/include/asm/mach-ralink/rt288x
8.0K	/usr/src/linux-rockchip-headers-6.1.0-1025/arch/mips/include/asm/mach-ralink/rt305x
8.0K	/usr/src/linux-rockchip-headers-6.1.0-1025/arch/mips/include/asm/mach-ralink/rt3883
8.0K	/usr/src/linux-rockchip-headers-6.1.0-1025/arch/mips/include/asm/mach-ralink/mt7621
80K	/usr/src/linux-rockchip-headers-6.1.0-1025/arch/mips/include/asm/mach-ralink
28K	/usr/src/linux-rockchip-headers-6.1.0-1025/arch/mips/include/asm/ip32
48K	/usr/src/linux-rockchip-headers-6.1.0-1025/arch/mips/include/asm/mach-generic
24K	/usr/src/linux-rockchip-headers-6.1.0-1025/arch/mips/include/asm/mach-tx49xx
12K	/usr/src/linux-rockchip-headers-6.1.0-1025/arch/mips/include/asm/mach-ath25
20K	/usr/src/linux-rockchip-headers-6.1.0-1025/arch/mips/include/asm/mach-cobalt
60K	/usr/src/linux-rockchip-headers-6.1.0-1025/arch/mips/include/asm/mips-boards
24K	/usr/src/linux-rockchip-headers-6.1.0-1025/arch/mips/include/asm/mach-ar7
16K	/usr/src/linux-rockchip-headers-6.1.0-1025/arch/mips/include/asm/xtalk
76K	/usr/src/linux-rockchip-headers-6.1.0-1025/arch/mips/include/asm/mach-rc32434
12K	/usr/src/linux-rockchip-headers-6.1.0-1025/arch/mips/include/asm/mach-ip22
384K	/usr/src/linux-rockchip-headers-6.1.0-1025/arch/mips/include/asm/sibyte
72K	/usr/src/linux-rockchip-headers-6.1.0-1025/arch/mips/include/asm/mach-ath79
32K	/usr/src/linux-rockchip-headers-6.1.0-1025/arch/mips/include/asm/mach-ip27
24K	/usr/src/linux-rockchip-headers-6.1.0-1025/arch/mips/include/asm/mach-cavium-octeon
140K	/usr/src/linux-rockchip-headers-6.1.0-1025/arch/mips/include/asm/mach-au1x00
12K	/usr/src/linux-rockchip-headers-6.1.0-1025/arch/mips/include/asm/mach-dec
28K	/usr/src/linux-rockchip-headers-6.1.0-1025/arch/mips/include/asm/vdso
16K	/usr/src/linux-rockchip-headers-6.1.0-1025/arch/mips/include/asm/mach-db1x00
20K	/usr/src/linux-rockchip-headers-6.1.0-1025/arch/mips/include/asm/mach-pic32
16K	/usr/src/linux-rockchip-headers-6.1.0-1025/arch/mips/include/asm/mach-ip32
12K	/usr/src/linux-rockchip-headers-6.1.0-1025/arch/mips/include/asm/fw/arc
12K	/usr/src/linux-rockchip-headers-6.1.0-1025/arch/mips/include/asm/fw/cfe
32K	/usr/src/linux-rockchip-headers-6.1.0-1025/arch/mips/include/asm/fw
48K	/usr/src/linux-rockchip-headers-6.1.0-1025/arch/mips/include/asm/mach-loongson32
12K	/usr/src/linux-rockchip-headers-6.1.0-1025/arch/mips/include/asm/mach-jazz
76K	/usr/src/linux-rockchip-headers-6.1.0-1025/arch/mips/include/asm/mach-loongson64
4.9M	/usr/src/linux-rockchip-headers-6.1.0-1025/arch/mips/include/asm
5.1M	/usr/src/linux-rockchip-headers-6.1.0-1025/arch/mips/include
8.0K	/usr/src/linux-rockchip-headers-6.1.0-1025/arch/mips/fw/arc
8.0K	/usr/src/linux-rockchip-headers-6.1.0-1025/arch/mips/fw/sni
8.0K	/usr/src/linux-rockchip-headers-6.1.0-1025/arch/mips/fw/lib
8.0K	/usr/src/linux-rockchip-headers-6.1.0-1025/arch/mips/fw/cfe
36K	/usr/src/linux-rockchip-headers-6.1.0-1025/arch/mips/fw
8.0K	/usr/src/linux-rockchip-headers-6.1.0-1025/arch/mips/math-emu
6.0M	/usr/src/linux-rockchip-headers-6.1.0-1025/arch/mips
8.0K	/usr/src/linux-rockchip-headers-6.1.0-1025/arch/microblaze/pci
8.0K	/usr/src/linux-rockchip-headers-6.1.0-1025/arch/microblaze/mm
8.0K	/usr/src/linux-rockchip-headers-6.1.0-1025/arch/microblaze/kernel/syscalls
8.0K	/usr/src/linux-rockchip-headers-6.1.0-1025/arch/microblaze/kernel/cpu
24K	/usr/src/linux-rockchip-headers-6.1.0-1025/arch/microblaze/kernel
8.0K	/usr/src/linux-rockchip-headers-6.1.0-1025/arch/microblaze/boot/dts
16K	/usr/src/linux-rockchip-headers-6.1.0-1025/arch/microblaze/boot
8.0K	/usr/src/linux-rockchip-headers-6.1.0-1025/arch/microblaze/lib
40K	/usr/src/linux-rockchip-headers-6.1.0-1025/arch/microblaze/include/uapi/asm
44K	/usr/src/linux-rockchip-headers-6.1.0-1025/arch/microblaze/include/uapi
236K	/usr/src/linux-rockchip-headers-6.1.0-1025/arch/microblaze/include/asm
284K	/usr/src/linux-rockchip-headers-6.1.0-1025/arch/microblaze/include
376K	/usr/src/linux-rockchip-headers-6.1.0-1025/arch/microblaze
8.0K	/usr/src/linux-rockchip-headers-6.1.0-1025/arch/loongarch/net
8.0K	/usr/src/linux-rockchip-headers-6.1.0-1025/arch/loongarch/pci
8.0K	/usr/src/linux-rockchip-headers-6.1.0-1025/arch/loongarch/mm
8.0K	/usr/src/linux-rockchip-headers-6.1.0-1025/arch/loongarch/kernel
8.0K	/usr/src/linux-rockchip-headers-6.1.0-1025/arch/loongarch/boot/dts
16K	/usr/src/linux-rockchip-headers-6.1.0-1025/arch/loongarch/boot
8.0K	/usr/src/linux-rockchip-headers-6.1.0-1025/arch/loongarch/lib
12K	/usr/src/linux-rockchip-headers-6.1.0-1025/arch/loongarch/vdso
60K	/usr/src/linux-rockchip-headers-6.1.0-1025/arch/loongarch/include/uapi/asm
64K	/usr/src/linux-rockchip-headers-6.1.0-1025/arch/loongarch/include/uapi
24K	/usr/src/linux-rockchip-headers-6.1.0-1025/arch/loongarch/include/asm/vdso
540K	/usr/src/linux-rockchip-headers-6.1.0-1025/arch/loongarch/include/asm
608K	/usr/src/linux-rockchip-headers-6.1.0-1025/arch/loongarch/include
708K	/usr/src/linux-rockchip-headers-6.1.0-1025/arch/loongarch
8.0K	/usr/src/linux-rockchip-headers-6.1.0-1025/arch/openrisc/mm
8.0K	/usr/src/linux-rockchip-headers-6.1.0-1025/arch/openrisc/kernel
8.0K	/usr/src/linux-rockchip-headers-6.1.0-1025/arch/openrisc/boot/dts
16K	/usr/src/linux-rockchip-headers-6.1.0-1025/arch/openrisc/boot
8.0K	/usr/src/linux-rockchip-headers-6.1.0-1025/arch/openrisc/lib
32K	/usr/src/linux-rockchip-headers-6.1.0-1025/arch/openrisc/include/uapi/asm
36K	/usr/src/linux-rockchip-headers-6.1.0-1025/arch/openrisc/include/uapi
24K	/usr/src/linux-rockchip-headers-6.1.0-1025/arch/openrisc/include/asm/bitops
224K	/usr/src/linux-rockchip-headers-6.1.0-1025/arch/openrisc/include/asm
264K	/usr/src/linux-rockchip-headers-6.1.0-1025/arch/openrisc/include
328K	/usr/src/linux-rockchip-headers-6.1.0-1025/arch/openrisc
8.0K	/usr/src/linux-rockchip-headers-6.1.0-1025/arch/arc/mm
8.0K	/usr/src/linux-rockchip-headers-6.1.0-1025/arch/arc/kernel
8.0K	/usr/src/linux-rockchip-headers-6.1.0-1025/arch/arc/boot/dts
16K	/usr/src/linux-rockchip-headers-6.1.0-1025/arch/arc/boot
12K	/usr/src/linux-rockchip-headers-6.1.0-1025/arch/arc/plat-axs10x
8.0K	/usr/src/linux-rockchip-headers-6.1.0-1025/arch/arc/plat-sim
12K	/usr/src/linux-rockchip-headers-6.1.0-1025/arch/arc/plat-tb10x
12K	/usr/src/linux-rockchip-headers-6.1.0-1025/arch/arc/plat-hsdk
8.0K	/usr/src/linux-rockchip-headers-6.1.0-1025/arch/arc/lib
52K	/usr/src/linux-rockchip-headers-6.1.0-1025/arch/arc/include/uapi/asm
56K	/usr/src/linux-rockchip-headers-6.1.0-1025/arch/arc/include/uapi
384K	/usr/src/linux-rockchip-headers-6.1.0-1025/arch/arc/include/asm
444K	/usr/src/linux-rockchip-headers-6.1.0-1025/arch/arc/include
560K	/usr/src/linux-rockchip-headers-6.1.0-1025/arch/arc
8.0K	/usr/src/linux-rockchip-headers-6.1.0-1025/arch/s390/net
8.0K	/usr/src/linux-rockchip-headers-6.1.0-1025/arch/s390/purgatory
8.0K	/usr/src/linux-rockchip-headers-6.1.0-1025/arch/s390/pci
8.0K	/usr/src/linux-rockchip-headers-6.1.0-1025/arch/s390/mm
12K	/usr/src/linux-rockchip-headers-6.1.0-1025/arch/s390/crypto
8.0K	/usr/src/linux-rockchip-headers-6.1.0-1025/arch/s390/appldata
12K	/usr/src/linux-rockchip-headers-6.1.0-1025/arch/s390/kernel/vdso64
8.0K	/usr/src/linux-rockchip-headers-6.1.0-1025/arch/s390/kernel/syscalls
12K	/usr/src/linux-rockchip-headers-6.1.0-1025/arch/s390/kernel/vdso32
40K	/usr/src/linux-rockchip-headers-6.1.0-1025/arch/s390/kernel
16K	/usr/src/linux-rockchip-headers-6.1.0-1025/arch/s390/boot
12K	/usr/src/linux-rockchip-headers-6.1.0-1025/arch/s390/kvm
12K	/usr/src/linux-rockchip-headers-6.1.0-1025/arch/s390/tools
8.0K	/usr/src/linux-rockchip-headers-6.1.0-1025/arch/s390/lib/expoline
16K	/usr/src/linux-rockchip-headers-6.1.0-1025/arch/s390/lib
248K	/usr/src/linux-rockchip-headers-6.1.0-1025/arch/s390/include/uapi/asm
252K	/usr/src/linux-rockchip-headers-6.1.0-1025/arch/s390/include/uapi
16K	/usr/src/linux-rockchip-headers-6.1.0-1025/arch/s390/include/asm/trace
16K	/usr/src/linux-rockchip-headers-6.1.0-1025/arch/s390/include/asm/fpu
24K	/usr/src/linux-rockchip-headers-6.1.0-1025/arch/s390/include/asm/vdso
1.0M	/usr/src/linux-rockchip-headers-6.1.0-1025/arch/s390/include/asm
1.3M	/usr/src/linux-rockchip-headers-6.1.0-1025/arch/s390/include
8.0K	/usr/src/linux-rockchip-headers-6.1.0-1025/arch/s390/hypfs
1.5M	/usr/src/linux-rockchip-headers-6.1.0-1025/arch/s390
8.0K	/usr/src/linux-rockchip-headers-6.1.0-1025/arch/xtensa/mm
8.0K	/usr/src/linux-rockchip-headers-6.1.0-1025/arch/xtensa/kernel/syscalls
16K	/usr/src/linux-rockchip-headers-6.1.0-1025/arch/xtensa/kernel
48K	/usr/src/linux-rockchip-headers-6.1.0-1025/arch/xtensa/variants/dc233c/include/variant
52K	/usr/src/linux-rockchip-headers-6.1.0-1025/arch/xtensa/variants/dc233c/include
56K	/usr/src/linux-rockchip-headers-6.1.0-1025/arch/xtensa/variants/dc233c
40K	/usr/src/linux-rockchip-headers-6.1.0-1025/arch/xtensa/variants/dc232b/include/variant
44K	/usr/src/linux-rockchip-headers-6.1.0-1025/arch/xtensa/variants/dc232b/include
48K	/usr/src/linux-rockchip-headers-6.1.0-1025/arch/xtensa/variants/dc232b
52K	/usr/src/linux-rockchip-headers-6.1.0-1025/arch/xtensa/variants/csp/include/variant
56K	/usr/src/linux-rockchip-headers-6.1.0-1025/arch/xtensa/variants/csp/include
60K	/usr/src/linux-rockchip-headers-6.1.0-1025/arch/xtensa/variants/csp
40K	/usr/src/linux-rockchip-headers-6.1.0-1025/arch/xtensa/variants/test_mmuhifi_c3/include/variant
44K	/usr/src/linux-rockchip-headers-6.1.0-1025/arch/xtensa/variants/test_mmuhifi_c3/include
48K	/usr/src/linux-rockchip-headers-6.1.0-1025/arch/xtensa/variants/test_mmuhifi_c3
28K	/usr/src/linux-rockchip-headers-6.1.0-1025/arch/xtensa/variants/fsf/include/variant
32K	/usr/src/linux-rockchip-headers-6.1.0-1025/arch/xtensa/variants/fsf/include
36K	/usr/src/linux-rockchip-headers-6.1.0-1025/arch/xtensa/variants/fsf
60K	/usr/src/linux-rockchip-headers-6.1.0-1025/arch/xtensa/variants/test_kc705_be/include/variant
64K	/usr/src/linux-rockchip-headers-6.1.0-1025/arch/xtensa/variants/test_kc705_be/include
68K	/usr/src/linux-rockchip-headers-6.1.0-1025/arch/xtensa/variants/test_kc705_be
56K	/usr/src/linux-rockchip-headers-6.1.0-1025/arch/xtensa/variants/test_kc705_hifi/include/variant
60K	/usr/src/linux-rockchip-headers-6.1.0-1025/arch/xtensa/variants/test_kc705_hifi/include
64K	/usr/src/linux-rockchip-headers-6.1.0-1025/arch/xtensa/variants/test_kc705_hifi
48K	/usr/src/linux-rockchip-headers-6.1.0-1025/arch/xtensa/variants/de212/include/variant
52K	/usr/src/linux-rockchip-headers-6.1.0-1025/arch/xtensa/variants/de212/include
56K	/usr/src/linux-rockchip-headers-6.1.0-1025/arch/xtensa/variants/de212
440K	/usr/src/linux-rockchip-headers-6.1.0-1025/arch/xtensa/variants
20K	/usr/src/linux-rockchip-headers-6.1.0-1025/arch/xtensa/platforms/iss/include/platform
24K	/usr/src/linux-rockchip-headers-6.1.0-1025/arch/xtensa/platforms/iss/include
32K	/usr/src/linux-rockchip-headers-6.1.0-1025/arch/xtensa/platforms/iss
16K	/usr/src/linux-rockchip-headers-6.1.0-1025/arch/xtensa/platforms/xtfpga/include/platform
20K	/usr/src/linux-rockchip-headers-6.1.0-1025/arch/xtensa/platforms/xtfpga/include
28K	/usr/src/linux-rockchip-headers-6.1.0-1025/arch/xtensa/platforms/xtfpga
12K	/usr/src/linux-rockchip-headers-6.1.0-1025/arch/xtensa/platforms/xt2000/include/platform
16K	/usr/src/linux-rockchip-headers-6.1.0-1025/arch/xtensa/platforms/xt2000/include
24K	/usr/src/linux-rockchip-headers-6.1.0-1025/arch/xtensa/platforms/xt2000
92K	/usr/src/linux-rockchip-headers-6.1.0-1025/arch/xtensa/platforms
8.0K	/usr/src/linux-rockchip-headers-6.1.0-1025/arch/xtensa/boot/dts
8.0K	/usr/src/linux-rockchip-headers-6.1.0-1025/arch/xtensa/boot/lib
8.0K	/usr/src/linux-rockchip-headers-6.1.0-1025/arch/xtensa/boot/boot-redboot
8.0K	/usr/src/linux-rockchip-headers-6.1.0-1025/arch/xtensa/boot/boot-elf
40K	/usr/src/linux-rockchip-headers-6.1.0-1025/arch/xtensa/boot
8.0K	/usr/src/linux-rockchip-headers-6.1.0-1025/arch/xtensa/lib
96K	/usr/src/linux-rockchip-headers-6.1.0-1025/arch/xtensa/include/uapi/asm
100K	/usr/src/linux-rockchip-headers-6.1.0-1025/arch/xtensa/include/uapi
368K	/usr/src/linux-rockchip-headers-6.1.0-1025/arch/xtensa/include/asm
472K	/usr/src/linux-rockchip-headers-6.1.0-1025/arch/xtensa/include
1.1M	/usr/src/linux-rockchip-headers-6.1.0-1025/arch/xtensa
16K	/usr/src/linux-rockchip-headers-6.1.0-1025/arch/sh/mm
8.0K	/usr/src/linux-rockchip-headers-6.1.0-1025/arch/sh/kernel/vsyscall
8.0K	/usr/src/linux-rockchip-headers-6.1.0-1025/arch/sh/kernel/syscalls
8.0K	/usr/src/linux-rockchip-headers-6.1.0-1025/arch/sh/kernel/cpu/sh2a
8.0K	/usr/src/linux-rockchip-headers-6.1.0-1025/arch/sh/kernel/cpu/sh2
8.0K	/usr/src/linux-rockchip-headers-6.1.0-1025/arch/sh/kernel/cpu/sh3
8.0K	/usr/src/linux-rockchip-headers-6.1.0-1025/arch/sh/kernel/cpu/irq
8.0K	/usr/src/linux-rockchip-headers-6.1.0-1025/arch/sh/kernel/cpu/sh4
8.0K	/usr/src/linux-rockchip-headers-6.1.0-1025/arch/sh/kernel/cpu/shmobile
8.0K	/usr/src/linux-rockchip-headers-6.1.0-1025/arch/sh/kernel/cpu/sh4a
64K	/usr/src/linux-rockchip-headers-6.1.0-1025/arch/sh/kernel/cpu
88K	/usr/src/linux-rockchip-headers-6.1.0-1025/arch/sh/kernel
8.0K	/usr/src/linux-rockchip-headers-6.1.0-1025/arch/sh/drivers/pci
8.0K	/usr/src/linux-rockchip-headers-6.1.0-1025/arch/sh/drivers/superhyway
12K	/usr/src/linux-rockchip-headers-6.1.0-1025/arch/sh/drivers/dma
40K	/usr/src/linux-rockchip-headers-6.1.0-1025/arch/sh/drivers
8.0K	/usr/src/linux-rockchip-headers-6.1.0-1025/arch/sh/boot/dts
8.0K	/usr/src/linux-rockchip-headers-6.1.0-1025/arch/sh/boot/compressed
8.0K	/usr/src/linux-rockchip-headers-6.1.0-1025/arch/sh/boot/romimage
32K	/usr/src/linux-rockchip-headers-6.1.0-1025/arch/sh/boot
8.0K	/usr/src/linux-rockchip-headers-6.1.0-1025/arch/sh/tools
8.0K	/usr/src/linux-rockchip-headers-6.1.0-1025/arch/sh/cchips/hd6446x
16K	/usr/src/linux-rockchip-headers-6.1.0-1025/arch/sh/cchips
12K	/usr/src/linux-rockchip-headers-6.1.0-1025/arch/sh/boards/mach-migor
12K	/usr/src/linux-rockchip-headers-6.1.0-1025/arch/sh/boards/mach-highlander
8.0K	/usr/src/linux-rockchip-headers-6.1.0-1025/arch/sh/boards/mach-landisk
8.0K	/usr/src/linux-rockchip-headers-6.1.0-1025/arch/sh/boards/mach-sdk7786
8.0K	/usr/src/linux-rockchip-headers-6.1.0-1025/arch/sh/boards/mach-dreamcast
8.0K	/usr/src/linux-rockchip-headers-6.1.0-1025/arch/sh/boards/mach-hp6xx
8.0K	/usr/src/linux-rockchip-headers-6.1.0-1025/arch/sh/boards/mach-ecovec24
8.0K	/usr/src/linux-rockchip-headers-6.1.0-1025/arch/sh/boards/mach-se/7724
8.0K	/usr/src/linux-rockchip-headers-6.1.0-1025/arch/sh/boards/mach-se/770x
8.0K	/usr/src/linux-rockchip-headers-6.1.0-1025/arch/sh/boards/mach-se/7722
8.0K	/usr/src/linux-rockchip-headers-6.1.0-1025/arch/sh/boards/mach-se/7206
8.0K	/usr/src/linux-rockchip-headers-6.1.0-1025/arch/sh/boards/mach-se/7780
8.0K	/usr/src/linux-rockchip-headers-6.1.0-1025/arch/sh/boards/mach-se/7721
8.0K	/usr/src/linux-rockchip-headers-6.1.0-1025/arch/sh/boards/mach-se/7343
8.0K	/usr/src/linux-rockchip-headers-6.1.0-1025/arch/sh/boards/mach-se/7751
72K	/usr/src/linux-rockchip-headers-6.1.0-1025/arch/sh/boards/mach-se
8.0K	/usr/src/linux-rockchip-headers-6.1.0-1025/arch/sh/boards/mach-sh03
8.0K	/usr/src/linux-rockchip-headers-6.1.0-1025/arch/sh/boards/mach-lboxre2
8.0K	/usr/src/linux-rockchip-headers-6.1.0-1025/arch/sh/boards/mach-kfr2r09
12K	/usr/src/linux-rockchip-headers-6.1.0-1025/arch/sh/boards/mach-r2d
8.0K	/usr/src/linux-rockchip-headers-6.1.0-1025/arch/sh/boards/mach-sh7763rdp
12K	/usr/src/linux-rockchip-headers-6.1.0-1025/arch/sh/boards/mach-rsk
8.0K	/usr/src/linux-rockchip-headers-6.1.0-1025/arch/sh/boards/mach-x3proto
8.0K	/usr/src/linux-rockchip-headers-6.1.0-1025/arch/sh/boards/mach-microdev
8.0K	/usr/src/linux-rockchip-headers-6.1.0-1025/arch/sh/boards/mach-ap325rxa
12K	/usr/src/linux-rockchip-headers-6.1.0-1025/arch/sh/boards/mach-sdk7780
248K	/usr/src/linux-rockchip-headers-6.1.0-1025/arch/sh/boards
8.0K	/usr/src/linux-rockchip-headers-6.1.0-1025/arch/sh/lib
8.0K	/usr/src/linux-rockchip-headers-6.1.0-1025/arch/sh/include/mach-migor/mach
12K	/usr/src/linux-rockchip-headers-6.1.0-1025/arch/sh/include/mach-migor
76K	/usr/src/linux-rockchip-headers-6.1.0-1025/arch/sh/include/mach-common/mach
80K	/usr/src/linux-rockchip-headers-6.1.0-1025/arch/sh/include/mach-common
12K	/usr/src/linux-rockchip-headers-6.1.0-1025/arch/sh/include/mach-landisk/mach
16K	/usr/src/linux-rockchip-headers-6.1.0-1025/arch/sh/include/mach-landisk
16K	/usr/src/linux-rockchip-headers-6.1.0-1025/arch/sh/include/mach-sdk7786/mach
20K	/usr/src/linux-rockchip-headers-6.1.0-1025/arch/sh/include/mach-sdk7786
20K	/usr/src/linux-rockchip-headers-6.1.0-1025/arch/sh/include/mach-dreamcast/mach
24K	/usr/src/linux-rockchip-headers-6.1.0-1025/arch/sh/include/mach-dreamcast
12K	/usr/src/linux-rockchip-headers-6.1.0-1025/arch/sh/include/mach-ecovec24/mach
16K	/usr/src/linux-rockchip-headers-6.1.0-1025/arch/sh/include/mach-ecovec24
44K	/usr/src/linux-rockchip-headers-6.1.0-1025/arch/sh/include/mach-se/mach
48K	/usr/src/linux-rockchip-headers-6.1.0-1025/arch/sh/include/mach-se
12K	/usr/src/linux-rockchip-headers-6.1.0-1025/arch/sh/include/mach-sh03/mach
16K	/usr/src/linux-rockchip-headers-6.1.0-1025/arch/sh/include/mach-sh03
16K	/usr/src/linux-rockchip-headers-6.1.0-1025/arch/sh/include/cpu-sh2/cpu
20K	/usr/src/linux-rockchip-headers-6.1.0-1025/arch/sh/include/cpu-sh2
52K	/usr/src/linux-rockchip-headers-6.1.0-1025/arch/sh/include/cpu-sh3/cpu
56K	/usr/src/linux-rockchip-headers-6.1.0-1025/arch/sh/include/cpu-sh3
76K	/usr/src/linux-rockchip-headers-6.1.0-1025/arch/sh/include/uapi/asm
80K	/usr/src/linux-rockchip-headers-6.1.0-1025/arch/sh/include/uapi
16K	/usr/src/linux-rockchip-headers-6.1.0-1025/arch/sh/include/mach-kfr2r09/mach
20K	/usr/src/linux-rockchip-headers-6.1.0-1025/arch/sh/include/mach-kfr2r09
12K	/usr/src/linux-rockchip-headers-6.1.0-1025/arch/sh/include/cpu-sh4a/cpu
16K	/usr/src/linux-rockchip-headers-6.1.0-1025/arch/sh/include/cpu-sh4a
124K	/usr/src/linux-rockchip-headers-6.1.0-1025/arch/sh/include/cpu-sh4/cpu
128K	/usr/src/linux-rockchip-headers-6.1.0-1025/arch/sh/include/cpu-sh4
48K	/usr/src/linux-rockchip-headers-6.1.0-1025/arch/sh/include/cpu-sh2a/cpu
52K	/usr/src/linux-rockchip-headers-6.1.0-1025/arch/sh/include/cpu-sh2a
12K	/usr/src/linux-rockchip-headers-6.1.0-1025/arch/sh/include/mach-x3proto/mach
16K	/usr/src/linux-rockchip-headers-6.1.0-1025/arch/sh/include/mach-x3proto
28K	/usr/src/linux-rockchip-headers-6.1.0-1025/arch/sh/include/cpu-common/cpu
32K	/usr/src/linux-rockchip-headers-6.1.0-1025/arch/sh/include/cpu-common
660K	/usr/src/linux-rockchip-headers-6.1.0-1025/arch/sh/include/asm
1.3M	/usr/src/linux-rockchip-headers-6.1.0-1025/arch/sh/include
8.0K	/usr/src/linux-rockchip-headers-6.1.0-1025/arch/sh/math-emu
1.8M	/usr/src/linux-rockchip-headers-6.1.0-1025/arch/sh
8.0K	/usr/src/linux-rockchip-headers-6.1.0-1025/arch/um/scripts
8.0K	/usr/src/linux-rockchip-headers-6.1.0-1025/arch/um/kernel/skas
16K	/usr/src/linux-rockchip-headers-6.1.0-1025/arch/um/kernel
24K	/usr/src/linux-rockchip-headers-6.1.0-1025/arch/um/drivers
8.0K	/usr/src/linux-rockchip-headers-6.1.0-1025/arch/um/os-Linux/drivers
8.0K	/usr/src/linux-rockchip-headers-6.1.0-1025/arch/um/os-Linux/skas
24K	/usr/src/linux-rockchip-headers-6.1.0-1025/arch/um/os-Linux
12K	/usr/src/linux-rockchip-headers-6.1.0-1025/arch/um/include/linux
8.0K	/usr/src/linux-rockchip-headers-6.1.0-1025/arch/um/include/uapi/asm
12K	/usr/src/linux-rockchip-headers-6.1.0-1025/arch/um/include/uapi
16K	/usr/src/linux-rockchip-headers-6.1.0-1025/arch/um/include/shared/skas
116K	/usr/src/linux-rockchip-headers-6.1.0-1025/arch/um/include/shared
8.0K	/usr/src/linux-rockchip-headers-6.1.0-1025/arch/um/include/asm/fpu
196K	/usr/src/linux-rockchip-headers-6.1.0-1025/arch/um/include/asm
340K	/usr/src/linux-rockchip-headers-6.1.0-1025/arch/um/include
448K	/usr/src/linux-rockchip-headers-6.1.0-1025/arch/um
8.0K	/usr/src/linux-rockchip-headers-6.1.0-1025/arch/alpha/mm
8.0K	/usr/src/linux-rockchip-headers-6.1.0-1025/arch/alpha/kernel/syscalls
20K	/usr/src/linux-rockchip-headers-6.1.0-1025/arch/alpha/kernel
12K	/usr/src/linux-rockchip-headers-6.1.0-1025/arch/alpha/boot
8.0K	/usr/src/linux-rockchip-headers-6.1.0-1025/arch/alpha/lib
164K	/usr/src/linux-rockchip-headers-6.1.0-1025/arch/alpha/include/uapi/asm
168K	/usr/src/linux-rockchip-headers-6.1.0-1025/arch/alpha/include/uapi
624K	/usr/src/linux-rockchip-headers-6.1.0-1025/arch/alpha/include/asm
796K	/usr/src/linux-rockchip-headers-6.1.0-1025/arch/alpha/include
8.0K	/usr/src/linux-rockchip-headers-6.1.0-1025/arch/alpha/math-emu
892K	/usr/src/linux-rockchip-headers-6.1.0-1025/arch/alpha
12K	/usr/src/linux-rockchip-headers-6.1.0-1025/arch/arm/mach-zynq
8.0K	/usr/src/linux-rockchip-headers-6.1.0-1025/arch/arm/net
12K	/usr/src/linux-rockchip-headers-6.1.0-1025/arch/arm/mach-dove
12K	/usr/src/linux-rockchip-headers-6.1.0-1025/arch/arm/common
12K	/usr/src/linux-rockchip-headers-6.1.0-1025/arch/arm/mach-mv78xx0
8.0K	/usr/src/linux-rockchip-headers-6.1.0-1025/arch/arm/probes/kprobes
8.0K	/usr/src/linux-rockchip-headers-6.1.0-1025/arch/arm/probes/uprobes
24K	/usr/src/linux-rockchip-headers-6.1.0-1025/arch/arm/probes
44K	/usr/src/linux-rockchip-headers-6.1.0-1025/arch/arm/mm
32K	/usr/src/linux-rockchip-headers-6.1.0-1025/arch/arm/plat-orion/include/plat
36K	/usr/src/linux-rockchip-headers-6.1.0-1025/arch/arm/plat-orion/include
44K	/usr/src/linux-rockchip-headers-6.1.0-1025/arch/arm/plat-orion
12K	/usr/src/linux-rockchip-headers-6.1.0-1025/arch/arm/mach-digicolor
88K	/usr/src/linux-rockchip-headers-6.1.0-1025/arch/arm/crypto
12K	/usr/src/linux-rockchip-headers-6.1.0-1025/arch/arm/mach-moxart
12K	/usr/src/linux-rockchip-headers-6.1.0-1025/arch/arm/mach-mediatek
12K	/usr/src/linux-rockchip-headers-6.1.0-1025/arch/arm/mach-cns3xxx
12K	/usr/src/linux-rockchip-headers-6.1.0-1025/arch/arm/mach-meson
12K	/usr/src/linux-rockchip-headers-6.1.0-1025/arch/arm/mach-hisi
12K	/usr/src/linux-rockchip-headers-6.1.0-1025/arch/arm/mach-lpc32xx
12K	/usr/src/linux-rockchip-headers-6.1.0-1025/arch/arm/mach-socfpga
36K	/usr/src/linux-rockchip-headers-6.1.0-1025/arch/arm/mach-rpc/include/mach
40K	/usr/src/linux-rockchip-headers-6.1.0-1025/arch/arm/mach-rpc/include
52K	/usr/src/linux-rockchip-headers-6.1.0-1025/arch/arm/mach-rpc
8.0K	/usr/src/linux-rockchip-headers-6.1.0-1025/arch/arm/kernel
180K	/usr/src/linux-rockchip-headers-6.1.0-1025/arch/arm/mach-sa1100/include/mach
184K	/usr/src/linux-rockchip-headers-6.1.0-1025/arch/arm/mach-sa1100/include
200K	/usr/src/linux-rockchip-headers-6.1.0-1025/arch/arm/mach-sa1100
12K	/usr/src/linux-rockchip-headers-6.1.0-1025/arch/arm/mach-rockchip
12K	/usr/src/linux-rockchip-headers-6.1.0-1025/arch/arm/mach-realtek
16K	/usr/src/linux-rockchip-headers-6.1.0-1025/arch/arm/mach-omap1
8.0K	/usr/src/linux-rockchip-headers-6.1.0-1025/arch/arm/mach-asm9260
12K	/usr/src/linux-rockchip-headers-6.1.0-1025/arch/arm/mach-vt8500
12K	/usr/src/linux-rockchip-headers-6.1.0-1025/arch/arm/mach-oxnas
12K	/usr/src/linux-rockchip-headers-6.1.0-1025/arch/arm/mach-spear
12K	/usr/src/linux-rockchip-headers-6.1.0-1025/arch/arm/mach-axxia
12K	/usr/src/linux-rockchip-headers-6.1.0-1025/arch/arm/mach-rda
16K	/usr/src/linux-rockchip-headers-6.1.0-1025/arch/arm/mach-imx
8.0K	/usr/src/linux-rockchip-headers-6.1.0-1025/arch/arm/mach-uniphier
12K	/usr/src/linux-rockchip-headers-6.1.0-1025/arch/arm/mach-alpine
16K	/usr/src/linux-rockchip-headers-6.1.0-1025/arch/arm/mach-ep93xx
12K	/usr/src/linux-rockchip-headers-6.1.0-1025/arch/arm/mach-ixp4xx
16K	/usr/src/linux-rockchip-headers-6.1.0-1025/arch/arm/mach-orion5x
8.0K	/usr/src/linux-rockchip-headers-6.1.0-1025/arch/arm/mach-lpc18xx
52K	/usr/src/linux-rockchip-headers-6.1.0-1025/arch/arm/boot/dts
12K	/usr/src/linux-rockchip-headers-6.1.0-1025/arch/arm/boot/compressed
12K	/usr/src/linux-rockchip-headers-6.1.0-1025/arch/arm/boot/bootp
92K	/usr/src/linux-rockchip-headers-6.1.0-1025/arch/arm/boot
12K	/usr/src/linux-rockchip-headers-6.1.0-1025/arch/arm/mach-sunxi
12K	/usr/src/linux-rockchip-headers-6.1.0-1025/arch/arm/mach-artpec
12K	/usr/src/linux-rockchip-headers-6.1.0-1025/arch/arm/mach-shmobile
12K	/usr/src/linux-rockchip-headers-6.1.0-1025/arch/arm/mach-clps711x
24K	/usr/src/linux-rockchip-headers-6.1.0-1025/arch/arm/mach-footbridge/include/mach
28K	/usr/src/linux-rockchip-headers-6.1.0-1025/arch/arm/mach-footbridge/include
40K	/usr/src/linux-rockchip-headers-6.1.0-1025/arch/arm/mach-footbridge
12K	/usr/src/linux-rockchip-headers-6.1.0-1025/arch/arm/mach-sunplus
12K	/usr/src/linux-rockchip-headers-6.1.0-1025/arch/arm/mach-berlin
12K	/usr/src/linux-rockchip-headers-6.1.0-1025/arch/arm/mach-actions
12K	/usr/src/linux-rockchip-headers-6.1.0-1025/arch/arm/mach-nomadik
52K	/usr/src/linux-rockchip-headers-6.1.0-1025/arch/arm/mach-s3c
12K	/usr/src/linux-rockchip-headers-6.1.0-1025/arch/arm/mach-stm32
24K	/usr/src/linux-rockchip-headers-6.1.0-1025/arch/arm/mach-pxa
20K	/usr/src/linux-rockchip-headers-6.1.0-1025/arch/arm/mach-versatile
12K	/usr/src/linux-rockchip-headers-6.1.0-1025/arch/arm/mach-exynos
12K	/usr/src/linux-rockchip-headers-6.1.0-1025/arch/arm/mach-mvebu
16K	/usr/src/linux-rockchip-headers-6.1.0-1025/arch/arm/mach-davinci
12K	/usr/src/linux-rockchip-headers-6.1.0-1025/arch/arm/mach-mstar
8.0K	/usr/src/linux-rockchip-headers-6.1.0-1025/arch/arm/vfp
12K	/usr/src/linux-rockchip-headers-6.1.0-1025/arch/arm/mach-hpe
12K	/usr/src/linux-rockchip-headers-6.1.0-1025/arch/arm/mach-milbeaut
12K	/usr/src/linux-rockchip-headers-6.1.0-1025/arch/arm/tools
12K	/usr/src/linux-rockchip-headers-6.1.0-1025/arch/arm/mach-iop32x
12K	/usr/src/linux-rockchip-headers-6.1.0-1025/arch/arm/mach-highbank
12K	/usr/src/linux-rockchip-headers-6.1.0-1025/arch/arm/mach-ux500
8.0K	/usr/src/linux-rockchip-headers-6.1.0-1025/arch/arm/xen
12K	/usr/src/linux-rockchip-headers-6.1.0-1025/arch/arm/mach-qcom
8.0K	/usr/src/linux-rockchip-headers-6.1.0-1025/arch/arm/lib
16K	/usr/src/linux-rockchip-headers-6.1.0-1025/arch/arm/mach-at91
8.0K	/usr/src/linux-rockchip-headers-6.1.0-1025/arch/arm/nwfpe
12K	/usr/src/linux-rockchip-headers-6.1.0-1025/arch/arm/mach-s5pv210
12K	/usr/src/linux-rockchip-headers-6.1.0-1025/arch/arm/mach-aspeed
8.0K	/usr/src/linux-rockchip-headers-6.1.0-1025/arch/arm/vdso
12K	/usr/src/linux-rockchip-headers-6.1.0-1025/arch/arm/mach-mxs
12K	/usr/src/linux-rockchip-headers-6.1.0-1025/arch/arm/mach-tegra
12K	/usr/src/linux-rockchip-headers-6.1.0-1025/arch/arm/mach-keystone
12K	/usr/src/linux-rockchip-headers-6.1.0-1025/arch/arm/mach-npcm
8.0K	/usr/src/linux-rockchip-headers-6.1.0-1025/arch/arm/mach-airoha
12K	/usr/src/linux-rockchip-headers-6.1.0-1025/arch/arm/mach-nspire
80K	/usr/src/linux-rockchip-headers-6.1.0-1025/arch/arm/include/uapi/asm
84K	/usr/src/linux-rockchip-headers-6.1.0-1025/arch/arm/include/uapi
140K	/usr/src/linux-rockchip-headers-6.1.0-1025/arch/arm/include/debug
116K	/usr/src/linux-rockchip-headers-6.1.0-1025/arch/arm/include/asm/hardware
36K	/usr/src/linux-rockchip-headers-6.1.0-1025/arch/arm/include/asm/mach
32K	/usr/src/linux-rockchip-headers-6.1.0-1025/arch/arm/include/asm/xen
24K	/usr/src/linux-rockchip-headers-6.1.0-1025/arch/arm/include/asm/vdso
1.2M	/usr/src/linux-rockchip-headers-6.1.0-1025/arch/arm/include/asm
1.4M	/usr/src/linux-rockchip-headers-6.1.0-1025/arch/arm/include
16K	/usr/src/linux-rockchip-headers-6.1.0-1025/arch/arm/mach-bcm
12K	/usr/src/linux-rockchip-headers-6.1.0-1025/arch/arm/mach-sti
24K	/usr/src/linux-rockchip-headers-6.1.0-1025/arch/arm/mach-omap2
16K	/usr/src/linux-rockchip-headers-6.1.0-1025/arch/arm/mach-mmp
12K	/usr/src/linux-rockchip-headers-6.1.0-1025/arch/arm/mach-gemini
3.0M	/usr/src/linux-rockchip-headers-6.1.0-1025/arch/arm
8.0K	/usr/src/linux-rockchip-headers-6.1.0-1025/arch/powerpc/net
8.0K	/usr/src/linux-rockchip-headers-6.1.0-1025/arch/powerpc/purgatory
8.0K	/usr/src/linux-rockchip-headers-6.1.0-1025/arch/powerpc/mm/book3s64
8.0K	/usr/src/linux-rockchip-headers-6.1.0-1025/arch/powerpc/mm/nohash
8.0K	/usr/src/linux-rockchip-headers-6.1.0-1025/arch/powerpc/mm/ptdump
8.0K	/usr/src/linux-rockchip-headers-6.1.0-1025/arch/powerpc/mm/book3s32
8.0K	/usr/src/linux-rockchip-headers-6.1.0-1025/arch/powerpc/mm/kasan
48K	/usr/src/linux-rockchip-headers-6.1.0-1025/arch/powerpc/mm
12K	/usr/src/linux-rockchip-headers-6.1.0-1025/arch/powerpc/crypto
8.0K	/usr/src/linux-rockchip-headers-6.1.0-1025/arch/powerpc/kexec
8.0K	/usr/src/linux-rockchip-headers-6.1.0-1025/arch/powerpc/xmon
8.0K	/usr/src/linux-rockchip-headers-6.1.0-1025/arch/powerpc/kernel/trace
8.0K	/usr/src/linux-rockchip-headers-6.1.0-1025/arch/powerpc/kernel/ptrace
8.0K	/usr/src/linux-rockchip-headers-6.1.0-1025/arch/powerpc/kernel/syscalls
20K	/usr/src/linux-rockchip-headers-6.1.0-1025/arch/powerpc/kernel/vdso
60K	/usr/src/linux-rockchip-headers-6.1.0-1025/arch/powerpc/kernel
12K	/usr/src/linux-rockchip-headers-6.1.0-1025/arch/powerpc/sysdev/xics
8.0K	/usr/src/linux-rockchip-headers-6.1.0-1025/arch/powerpc/sysdev/ge
12K	/usr/src/linux-rockchip-headers-6.1.0-1025/arch/powerpc/sysdev/xive
44K	/usr/src/linux-rockchip-headers-6.1.0-1025/arch/powerpc/sysdev
12K	/usr/src/linux-rockchip-headers-6.1.0-1025/arch/powerpc/platforms/microwatt
16K	/usr/src/linux-rockchip-headers-6.1.0-1025/arch/powerpc/platforms/pseries
16K	/usr/src/linux-rockchip-headers-6.1.0-1025/arch/powerpc/platforms/85xx
12K	/usr/src/linux-rockchip-headers-6.1.0-1025/arch/powerpc/platforms/maple
12K	/usr/src/linux-rockchip-headers-6.1.0-1025/arch/powerpc/platforms/512x
12K	/usr/src/linux-rockchip-headers-6.1.0-1025/arch/powerpc/platforms/82xx
8.0K	/usr/src/linux-rockchip-headers-6.1.0-1025/arch/powerpc/platforms/4xx
12K	/usr/src/linux-rockchip-headers-6.1.0-1025/arch/powerpc/platforms/86xx
12K	/usr/src/linux-rockchip-headers-6.1.0-1025/arch/powerpc/platforms/amigaone
16K	/usr/src/linux-rockchip-headers-6.1.0-1025/arch/powerpc/platforms/8xx
12K	/usr/src/linux-rockchip-headers-6.1.0-1025/arch/powerpc/platforms/83xx
12K	/usr/src/linux-rockchip-headers-6.1.0-1025/arch/powerpc/platforms/pasemi
16K	/usr/src/linux-rockchip-headers-6.1.0-1025/arch/powerpc/platforms/ps3
12K	/usr/src/linux-rockchip-headers-6.1.0-1025/arch/powerpc/platforms/chrp
12K	/usr/src/linux-rockchip-headers-6.1.0-1025/arch/powerpc/platforms/40x
12K	/usr/src/linux-rockchip-headers-6.1.0-1025/arch/powerpc/platforms/52xx
8.0K	/usr/src/linux-rockchip-headers-6.1.0-1025/arch/powerpc/platforms/cell/spufs
20K	/usr/src/linux-rockchip-headers-6.1.0-1025/arch/powerpc/platforms/cell
12K	/usr/src/linux-rockchip-headers-6.1.0-1025/arch/powerpc/platforms/powernv
12K	/usr/src/linux-rockchip-headers-6.1.0-1025/arch/powerpc/platforms/embedded6xx
12K	/usr/src/linux-rockchip-headers-6.1.0-1025/arch/powerpc/platforms/book3s
20K	/usr/src/linux-rockchip-headers-6.1.0-1025/arch/powerpc/platforms/44x
12K	/usr/src/linux-rockchip-headers-6.1.0-1025/arch/powerpc/platforms/powermac
328K	/usr/src/linux-rockchip-headers-6.1.0-1025/arch/powerpc/platforms
8.0K	/usr/src/linux-rockchip-headers-6.1.0-1025/arch/powerpc/boot/dts/fsl
16K	/usr/src/linux-rockchip-headers-6.1.0-1025/arch/powerpc/boot/dts
44K	/usr/src/linux-rockchip-headers-6.1.0-1025/arch/powerpc/boot
16K	/usr/src/linux-rockchip-headers-6.1.0-1025/arch/powerpc/kvm
24K	/usr/src/linux-rockchip-headers-6.1.0-1025/arch/powerpc/tools
8.0K	/usr/src/linux-rockchip-headers-6.1.0-1025/arch/powerpc/lib
236K	/usr/src/linux-rockchip-headers-6.1.0-1025/arch/powerpc/include/uapi/asm
240K	/usr/src/linux-rockchip-headers-6.1.0-1025/arch/powerpc/include/uapi
24K	/usr/src/linux-rockchip-headers-6.1.0-1025/arch/powerpc/include/asm/nohash/64
76K	/usr/src/linux-rockchip-headers-6.1.0-1025/arch/powerpc/include/asm/nohash/32
152K	/usr/src/linux-rockchip-headers-6.1.0-1025/arch/powerpc/include/asm/nohash
200K	/usr/src/linux-rockchip-headers-6.1.0-1025/arch/powerpc/include/asm/book3s/64
44K	/usr/src/linux-rockchip-headers-6.1.0-1025/arch/powerpc/include/asm/book3s/32
260K	/usr/src/linux-rockchip-headers-6.1.0-1025/arch/powerpc/include/asm/book3s
28K	/usr/src/linux-rockchip-headers-6.1.0-1025/arch/powerpc/include/asm/vdso
2.7M	/usr/src/linux-rockchip-headers-6.1.0-1025/arch/powerpc/include/asm
2.9M	/usr/src/linux-rockchip-headers-6.1.0-1025/arch/powerpc/include
8.0K	/usr/src/linux-rockchip-headers-6.1.0-1025/arch/powerpc/perf
8.0K	/usr/src/linux-rockchip-headers-6.1.0-1025/arch/powerpc/math-emu
3.6M	/usr/src/linux-rockchip-headers-6.1.0-1025/arch/powerpc
8.0K	/usr/src/linux-rockchip-headers-6.1.0-1025/arch/nios2/mm
16K	/usr/src/linux-rockchip-headers-6.1.0-1025/arch/nios2/platform
8.0K	/usr/src/linux-rockchip-headers-6.1.0-1025/arch/nios2/kernel
8.0K	/usr/src/linux-rockchip-headers-6.1.0-1025/arch/nios2/boot/dts
8.0K	/usr/src/linux-rockchip-headers-6.1.0-1025/arch/nios2/boot/compressed
28K	/usr/src/linux-rockchip-headers-6.1.0-1025/arch/nios2/boot
8.0K	/usr/src/linux-rockchip-headers-6.1.0-1025/arch/nios2/lib
36K	/usr/src/linux-rockchip-headers-6.1.0-1025/arch/nios2/include/uapi/asm
40K	/usr/src/linux-rockchip-headers-6.1.0-1025/arch/nios2/include/uapi
164K	/usr/src/linux-rockchip-headers-6.1.0-1025/arch/nios2/include/asm
208K	/usr/src/linux-rockchip-headers-6.1.0-1025/arch/nios2/include
300K	/usr/src/linux-rockchip-headers-6.1.0-1025/arch/nios2
8.0K	/usr/src/linux-rockchip-headers-6.1.0-1025/arch/m68k/68000
8.0K	/usr/src/linux-rockchip-headers-6.1.0-1025/arch/m68k/atari
8.0K	/usr/src/linux-rockchip-headers-6.1.0-1025/arch/m68k/mm
8.0K	/usr/src/linux-rockchip-headers-6.1.0-1025/arch/m68k/hp300
8.0K	/usr/src/linux-rockchip-headers-6.1.0-1025/arch/m68k/kernel/syscalls
28K	/usr/src/linux-rockchip-headers-6.1.0-1025/arch/m68k/kernel
8.0K	/usr/src/linux-rockchip-headers-6.1.0-1025/arch/m68k/ifpsp060
8.0K	/usr/src/linux-rockchip-headers-6.1.0-1025/arch/m68k/emu
8.0K	/usr/src/linux-rockchip-headers-6.1.0-1025/arch/m68k/amiga
8.0K	/usr/src/linux-rockchip-headers-6.1.0-1025/arch/m68k/mvme16x
8.0K	/usr/src/linux-rockchip-headers-6.1.0-1025/arch/m68k/mac
8.0K	/usr/src/linux-rockchip-headers-6.1.0-1025/arch/m68k/coldfire
8.0K	/usr/src/linux-rockchip-headers-6.1.0-1025/arch/m68k/apollo
8.0K	/usr/src/linux-rockchip-headers-6.1.0-1025/arch/m68k/q40
8.0K	/usr/src/linux-rockchip-headers-6.1.0-1025/arch/m68k/sun3x
8.0K	/usr/src/linux-rockchip-headers-6.1.0-1025/arch/m68k/sun3/prom
16K	/usr/src/linux-rockchip-headers-6.1.0-1025/arch/m68k/sun3
8.0K	/usr/src/linux-rockchip-headers-6.1.0-1025/arch/m68k/bvme6000
8.0K	/usr/src/linux-rockchip-headers-6.1.0-1025/arch/m68k/tools/amiga
12K	/usr/src/linux-rockchip-headers-6.1.0-1025/arch/m68k/tools
8.0K	/usr/src/linux-rockchip-headers-6.1.0-1025/arch/m68k/lib
8.0K	/usr/src/linux-rockchip-headers-6.1.0-1025/arch/m68k/virt
112K	/usr/src/linux-rockchip-headers-6.1.0-1025/arch/m68k/include/uapi/asm
116K	/usr/src/linux-rockchip-headers-6.1.0-1025/arch/m68k/include/uapi
1.1M	/usr/src/linux-rockchip-headers-6.1.0-1025/arch/m68k/include/asm
1.3M	/usr/src/linux-rockchip-headers-6.1.0-1025/arch/m68k/include
8.0K	/usr/src/linux-rockchip-headers-6.1.0-1025/arch/m68k/mvme147
8.0K	/usr/src/linux-rockchip-headers-6.1.0-1025/arch/m68k/math-emu
8.0K	/usr/src/linux-rockchip-headers-6.1.0-1025/arch/m68k/fpsp040
1.5M	/usr/src/linux-rockchip-headers-6.1.0-1025/arch/m68k
8.0K	/usr/src/linux-rockchip-headers-6.1.0-1025/arch/ia64/uv/kernel
16K	/usr/src/linux-rockchip-headers-6.1.0-1025/arch/ia64/uv
8.0K	/usr/src/linux-rockchip-headers-6.1.0-1025/arch/ia64/pci
8.0K	/usr/src/linux-rockchip-headers-6.1.0-1025/arch/ia64/mm
8.0K	/usr/src/linux-rockchip-headers-6.1.0-1025/arch/ia64/scripts
8.0K	/usr/src/linux-rockchip-headers-6.1.0-1025/arch/ia64/kernel/syscalls
20K	/usr/src/linux-rockchip-headers-6.1.0-1025/arch/ia64/kernel
8.0K	/usr/src/linux-rockchip-headers-6.1.0-1025/arch/ia64/hp/common
12K	/usr/src/linux-rockchip-headers-6.1.0-1025/arch/ia64/hp
8.0K	/usr/src/linux-rockchip-headers-6.1.0-1025/arch/ia64/lib
160K	/usr/src/linux-rockchip-headers-6.1.0-1025/arch/ia64/include/uapi/asm
164K	/usr/src/linux-rockchip-headers-6.1.0-1025/arch/ia64/include/uapi
12K	/usr/src/linux-rockchip-headers-6.1.0-1025/arch/ia64/include/asm/sn
56K	/usr/src/linux-rockchip-headers-6.1.0-1025/arch/ia64/include/asm/uv
16K	/usr/src/linux-rockchip-headers-6.1.0-1025/arch/ia64/include/asm/native
716K	/usr/src/linux-rockchip-headers-6.1.0-1025/arch/ia64/include/asm
884K	/usr/src/linux-rockchip-headers-6.1.0-1025/arch/ia64/include
996K	/usr/src/linux-rockchip-headers-6.1.0-1025/arch/ia64
8.0K	/usr/src/linux-rockchip-headers-6.1.0-1025/arch/arm64/net
8.0K	/usr/src/linux-rockchip-headers-6.1.0-1025/arch/arm64/mm
68K	/usr/src/linux-rockchip-headers-6.1.0-1025/arch/arm64/crypto
8.0K	/usr/src/linux-rockchip-headers-6.1.0-1025/arch/arm64/kernel/probes
8.0K	/usr/src/linux-rockchip-headers-6.1.0-1025/arch/arm64/kernel/pi
12K	/usr/src/linux-rockchip-headers-6.1.0-1025/arch/arm64/kernel/vdso32
12K	/usr/src/linux-rockchip-headers-6.1.0-1025/arch/arm64/kernel/vdso
48K	/usr/src/linux-rockchip-headers-6.1.0-1025/arch/arm64/kernel
8.0K	/usr/src/linux-rockchip-headers-6.1.0-1025/arch/arm64/hyperv
8.0K	/usr/src/linux-rockchip-headers-6.1.0-1025/arch/arm64/boot/dts/microchip
8.0K	/usr/src/linux-rockchip-headers-6.1.0-1025/arch/arm64/boot/dts/amlogic
8.0K	/usr/src/linux-rockchip-headers-6.1.0-1025/arch/arm64/boot/dts/synaptics
12K	/usr/src/linux-rockchip-headers-6.1.0-1025/arch/arm64/boot/dts/freescale
8.0K	/usr/src/linux-rockchip-headers-6.1.0-1025/arch/arm64/boot/dts/amd
8.0K	/usr/src/linux-rockchip-headers-6.1.0-1025/arch/arm64/boot/dts/tesla
16K	/usr/src/linux-rockchip-headers-6.1.0-1025/arch/arm64/boot/dts/qcom
8.0K	/usr/src/linux-rockchip-headers-6.1.0-1025/arch/arm64/boot/dts/hisilicon
8.0K	/usr/src/linux-rockchip-headers-6.1.0-1025/arch/arm64/boot/dts/toshiba
8.0K	/usr/src/linux-rockchip-headers-6.1.0-1025/arch/arm64/boot/dts/exynos
8.0K	/usr/src/linux-rockchip-headers-6.1.0-1025/arch/arm64/boot/dts/apple
8.0K	/usr/src/linux-rockchip-headers-6.1.0-1025/arch/arm64/boot/dts/lg
8.0K	/usr/src/linux-rockchip-headers-6.1.0-1025/arch/arm64/boot/dts/nvidia
8.0K	/usr/src/linux-rockchip-headers-6.1.0-1025/arch/arm64/boot/dts/bitmain
8.0K	/usr/src/linux-rockchip-headers-6.1.0-1025/arch/arm64/boot/dts/intel
8.0K	/usr/src/linux-rockchip-headers-6.1.0-1025/arch/arm64/boot/dts/xilinx
8.0K	/usr/src/linux-rockchip-headers-6.1.0-1025/arch/arm64/boot/dts/ti
8.0K	/usr/src/linux-rockchip-headers-6.1.0-1025/arch/arm64/boot/dts/arm
8.0K	/usr/src/linux-rockchip-headers-6.1.0-1025/arch/arm64/boot/dts/amazon
8.0K	/usr/src/linux-rockchip-headers-6.1.0-1025/arch/arm64/boot/dts/socionext
8.0K	/usr/src/linux-rockchip-headers-6.1.0-1025/arch/arm64/boot/dts/mediatek
8.0K	/usr/src/linux-rockchip-headers-6.1.0-1025/arch/arm64/boot/dts/marvell
8.0K	/usr/src/linux-rockchip-headers-6.1.0-1025/arch/arm64/boot/dts/cavium
8.0K	/usr/src/linux-rockchip-headers-6.1.0-1025/arch/arm64/boot/dts/apm
8.0K	/usr/src/linux-rockchip-headers-6.1.0-1025/arch/arm64/boot/dts/actions
8.0K	/usr/src/linux-rockchip-headers-6.1.0-1025/arch/arm64/boot/dts/nuvoton
16K	/usr/src/linux-rockchip-headers-6.1.0-1025/arch/arm64/boot/dts/rockchip/overlay
48K	/usr/src/linux-rockchip-headers-6.1.0-1025/arch/arm64/boot/dts/rockchip
8.0K	/usr/src/linux-rockchip-headers-6.1.0-1025/arch/arm64/boot/dts/sprd
8.0K	/usr/src/linux-rockchip-headers-6.1.0-1025/arch/arm64/boot/dts/allwinner
8.0K	/usr/src/linux-rockchip-headers-6.1.0-1025/arch/arm64/boot/dts/renesas
8.0K	/usr/src/linux-rockchip-headers-6.1.0-1025/arch/arm64/boot/dts/realtek
8.0K	/usr/src/linux-rockchip-headers-6.1.0-1025/arch/arm64/boot/dts/altera
8.0K	/usr/src/linux-rockchip-headers-6.1.0-1025/arch/arm64/boot/dts/broadcom/bcmbca
8.0K	/usr/src/linux-rockchip-headers-6.1.0-1025/arch/arm64/boot/dts/broadcom/northstar2
8.0K	/usr/src/linux-rockchip-headers-6.1.0-1025/arch/arm64/boot/dts/broadcom/stingray
32K	/usr/src/linux-rockchip-headers-6.1.0-1025/arch/arm64/boot/dts/broadcom
348K	/usr/src/linux-rockchip-headers-6.1.0-1025/arch/arm64/boot/dts
360K	/usr/src/linux-rockchip-headers-6.1.0-1025/arch/arm64/boot
12K	/usr/src/linux-rockchip-headers-6.1.0-1025/arch/arm64/kvm/hyp/nvhe
40K	/usr/src/linux-rockchip-headers-6.1.0-1025/arch/arm64/kvm/hyp/include/nvhe
44K	/usr/src/linux-rockchip-headers-6.1.0-1025/arch/arm64/kvm/hyp/include/hyp
88K	/usr/src/linux-rockchip-headers-6.1.0-1025/arch/arm64/kvm/hyp/include
8.0K	/usr/src/linux-rockchip-headers-6.1.0-1025/arch/arm64/kvm/hyp/vhe
116K	/usr/src/linux-rockchip-headers-6.1.0-1025/arch/arm64/kvm/hyp
128K	/usr/src/linux-rockchip-headers-6.1.0-1025/arch/arm64/kvm
8.0K	/usr/src/linux-rockchip-headers-6.1.0-1025/arch/arm64/tools
8.0K	/usr/src/linux-rockchip-headers-6.1.0-1025/arch/arm64/xen
8.0K	/usr/src/linux-rockchip-headers-6.1.0-1025/arch/arm64/lib
112K	/usr/src/linux-rockchip-headers-6.1.0-1025/arch/arm64/include/uapi/asm
116K	/usr/src/linux-rockchip-headers-6.1.0-1025/arch/arm64/include/uapi
16K	/usr/src/linux-rockchip-headers-6.1.0-1025/arch/arm64/include/asm/stacktrace
32K	/usr/src/linux-rockchip-headers-6.1.0-1025/arch/arm64/include/asm/xen
32K	/usr/src/linux-rockchip-headers-6.1.0-1025/arch/arm64/include/asm/vdso
1.3M	/usr/src/linux-rockchip-headers-6.1.0-1025/arch/arm64/include/asm
1.4M	/usr/src/linux-rockchip-headers-6.1.0-1025/arch/arm64/include
2.1M	/usr/src/linux-rockchip-headers-6.1.0-1025/arch/arm64
8.0K	/usr/src/linux-rockchip-headers-6.1.0-1025/arch/riscv/net
8.0K	/usr/src/linux-rockchip-headers-6.1.0-1025/arch/riscv/purgatory
8.0K	/usr/src/linux-rockchip-headers-6.1.0-1025/arch/riscv/mm
8.0K	/usr/src/linux-rockchip-headers-6.1.0-1025/arch/riscv/kernel/probes
12K	/usr/src/linux-rockchip-headers-6.1.0-1025/arch/riscv/kernel/compat_vdso
12K	/usr/src/linux-rockchip-headers-6.1.0-1025/arch/riscv/kernel/vdso
40K	/usr/src/linux-rockchip-headers-6.1.0-1025/arch/riscv/kernel
8.0K	/usr/src/linux-rockchip-headers-6.1.0-1025/arch/riscv/errata/sifive
8.0K	/usr/src/linux-rockchip-headers-6.1.0-1025/arch/riscv/errata/thead
24K	/usr/src/linux-rockchip-headers-6.1.0-1025/arch/riscv/errata
8.0K	/usr/src/linux-rockchip-headers-6.1.0-1025/arch/riscv/boot/dts/microchip
8.0K	/usr/src/linux-rockchip-headers-6.1.0-1025/arch/riscv/boot/dts/sifive
8.0K	/usr/src/linux-rockchip-headers-6.1.0-1025/arch/riscv/boot/dts/canaan
8.0K	/usr/src/linux-rockchip-headers-6.1.0-1025/arch/riscv/boot/dts/starfive
40K	/usr/src/linux-rockchip-headers-6.1.0-1025/arch/riscv/boot/dts
52K	/usr/src/linux-rockchip-headers-6.1.0-1025/arch/riscv/boot
12K	/usr/src/linux-rockchip-headers-6.1.0-1025/arch/riscv/kvm
8.0K	/usr/src/linux-rockchip-headers-6.1.0-1025/arch/riscv/lib
64K	/usr/src/linux-rockchip-headers-6.1.0-1025/arch/riscv/include/uapi/asm
68K	/usr/src/linux-rockchip-headers-6.1.0-1025/arch/riscv/include/uapi
20K	/usr/src/linux-rockchip-headers-6.1.0-1025/arch/riscv/include/asm/vdso
568K	/usr/src/linux-rockchip-headers-6.1.0-1025/arch/riscv/include/asm
640K	/usr/src/linux-rockchip-headers-6.1.0-1025/arch/riscv/include
848K	/usr/src/linux-rockchip-headers-6.1.0-1025/arch/riscv
8.0K	/usr/src/linux-rockchip-headers-6.1.0-1025/arch/parisc/mm
12K	/usr/src/linux-rockchip-headers-6.1.0-1025/arch/parisc/kernel/vdso64
8.0K	/usr/src/linux-rockchip-headers-6.1.0-1025/arch/parisc/kernel/syscalls
12K	/usr/src/linux-rockchip-headers-6.1.0-1025/arch/parisc/kernel/vdso32
40K	/usr/src/linux-rockchip-headers-6.1.0-1025/arch/parisc/kernel
8.0K	/usr/src/linux-rockchip-headers-6.1.0-1025/arch/parisc/boot/compressed
16K	/usr/src/linux-rockchip-headers-6.1.0-1025/arch/parisc/boot
8.0K	/usr/src/linux-rockchip-headers-6.1.0-1025/arch/parisc/lib
124K	/usr/src/linux-rockchip-headers-6.1.0-1025/arch/parisc/include/uapi/asm
128K	/usr/src/linux-rockchip-headers-6.1.0-1025/arch/parisc/include/uapi
544K	/usr/src/linux-rockchip-headers-6.1.0-1025/arch/parisc/include/asm
676K	/usr/src/linux-rockchip-headers-6.1.0-1025/arch/parisc/include
8.0K	/usr/src/linux-rockchip-headers-6.1.0-1025/arch/parisc/math-emu
792K	/usr/src/linux-rockchip-headers-6.1.0-1025/arch/parisc
8.0K	/usr/src/linux-rockchip-headers-6.1.0-1025/arch/hexagon/mm
8.0K	/usr/src/linux-rockchip-headers-6.1.0-1025/arch/hexagon/kernel
8.0K	/usr/src/linux-rockchip-headers-6.1.0-1025/arch/hexagon/lib
52K	/usr/src/linux-rockchip-headers-6.1.0-1025/arch/hexagon/include/uapi/asm
56K	/usr/src/linux-rockchip-headers-6.1.0-1025/arch/hexagon/include/uapi
232K	/usr/src/linux-rockchip-headers-6.1.0-1025/arch/hexagon/include/asm
292K	/usr/src/linux-rockchip-headers-6.1.0-1025/arch/hexagon/include
336K	/usr/src/linux-rockchip-headers-6.1.0-1025/arch/hexagon
8.0K	/usr/src/linux-rockchip-headers-6.1.0-1025/arch/csky/mm
8.0K	/usr/src/linux-rockchip-headers-6.1.0-1025/arch/csky/abiv2
8.0K	/usr/src/linux-rockchip-headers-6.1.0-1025/arch/csky/abiv1
8.0K	/usr/src/linux-rockchip-headers-6.1.0-1025/arch/csky/kernel/probes
12K	/usr/src/linux-rockchip-headers-6.1.0-1025/arch/csky/kernel/vdso
28K	/usr/src/linux-rockchip-headers-6.1.0-1025/arch/csky/kernel
8.0K	/usr/src/linux-rockchip-headers-6.1.0-1025/arch/csky/boot/dts
16K	/usr/src/linux-rockchip-headers-6.1.0-1025/arch/csky/boot
8.0K	/usr/src/linux-rockchip-headers-6.1.0-1025/arch/csky/lib
32K	/usr/src/linux-rockchip-headers-6.1.0-1025/arch/csky/include/uapi/asm
36K	/usr/src/linux-rockchip-headers-6.1.0-1025/arch/csky/include/uapi
20K	/usr/src/linux-rockchip-headers-6.1.0-1025/arch/csky/include/asm/vdso
256K	/usr/src/linux-rockchip-headers-6.1.0-1025/arch/csky/include/asm
296K	/usr/src/linux-rockchip-headers-6.1.0-1025/arch/csky/include
404K	/usr/src/linux-rockchip-headers-6.1.0-1025/arch/csky
8.0K	/usr/src/linux-rockchip-headers-6.1.0-1025/arch/sparc/net
8.0K	/usr/src/linux-rockchip-headers-6.1.0-1025/arch/sparc/prom
8.0K	/usr/src/linux-rockchip-headers-6.1.0-1025/arch/sparc/power
8.0K	/usr/src/linux-rockchip-headers-6.1.0-1025/arch/sparc/mm
12K	/usr/src/linux-rockchip-headers-6.1.0-1025/arch/sparc/crypto
8.0K	/usr/src/linux-rockchip-headers-6.1.0-1025/arch/sparc/kernel/syscalls
16K	/usr/src/linux-rockchip-headers-6.1.0-1025/arch/sparc/kernel
12K	/usr/src/linux-rockchip-headers-6.1.0-1025/arch/sparc/boot
8.0K	/usr/src/linux-rockchip-headers-6.1.0-1025/arch/sparc/lib
16K	/usr/src/linux-rockchip-headers-6.1.0-1025/arch/sparc/vdso
228K	/usr/src/linux-rockchip-headers-6.1.0-1025/arch/sparc/include/uapi/asm
232K	/usr/src/linux-rockchip-headers-6.1.0-1025/arch/sparc/include/uapi
1.4M	/usr/src/linux-rockchip-headers-6.1.0-1025/arch/sparc/include/asm
1.6M	/usr/src/linux-rockchip-headers-6.1.0-1025/arch/sparc/include
8.0K	/usr/src/linux-rockchip-headers-6.1.0-1025/arch/sparc/math-emu
1.8M	/usr/src/linux-rockchip-headers-6.1.0-1025/arch/sparc
8.0K	/usr/src/linux-rockchip-headers-6.1.0-1025/arch/x86/net
8.0K	/usr/src/linux-rockchip-headers-6.1.0-1025/arch/x86/purgatory
8.0K	/usr/src/linux-rockchip-headers-6.1.0-1025/arch/x86/power
8.0K	/usr/src/linux-rockchip-headers-6.1.0-1025/arch/x86/pci
8.0K	/usr/src/linux-rockchip-headers-6.1.0-1025/arch/x86/events/zhaoxin
8.0K	/usr/src/linux-rockchip-headers-6.1.0-1025/arch/x86/events/amd
8.0K	/usr/src/linux-rockchip-headers-6.1.0-1025/arch/x86/events/intel
36K	/usr/src/linux-rockchip-headers-6.1.0-1025/arch/x86/events
8.0K	/usr/src/linux-rockchip-headers-6.1.0-1025/arch/x86/mm/pat
16K	/usr/src/linux-rockchip-headers-6.1.0-1025/arch/x86/mm
8.0K	/usr/src/linux-rockchip-headers-6.1.0-1025/arch/x86/platform/uv
8.0K	/usr/src/linux-rockchip-headers-6.1.0-1025/arch/x86/platform/olpc
8.0K	/usr/src/linux-rockchip-headers-6.1.0-1025/arch/x86/platform/iris
8.0K	/usr/src/linux-rockchip-headers-6.1.0-1025/arch/x86/platform/intel-quark
8.0K	/usr/src/linux-rockchip-headers-6.1.0-1025/arch/x86/platform/atom
8.0K	/usr/src/linux-rockchip-headers-6.1.0-1025/arch/x86/platform/geode
8.0K	/usr/src/linux-rockchip-headers-6.1.0-1025/arch/x86/platform/intel
8.0K	/usr/src/linux-rockchip-headers-6.1.0-1025/arch/x86/platform/ce4100
8.0K	/usr/src/linux-rockchip-headers-6.1.0-1025/arch/x86/platform/ts5500
8.0K	/usr/src/linux-rockchip-headers-6.1.0-1025/arch/x86/platform/intel-mid
8.0K	/usr/src/linux-rockchip-headers-6.1.0-1025/arch/x86/platform/scx200
8.0K	/usr/src/linux-rockchip-headers-6.1.0-1025/arch/x86/platform/efi
8.0K	/usr/src/linux-rockchip-headers-6.1.0-1025/arch/x86/platform/pvh
112K	/usr/src/linux-rockchip-headers-6.1.0-1025/arch/x86/platform
128K	/usr/src/linux-rockchip-headers-6.1.0-1025/arch/x86/crypto
8.0K	/usr/src/linux-rockchip-headers-6.1.0-1025/arch/x86/kernel/apic
8.0K	/usr/src/linux-rockchip-headers-6.1.0-1025/arch/x86/kernel/acpi
8.0K	/usr/src/linux-rockchip-headers-6.1.0-1025/arch/x86/kernel/kprobes
8.0K	/usr/src/linux-rockchip-headers-6.1.0-1025/arch/x86/kernel/cpu/sgx
8.0K	/usr/src/linux-rockchip-headers-6.1.0-1025/arch/x86/kernel/cpu/mce
8.0K	/usr/src/linux-rockchip-headers-6.1.0-1025/arch/x86/kernel/cpu/microcode
8.0K	/usr/src/linux-rockchip-headers-6.1.0-1025/arch/x86/kernel/cpu/mtrr
8.0K	/usr/src/linux-rockchip-headers-6.1.0-1025/arch/x86/kernel/cpu/resctrl
52K	/usr/src/linux-rockchip-headers-6.1.0-1025/arch/x86/kernel/cpu
8.0K	/usr/src/linux-rockchip-headers-6.1.0-1025/arch/x86/kernel/fpu
96K	/usr/src/linux-rockchip-headers-6.1.0-1025/arch/x86/kernel
8.0K	/usr/src/linux-rockchip-headers-6.1.0-1025/arch/x86/entry/vsyscall
8.0K	/usr/src/linux-rockchip-headers-6.1.0-1025/arch/x86/entry/syscalls
16K	/usr/src/linux-rockchip-headers-6.1.0-1025/arch/x86/entry/vdso
40K	/usr/src/linux-rockchip-headers-6.1.0-1025/arch/x86/entry
8.0K	/usr/src/linux-rockchip-headers-6.1.0-1025/arch/x86/hyperv
8.0K	/usr/src/linux-rockchip-headers-6.1.0-1025/arch/x86/video
8.0K	/usr/src/linux-rockchip-headers-6.1.0-1025/arch/x86/um/os-Linux
12K	/usr/src/linux-rockchip-headers-6.1.0-1025/arch/x86/um/vdso
32K	/usr/src/linux-rockchip-headers-6.1.0-1025/arch/x86/um
12K	/usr/src/linux-rockchip-headers-6.1.0-1025/arch/x86/boot/compressed
36K	/usr/src/linux-rockchip-headers-6.1.0-1025/arch/x86/boot
8.0K	/usr/src/linux-rockchip-headers-6.1.0-1025/arch/x86/realmode/rm
16K	/usr/src/linux-rockchip-headers-6.1.0-1025/arch/x86/realmode
8.0K	/usr/src/linux-rockchip-headers-6.1.0-1025/arch/x86/coco/tdx
16K	/usr/src/linux-rockchip-headers-6.1.0-1025/arch/x86/coco
12K	/usr/src/linux-rockchip-headers-6.1.0-1025/arch/x86/kvm
8.0K	/usr/src/linux-rockchip-headers-6.1.0-1025/arch/x86/tools
8.0K	/usr/src/linux-rockchip-headers-6.1.0-1025/arch/x86/ras
12K	/usr/src/linux-rockchip-headers-6.1.0-1025/arch/x86/xen
8.0K	/usr/src/linux-rockchip-headers-6.1.0-1025/arch/x86/lib
8.0K	/usr/src/linux-rockchip-headers-6.1.0-1025/arch/x86/ia32
260K	/usr/src/linux-rockchip-headers-6.1.0-1025/arch/x86/include/uapi/asm
264K	/usr/src/linux-rockchip-headers-6.1.0-1025/arch/x86/include/uapi
228K	/usr/src/linux-rockchip-headers-6.1.0-1025/arch/x86/include/asm/uv
32K	/usr/src/linux-rockchip-headers-6.1.0-1025/arch/x86/include/asm/trace
16K	/usr/src/linux-rockchip-headers-6.1.0-1025/arch/x86/include/asm/shared
12K	/usr/src/linux-rockchip-headers-6.1.0-1025/arch/x86/include/asm/e820
52K	/usr/src/linux-rockchip-headers-6.1.0-1025/arch/x86/include/asm/fpu
88K	/usr/src/linux-rockchip-headers-6.1.0-1025/arch/x86/include/asm/xen
28K	/usr/src/linux-rockchip-headers-6.1.0-1025/arch/x86/include/asm/vdso
12K	/usr/src/linux-rockchip-headers-6.1.0-1025/arch/x86/include/asm/numachip
2.6M	/usr/src/linux-rockchip-headers-6.1.0-1025/arch/x86/include/asm
2.8M	/usr/src/linux-rockchip-headers-6.1.0-1025/arch/x86/include
8.0K	/usr/src/linux-rockchip-headers-6.1.0-1025/arch/x86/math-emu
3.6M	/usr/src/linux-rockchip-headers-6.1.0-1025/arch/x86
33M	/usr/src/linux-rockchip-headers-6.1.0-1025/arch
8.0K	/usr/src/linux-rockchip-headers-6.1.0-1025/Documentation/features/scripts
16K	/usr/src/linux-rockchip-headers-6.1.0-1025/Documentation/features
48K	/usr/src/linux-rockchip-headers-6.1.0-1025/Documentation/trace/postprocess
52K	/usr/src/linux-rockchip-headers-6.1.0-1025/Documentation/trace
8.0K	/usr/src/linux-rockchip-headers-6.1.0-1025/Documentation/devicetree/bindings
12K	/usr/src/linux-rockchip-headers-6.1.0-1025/Documentation/devicetree
8.0K	/usr/src/linux-rockchip-headers-6.1.0-1025/Documentation/s390
8.0K	/usr/src/linux-rockchip-headers-6.1.0-1025/Documentation/arm64
16K	/usr/src/linux-rockchip-headers-6.1.0-1025/Documentation/kbuild
44K	/usr/src/linux-rockchip-headers-6.1.0-1025/Documentation/sound/cards
48K	/usr/src/linux-rockchip-headers-6.1.0-1025/Documentation/sound
8.0K	/usr/src/linux-rockchip-headers-6.1.0-1025/Documentation/tools/rtla
12K	/usr/src/linux-rockchip-headers-6.1.0-1025/Documentation/tools
8.0K	/usr/src/linux-rockchip-headers-6.1.0-1025/Documentation/admin-guide/cifs
16K	/usr/src/linux-rockchip-headers-6.1.0-1025/Documentation/admin-guide/aoe
28K	/usr/src/linux-rockchip-headers-6.1.0-1025/Documentation/admin-guide
8.0K	/usr/src/linux-rockchip-headers-6.1.0-1025/Documentation/userspace-api/media
12K	/usr/src/linux-rockchip-headers-6.1.0-1025/Documentation/userspace-api
20K	/usr/src/linux-rockchip-headers-6.1.0-1025/Documentation/sphinx
248K	/usr/src/linux-rockchip-headers-6.1.0-1025/Documentation
24K	/usr/src/linux-rockchip-headers-6.1.0-1025/kernel/power
8.0K	/usr/src/linux-rockchip-headers-6.1.0-1025/kernel/printk
8.0K	/usr/src/linux-rockchip-headers-6.1.0-1025/kernel/events
12K	/usr/src/linux-rockchip-headers-6.1.0-1025/kernel/trace/rv
60K	/usr/src/linux-rockchip-headers-6.1.0-1025/kernel/trace
20K	/usr/src/linux-rockchip-headers-6.1.0-1025/kernel/module
8.0K	/usr/src/linux-rockchip-headers-6.1.0-1025/kernel/sched
8.0K	/usr/src/linux-rockchip-headers-6.1.0-1025/kernel/cgroup
8.0K	/usr/src/linux-rockchip-headers-6.1.0-1025/kernel/entry
12K	/usr/src/linux-rockchip-headers-6.1.0-1025/kernel/livepatch
28K	/usr/src/linux-rockchip-headers-6.1.0-1025/kernel/rcu
12K	/usr/src/linux-rockchip-headers-6.1.0-1025/kernel/irq
8.0K	/usr/src/linux-rockchip-headers-6.1.0-1025/kernel/kcsan
8.0K	/usr/src/linux-rockchip-headers-6.1.0-1025/kernel/debug/kdb
16K	/usr/src/linux-rockchip-headers-6.1.0-1025/kernel/debug
8.0K	/usr/src/linux-rockchip-headers-6.1.0-1025/kernel/bpf/preload/iterators
20K	/usr/src/linux-rockchip-headers-6.1.0-1025/kernel/bpf/preload
32K	/usr/src/linux-rockchip-headers-6.1.0-1025/kernel/bpf
16K	/usr/src/linux-rockchip-headers-6.1.0-1025/kernel/dma
16K	/usr/src/linux-rockchip-headers-6.1.0-1025/kernel/time
12K	/usr/src/linux-rockchip-headers-6.1.0-1025/kernel/gcov
8.0K	/usr/src/linux-rockchip-headers-6.1.0-1025/kernel/locking
8.0K	/usr/src/linux-rockchip-headers-6.1.0-1025/kernel/futex
352K	/usr/src/linux-rockchip-headers-6.1.0-1025/kernel
12K	/usr/src/linux-rockchip-headers-6.1.0-1025/fs/afs
12K	/usr/src/linux-rockchip-headers-6.1.0-1025/fs/jfs
16K	/usr/src/linux-rockchip-headers-6.1.0-1025/fs/proc
12K	/usr/src/linux-rockchip-headers-6.1.0-1025/fs/hfs
8.0K	/usr/src/linux-rockchip-headers-6.1.0-1025/fs/ramfs
16K	/usr/src/linux-rockchip-headers-6.1.0-1025/fs/overlayfs
12K	/usr/src/linux-rockchip-headers-6.1.0-1025/fs/ubifs
12K	/usr/src/linux-rockchip-headers-6.1.0-1025/fs/efivarfs
8.0K	/usr/src/linux-rockchip-headers-6.1.0-1025/fs/hugetlbfs
12K	/usr/src/linux-rockchip-headers-6.1.0-1025/fs/hpfs
16K	/usr/src/linux-rockchip-headers-6.1.0-1025/fs/squashfs
36K	/usr/src/linux-rockchip-headers-6.1.0-1025/fs/nls
12K	/usr/src/linux-rockchip-headers-6.1.0-1025/fs/reiserfs
12K	/usr/src/linux-rockchip-headers-6.1.0-1025/fs/crypto
12K	/usr/src/linux-rockchip-headers-6.1.0-1025/fs/adfs
12K	/usr/src/linux-rockchip-headers-6.1.0-1025/fs/dlm
12K	/usr/src/linux-rockchip-headers-6.1.0-1025/fs/qnx4
8.0K	/usr/src/linux-rockchip-headers-6.1.0-1025/fs/openpromfs
12K	/usr/src/linux-rockchip-headers-6.1.0-1025/fs/ntfs3
12K	/usr/src/linux-rockchip-headers-6.1.0-1025/fs/cachefiles
12K	/usr/src/linux-rockchip-headers-6.1.0-1025/fs/omfs
16K	/usr/src/linux-rockchip-headers-6.1.0-1025/fs/f2fs
16K	/usr/src/linux-rockchip-headers-6.1.0-1025/fs/fat
12K	/usr/src/linux-rockchip-headers-6.1.0-1025/fs/coda
12K	/usr/src/linux-rockchip-headers-6.1.0-1025/fs/romfs
12K	/usr/src/linux-rockchip-headers-6.1.0-1025/fs/jbd2
12K	/usr/src/linux-rockchip-headers-6.1.0-1025/fs/ceph
8.0K	/usr/src/linux-rockchip-headers-6.1.0-1025/fs/tracefs
16K	/usr/src/linux-rockchip-headers-6.1.0-1025/fs/jffs2
12K	/usr/src/linux-rockchip-headers-6.1.0-1025/fs/vboxsf
12K	/usr/src/linux-rockchip-headers-6.1.0-1025/fs/freevxfs
16K	/usr/src/linux-rockchip-headers-6.1.0-1025/fs/ext4
12K	/usr/src/linux-rockchip-headers-6.1.0-1025/fs/ufs
12K	/usr/src/linux-rockchip-headers-6.1.0-1025/fs/verity
12K	/usr/src/linux-rockchip-headers-6.1.0-1025/fs/gfs2
8.0K	/usr/src/linux-rockchip-headers-6.1.0-1025/fs/lockd
8.0K	/usr/src/linux-rockchip-headers-6.1.0-1025/fs/ocfs2/dlm
8.0K	/usr/src/linux-rockchip-headers-6.1.0-1025/fs/ocfs2/dlmfs
8.0K	/usr/src/linux-rockchip-headers-6.1.0-1025/fs/ocfs2/cluster
36K	/usr/src/linux-rockchip-headers-6.1.0-1025/fs/ocfs2
12K	/usr/src/linux-rockchip-headers-6.1.0-1025/fs/netfs
12K	/usr/src/linux-rockchip-headers-6.1.0-1025/fs/affs
12K	/usr/src/linux-rockchip-headers-6.1.0-1025/fs/sysfs
12K	/usr/src/linux-rockchip-headers-6.1.0-1025/fs/nilfs2
8.0K	/usr/src/linux-rockchip-headers-6.1.0-1025/fs/smb/common
12K	/usr/src/linux-rockchip-headers-6.1.0-1025/fs/smb/server
16K	/usr/src/linux-rockchip-headers-6.1.0-1025/fs/smb/client
48K	/usr/src/linux-rockchip-headers-6.1.0-1025/fs/smb
12K	/usr/src/linux-rockchip-headers-6.1.0-1025/fs/9p
12K	/usr/src/linux-rockchip-headers-6.1.0-1025/fs/erofs
12K	/usr/src/linux-rockchip-headers-6.1.0-1025/fs/fuse
8.0K	/usr/src/linux-rockchip-headers-6.1.0-1025/fs/debugfs
12K	/usr/src/linux-rockchip-headers-6.1.0-1025/fs/autofs
16K	/usr/src/linux-rockchip-headers-6.1.0-1025/fs/nfsd
12K	/usr/src/linux-rockchip-headers-6.1.0-1025/fs/sysv
8.0K	/usr/src/linux-rockchip-headers-6.1.0-1025/fs/iomap
8.0K	/usr/src/linux-rockchip-headers-6.1.0-1025/fs/nfs/blocklayout
8.0K	/usr/src/linux-rockchip-headers-6.1.0-1025/fs/nfs/flexfilelayout
8.0K	/usr/src/linux-rockchip-headers-6.1.0-1025/fs/nfs/filelayout
40K	/usr/src/linux-rockchip-headers-6.1.0-1025/fs/nfs
12K	/usr/src/linux-rockchip-headers-6.1.0-1025/fs/orangefs
8.0K	/usr/src/linux-rockchip-headers-6.1.0-1025/fs/nfs_common
8.0K	/usr/src/linux-rockchip-headers-6.1.0-1025/fs/exportfs
12K	/usr/src/linux-rockchip-headers-6.1.0-1025/fs/notify/fanotify
12K	/usr/src/linux-rockchip-headers-6.1.0-1025/fs/notify/inotify
12K	/usr/src/linux-rockchip-headers-6.1.0-1025/fs/notify/dnotify
48K	/usr/src/linux-rockchip-headers-6.1.0-1025/fs/notify
12K	/usr/src/linux-rockchip-headers-6.1.0-1025/fs/kernfs
12K	/usr/src/linux-rockchip-headers-6.1.0-1025/fs/hfsplus
12K	/usr/src/linux-rockchip-headers-6.1.0-1025/fs/udf
8.0K	/usr/src/linux-rockchip-headers-6.1.0-1025/fs/devpts
12K	/usr/src/linux-rockchip-headers-6.1.0-1025/fs/efs
16K	/usr/src/linux-rockchip-headers-6.1.0-1025/fs/xfs
12K	/usr/src/linux-rockchip-headers-6.1.0-1025/fs/befs
20K	/usr/src/linux-rockchip-headers-6.1.0-1025/fs/pstore
12K	/usr/src/linux-rockchip-headers-6.1.0-1025/fs/btrfs
12K	/usr/src/linux-rockchip-headers-6.1.0-1025/fs/configfs
12K	/usr/src/linux-rockchip-headers-6.1.0-1025/fs/ext2
12K	/usr/src/linux-rockchip-headers-6.1.0-1025/fs/isofs
12K	/usr/src/linux-rockchip-headers-6.1.0-1025/fs/exfat
12K	/usr/src/linux-rockchip-headers-6.1.0-1025/fs/fscache
12K	/usr/src/linux-rockchip-headers-6.1.0-1025/fs/ecryptfs
12K	/usr/src/linux-rockchip-headers-6.1.0-1025/fs/zonefs
12K	/usr/src/linux-rockchip-headers-6.1.0-1025/fs/qnx6
12K	/usr/src/linux-rockchip-headers-6.1.0-1025/fs/bfs
12K	/usr/src/linux-rockchip-headers-6.1.0-1025/fs/cramfs
12K	/usr/src/linux-rockchip-headers-6.1.0-1025/fs/minix
12K	/usr/src/linux-rockchip-headers-6.1.0-1025/fs/ntfs
8.0K	/usr/src/linux-rockchip-headers-6.1.0-1025/fs/hostfs
12K	/usr/src/linux-rockchip-headers-6.1.0-1025/fs/quota
12K	/usr/src/linux-rockchip-headers-6.1.0-1025/fs/unicode
1.2M	/usr/src/linux-rockchip-headers-6.1.0-1025/fs
8.0K	/usr/src/linux-rockchip-headers-6.1.0-1025/samples/timers
8.0K	/usr/src/linux-rockchip-headers-6.1.0-1025/samples/pidfd
8.0K	/usr/src/linux-rockchip-headers-6.1.0-1025/samples/qmi
8.0K	/usr/src/linux-rockchip-headers-6.1.0-1025/samples/acrn
8.0K	/usr/src/linux-rockchip-headers-6.1.0-1025/samples/rpmsg
52K	/usr/src/linux-rockchip-headers-6.1.0-1025/samples/pktgen
8.0K	/usr/src/linux-rockchip-headers-6.1.0-1025/samples/coresight
8.0K	/usr/src/linux-rockchip-headers-6.1.0-1025/samples/nitro_enclaves
8.0K	/usr/src/linux-rockchip-headers-6.1.0-1025/samples/livepatch
8.0K	/usr/src/linux-rockchip-headers-6.1.0-1025/samples/landlock
8.0K	/usr/src/linux-rockchip-headers-6.1.0-1025/samples/kobject
8.0K	/usr/src/linux-rockchip-headers-6.1.0-1025/samples/vfio-mdev
8.0K	/usr/src/linux-rockchip-headers-6.1.0-1025/samples/kprobes
8.0K	/usr/src/linux-rockchip-headers-6.1.0-1025/samples/trace_printk
8.0K	/usr/src/linux-rockchip-headers-6.1.0-1025/samples/fprobe
8.0K	/usr/src/linux-rockchip-headers-6.1.0-1025/samples/trace_events
8.0K	/usr/src/linux-rockchip-headers-6.1.0-1025/samples/watch_queue
8.0K	/usr/src/linux-rockchip-headers-6.1.0-1025/samples/watchdog
8.0K	/usr/src/linux-rockchip-headers-6.1.0-1025/samples/v4l
8.0K	/usr/src/linux-rockchip-headers-6.1.0-1025/samples/fanotify
8.0K	/usr/src/linux-rockchip-headers-6.1.0-1025/samples/hidraw
8.0K	/usr/src/linux-rockchip-headers-6.1.0-1025/samples/seccomp
8.0K	/usr/src/linux-rockchip-headers-6.1.0-1025/samples/kmemleak
8.0K	/usr/src/linux-rockchip-headers-6.1.0-1025/samples/hw_breakpoint
8.0K	/usr/src/linux-rockchip-headers-6.1.0-1025/samples/auxdisplay
8.0K	/usr/src/linux-rockchip-headers-6.1.0-1025/samples/connector
8.0K	/usr/src/linux-rockchip-headers-6.1.0-1025/samples/configfs
8.0K	/usr/src/linux-rockchip-headers-6.1.0-1025/samples/kfifo
8.0K	/usr/src/linux-rockchip-headers-6.1.0-1025/samples/binderfs
8.0K	/usr/src/linux-rockchip-headers-6.1.0-1025/samples/vfs
100K	/usr/src/linux-rockchip-headers-6.1.0-1025/samples/bpf
8.0K	/usr/src/linux-rockchip-headers-6.1.0-1025/samples/mei
8.0K	/usr/src/linux-rockchip-headers-6.1.0-1025/samples/ftrace
8.0K	/usr/src/linux-rockchip-headers-6.1.0-1025/samples/uhid
8.0K	/usr/src/linux-rockchip-headers-6.1.0-1025/samples/rust/hostprogs
20K	/usr/src/linux-rockchip-headers-6.1.0-1025/samples/rust
8.0K	/usr/src/linux-rockchip-headers-6.1.0-1025/samples/user_events
8.0K	/usr/src/linux-rockchip-headers-6.1.0-1025/samples/kdb
464K	/usr/src/linux-rockchip-headers-6.1.0-1025/samples
12K	/usr/src/linux-rockchip-headers-6.1.0-1025/drivers/hwmon/peci
24K	/usr/src/linux-rockchip-headers-6.1.0-1025/drivers/hwmon/pmbus
12K	/usr/src/linux-rockchip-headers-6.1.0-1025/drivers/hwmon/occ
140K	/usr/src/linux-rockchip-headers-6.1.0-1025/drivers/hwmon
8.0K	/usr/src/linux-rockchip-headers-6.1.0-1025/drivers/accessibility/braille
16K	/usr/src/linux-rockchip-headers-6.1.0-1025/drivers/accessibility/speakup
36K	/usr/src/linux-rockchip-headers-6.1.0-1025/drivers/accessibility
12K	/usr/src/linux-rockchip-headers-6.1.0-1025/drivers/hwspinlock
16K	/usr/src/linux-rockchip-headers-6.1.0-1025/drivers/parport
12K	/usr/src/linux-rockchip-headers-6.1.0-1025/drivers/eisa
12K	/usr/src/linux-rockchip-headers-6.1.0-1025/drivers/memstick/host
12K	/usr/src/linux-rockchip-headers-6.1.0-1025/drivers/memstick/core
36K	/usr/src/linux-rockchip-headers-6.1.0-1025/drivers/memstick
16K	/usr/src/linux-rockchip-headers-6.1.0-1025/drivers/net/arcnet
12K	/usr/src/linux-rockchip-headers-6.1.0-1025/drivers/net/lte
12K	/usr/src/linux-rockchip-headers-6.1.0-1025/drivers/net/ieee802154
16K	/usr/src/linux-rockchip-headers-6.1.0-1025/drivers/net/wan
8.0K	/usr/src/linux-rockchip-headers-6.1.0-1025/drivers/net/fjes
12K	/usr/src/linux-rockchip-headers-6.1.0-1025/drivers/net/can/ctucanfd
12K	/usr/src/linux-rockchip-headers-6.1.0-1025/drivers/net/can/c_can
8.0K	/usr/src/linux-rockchip-headers-6.1.0-1025/drivers/net/can/dev
12K	/usr/src/linux-rockchip-headers-6.1.0-1025/drivers/net/can/sja1000
12K	/usr/src/linux-rockchip-headers-6.1.0-1025/drivers/net/can/spi/mcp251xfd
24K	/usr/src/linux-rockchip-headers-6.1.0-1025/drivers/net/can/spi
8.0K	/usr/src/linux-rockchip-headers-6.1.0-1025/drivers/net/can/slcan
12K	/usr/src/linux-rockchip-headers-6.1.0-1025/drivers/net/can/peak_canfd
12K	/usr/src/linux-rockchip-headers-6.1.0-1025/drivers/net/can/ifi_canfd
12K	/usr/src/linux-rockchip-headers-6.1.0-1025/drivers/net/can/m_can
12K	/usr/src/linux-rockchip-headers-6.1.0-1025/drivers/net/can/softing
12K	/usr/src/linux-rockchip-headers-6.1.0-1025/drivers/net/can/rockchip
8.0K	/usr/src/linux-rockchip-headers-6.1.0-1025/drivers/net/can/flexcan
8.0K	/usr/src/linux-rockchip-headers-6.1.0-1025/drivers/net/can/usb/etas_es58x
8.0K	/usr/src/linux-rockchip-headers-6.1.0-1025/drivers/net/can/usb/kvaser_usb
8.0K	/usr/src/linux-rockchip-headers-6.1.0-1025/drivers/net/can/usb/peak_usb
40K	/usr/src/linux-rockchip-headers-6.1.0-1025/drivers/net/can/usb
12K	/usr/src/linux-rockchip-headers-6.1.0-1025/drivers/net/can/mscan
12K	/usr/src/linux-rockchip-headers-6.1.0-1025/drivers/net/can/rcar
12K	/usr/src/linux-rockchip-headers-6.1.0-1025/drivers/net/can/cc770
240K	/usr/src/linux-rockchip-headers-6.1.0-1025/drivers/net/can
8.0K	/usr/src/linux-rockchip-headers-6.1.0-1025/drivers/net/vxlan
12K	/usr/src/linux-rockchip-headers-6.1.0-1025/drivers/net/slip
12K	/usr/src/linux-rockchip-headers-6.1.0-1025/drivers/net/ipa
20K	/usr/src/linux-rockchip-headers-6.1.0-1025/drivers/net/mdio
8.0K	/usr/src/linux-rockchip-headers-6.1.0-1025/drivers/net/wireguard
12K	/usr/src/linux-rockchip-headers-6.1.0-1025/drivers/net/hyperv
12K	/usr/src/linux-rockchip-headers-6.1.0-1025/drivers/net/caif
8.0K	/usr/src/linux-rockchip-headers-6.1.0-1025/drivers/net/wwan/iosm
8.0K	/usr/src/linux-rockchip-headers-6.1.0-1025/drivers/net/wwan/t7xx
32K	/usr/src/linux-rockchip-headers-6.1.0-1025/drivers/net/wwan
12K	/usr/src/linux-rockchip-headers-6.1.0-1025/drivers/net/ethernet/moxa
12K	/usr/src/linux-rockchip-headers-6.1.0-1025/drivers/net/ethernet/rocker
8.0K	/usr/src/linux-rockchip-headers-6.1.0-1025/drivers/net/ethernet/myricom/myri10ge
20K	/usr/src/linux-rockchip-headers-6.1.0-1025/drivers/net/ethernet/myricom
20K	/usr/src/linux-rockchip-headers-6.1.0-1025/drivers/net/ethernet/stmicro/stmmac
32K	/usr/src/linux-rockchip-headers-6.1.0-1025/drivers/net/ethernet/stmicro
12K	/usr/src/linux-rockchip-headers-6.1.0-1025/drivers/net/ethernet/microchip/lan966x
12K	/usr/src/linux-rockchip-headers-6.1.0-1025/drivers/net/ethernet/microchip/sparx5
36K	/usr/src/linux-rockchip-headers-6.1.0-1025/drivers/net/ethernet/microchip
12K	/usr/src/linux-rockchip-headers-6.1.0-1025/drivers/net/ethernet/fujitsu
12K	/usr/src/linux-rockchip-headers-6.1.0-1025/drivers/net/ethernet/tundra
8.0K	/usr/src/linux-rockchip-headers-6.1.0-1025/drivers/net/ethernet/microsoft/mana
20K	/usr/src/linux-rockchip-headers-6.1.0-1025/drivers/net/ethernet/microsoft
12K	/usr/src/linux-rockchip-headers-6.1.0-1025/drivers/net/ethernet/cadence
12K	/usr/src/linux-rockchip-headers-6.1.0-1025/drivers/net/ethernet/i825xx
12K	/usr/src/linux-rockchip-headers-6.1.0-1025/drivers/net/ethernet/freescale/dpaa2
12K	/usr/src/linux-rockchip-headers-6.1.0-1025/drivers/net/ethernet/freescale/fman
12K	/usr/src/linux-rockchip-headers-6.1.0-1025/drivers/net/ethernet/freescale/fs_enet
12K	/usr/src/linux-rockchip-headers-6.1.0-1025/drivers/net/ethernet/freescale/enetc
12K	/usr/src/linux-rockchip-headers-6.1.0-1025/drivers/net/ethernet/freescale/dpaa
72K	/usr/src/linux-rockchip-headers-6.1.0-1025/drivers/net/ethernet/freescale
8.0K	/usr/src/linux-rockchip-headers-6.1.0-1025/drivers/net/ethernet/atheros/alx
8.0K	/usr/src/linux-rockchip-headers-6.1.0-1025/drivers/net/ethernet/atheros/atlx
8.0K	/usr/src/linux-rockchip-headers-6.1.0-1025/drivers/net/ethernet/atheros/atl1c
8.0K	/usr/src/linux-rockchip-headers-6.1.0-1025/drivers/net/ethernet/atheros/atl1e
44K	/usr/src/linux-rockchip-headers-6.1.0-1025/drivers/net/ethernet/atheros
12K	/usr/src/linux-rockchip-headers-6.1.0-1025/drivers/net/ethernet/aeroflex
8.0K	/usr/src/linux-rockchip-headers-6.1.0-1025/drivers/net/ethernet/amd/xgbe
24K	/usr/src/linux-rockchip-headers-6.1.0-1025/drivers/net/ethernet/amd
12K	/usr/src/linux-rockchip-headers-6.1.0-1025/drivers/net/ethernet/sun
8.0K	/usr/src/linux-rockchip-headers-6.1.0-1025/drivers/net/ethernet/aquantia/atlantic
20K	/usr/src/linux-rockchip-headers-6.1.0-1025/drivers/net/ethernet/aquantia
8.0K	/usr/src/linux-rockchip-headers-6.1.0-1025/drivers/net/ethernet/hisilicon/hns3
8.0K	/usr/src/linux-rockchip-headers-6.1.0-1025/drivers/net/ethernet/hisilicon/hns
32K	/usr/src/linux-rockchip-headers-6.1.0-1025/drivers/net/ethernet/hisilicon
12K	/usr/src/linux-rockchip-headers-6.1.0-1025/drivers/net/ethernet/toshiba
12K	/usr/src/linux-rockchip-headers-6.1.0-1025/drivers/net/ethernet/xscale
12K	/usr/src/linux-rockchip-headers-6.1.0-1025/drivers/net/ethernet/apple
12K	/usr/src/linux-rockchip-headers-6.1.0-1025/drivers/net/ethernet/agere
12K	/usr/src/linux-rockchip-headers-6.1.0-1025/drivers/net/ethernet/arc
12K	/usr/src/linux-rockchip-headers-6.1.0-1025/drivers/net/ethernet/sgi
12K	/usr/src/linux-rockchip-headers-6.1.0-1025/drivers/net/ethernet/mscc
12K	/usr/src/linux-rockchip-headers-6.1.0-1025/drivers/net/ethernet/nxp
12K	/usr/src/linux-rockchip-headers-6.1.0-1025/drivers/net/ethernet/rdc
12K	/usr/src/linux-rockchip-headers-6.1.0-1025/drivers/net/ethernet/sis
12K	/usr/src/linux-rockchip-headers-6.1.0-1025/drivers/net/ethernet/nvidia
12K	/usr/src/linux-rockchip-headers-6.1.0-1025/drivers/net/ethernet/alteon
8.0K	/usr/src/linux-rockchip-headers-6.1.0-1025/drivers/net/ethernet/wangxun/txgbe
8.0K	/usr/src/linux-rockchip-headers-6.1.0-1025/drivers/net/ethernet/wangxun/ngbe
28K	/usr/src/linux-rockchip-headers-6.1.0-1025/drivers/net/ethernet/wangxun
12K	/usr/src/linux-rockchip-headers-6.1.0-1025/drivers/net/ethernet/pasemi
8.0K	/usr/src/linux-rockchip-headers-6.1.0-1025/drivers/net/ethernet/intel/ice
8.0K	/usr/src/linux-rockchip-headers-6.1.0-1025/drivers/net/ethernet/intel/igc
8.0K	/usr/src/linux-rockchip-headers-6.1.0-1025/drivers/net/ethernet/intel/iavf
8.0K	/usr/src/linux-rockchip-headers-6.1.0-1025/drivers/net/ethernet/intel/e1000e
8.0K	/usr/src/linux-rockchip-headers-6.1.0-1025/drivers/net/ethernet/intel/ixgbevf
8.0K	/usr/src/linux-rockchip-headers-6.1.0-1025/drivers/net/ethernet/intel/i40e
8.0K	/usr/src/linux-rockchip-headers-6.1.0-1025/drivers/net/ethernet/intel/igb
8.0K	/usr/src/linux-rockchip-headers-6.1.0-1025/drivers/net/ethernet/intel/ixgbe
8.0K	/usr/src/linux-rockchip-headers-6.1.0-1025/drivers/net/ethernet/intel/igbvf
8.0K	/usr/src/linux-rockchip-headers-6.1.0-1025/drivers/net/ethernet/intel/e1000
8.0K	/usr/src/linux-rockchip-headers-6.1.0-1025/drivers/net/ethernet/intel/fm10k
8.0K	/usr/src/linux-rockchip-headers-6.1.0-1025/drivers/net/ethernet/intel/ixgb
116K	/usr/src/linux-rockchip-headers-6.1.0-1025/drivers/net/ethernet/intel
16K	/usr/src/linux-rockchip-headers-6.1.0-1025/drivers/net/ethernet/dec/tulip
28K	/usr/src/linux-rockchip-headers-6.1.0-1025/drivers/net/ethernet/dec
12K	/usr/src/linux-rockchip-headers-6.1.0-1025/drivers/net/ethernet/xilinx
12K	/usr/src/linux-rockchip-headers-6.1.0-1025/drivers/net/ethernet/sunplus
8.0K	/usr/src/linux-rockchip-headers-6.1.0-1025/drivers/net/ethernet/qlogic/qed
8.0K	/usr/src/linux-rockchip-headers-6.1.0-1025/drivers/net/ethernet/qlogic/qede
8.0K	/usr/src/linux-rockchip-headers-6.1.0-1025/drivers/net/ethernet/qlogic/netxen
8.0K	/usr/src/linux-rockchip-headers-6.1.0-1025/drivers/net/ethernet/qlogic/qlcnic
44K	/usr/src/linux-rockchip-headers-6.1.0-1025/drivers/net/ethernet/qlogic
16K	/usr/src/linux-rockchip-headers-6.1.0-1025/drivers/net/ethernet/ti
12K	/usr/src/linux-rockchip-headers-6.1.0-1025/drivers/net/ethernet/3com
12K	/usr/src/linux-rockchip-headers-6.1.0-1025/drivers/net/ethernet/cirrus
8.0K	/usr/src/linux-rockchip-headers-6.1.0-1025/drivers/net/ethernet/chelsio/libcxgb
8.0K	/usr/src/linux-rockchip-headers-6.1.0-1025/drivers/net/ethernet/chelsio/inline_crypto/ch_ipsec
8.0K	/usr/src/linux-rockchip-headers-6.1.0-1025/drivers/net/ethernet/chelsio/inline_crypto/ch_ktls
8.0K	/usr/src/linux-rockchip-headers-6.1.0-1025/drivers/net/ethernet/chelsio/inline_crypto/chtls
36K	/usr/src/linux-rockchip-headers-6.1.0-1025/drivers/net/ethernet/chelsio/inline_crypto
8.0K	/usr/src/linux-rockchip-headers-6.1.0-1025/drivers/net/ethernet/chelsio/cxgb4
8.0K	/usr/src/linux-rockchip-headers-6.1.0-1025/drivers/net/ethernet/chelsio/cxgb4vf
8.0K	/usr/src/linux-rockchip-headers-6.1.0-1025/drivers/net/ethernet/chelsio/cxgb3
8.0K	/usr/src/linux-rockchip-headers-6.1.0-1025/drivers/net/ethernet/chelsio/cxgb
92K	/usr/src/linux-rockchip-headers-6.1.0-1025/drivers/net/ethernet/chelsio
16K	/usr/src/linux-rockchip-headers-6.1.0-1025/drivers/net/ethernet/8390
12K	/usr/src/linux-rockchip-headers-6.1.0-1025/drivers/net/ethernet/mellanox/mlxsw
12K	/usr/src/linux-rockchip-headers-6.1.0-1025/drivers/net/ethernet/mellanox/mlxfw
8.0K	/usr/src/linux-rockchip-headers-6.1.0-1025/drivers/net/ethernet/mellanox/mlx5/core/steering
8.0K	/usr/src/linux-rockchip-headers-6.1.0-1025/drivers/net/ethernet/mellanox/mlx5/core/esw
36K	/usr/src/linux-rockchip-headers-6.1.0-1025/drivers/net/ethernet/mellanox/mlx5/core
40K	/usr/src/linux-rockchip-headers-6.1.0-1025/drivers/net/ethernet/mellanox/mlx5
12K	/usr/src/linux-rockchip-headers-6.1.0-1025/drivers/net/ethernet/mellanox/mlxbf_gige
12K	/usr/src/linux-rockchip-headers-6.1.0-1025/drivers/net/ethernet/mellanox/mlx4
100K	/usr/src/linux-rockchip-headers-6.1.0-1025/drivers/net/ethernet/mellanox
12K	/usr/src/linux-rockchip-headers-6.1.0-1025/drivers/net/ethernet/synopsys
12K	/usr/src/linux-rockchip-headers-6.1.0-1025/drivers/net/ethernet/vertexcom
16K	/usr/src/linux-rockchip-headers-6.1.0-1025/drivers/net/ethernet/motorcomm
8.0K	/usr/src/linux-rockchip-headers-6.1.0-1025/drivers/net/ethernet/amazon/ena
20K	/usr/src/linux-rockchip-headers-6.1.0-1025/drivers/net/ethernet/amazon
12K	/usr/src/linux-rockchip-headers-6.1.0-1025/drivers/net/ethernet/dlink
12K	/usr/src/linux-rockchip-headers-6.1.0-1025/drivers/net/ethernet/emulex/benet
24K	/usr/src/linux-rockchip-headers-6.1.0-1025/drivers/net/ethernet/emulex
12K	/usr/src/linux-rockchip-headers-6.1.0-1025/drivers/net/ethernet/socionext
12K	/usr/src/linux-rockchip-headers-6.1.0-1025/drivers/net/ethernet/ni
12K	/usr/src/linux-rockchip-headers-6.1.0-1025/drivers/net/ethernet/adaptec
12K	/usr/src/linux-rockchip-headers-6.1.0-1025/drivers/net/ethernet/ezchip
12K	/usr/src/linux-rockchip-headers-6.1.0-1025/drivers/net/ethernet/mediatek
8.0K	/usr/src/linux-rockchip-headers-6.1.0-1025/drivers/net/ethernet/google/gve
20K	/usr/src/linux-rockchip-headers-6.1.0-1025/drivers/net/ethernet/google
12K	/usr/src/linux-rockchip-headers-6.1.0-1025/drivers/net/ethernet/neterion
12K	/usr/src/linux-rockchip-headers-6.1.0-1025/drivers/net/ethernet/packetengines
12K	/usr/src/linux-rockchip-headers-6.1.0-1025/drivers/net/ethernet/alacritech
8.0K	/usr/src/linux-rockchip-headers-6.1.0-1025/drivers/net/ethernet/marvell/mvpp2
12K	/usr/src/linux-rockchip-headers-6.1.0-1025/drivers/net/ethernet/marvell/octeon_ep
8.0K	/usr/src/linux-rockchip-headers-6.1.0-1025/drivers/net/ethernet/marvell/octeontx2/nic
8.0K	/usr/src/linux-rockchip-headers-6.1.0-1025/drivers/net/ethernet/marvell/octeontx2/af
28K	/usr/src/linux-rockchip-headers-6.1.0-1025/drivers/net/ethernet/marvell/octeontx2
12K	/usr/src/linux-rockchip-headers-6.1.0-1025/drivers/net/ethernet/marvell/prestera
76K	/usr/src/linux-rockchip-headers-6.1.0-1025/drivers/net/ethernet/marvell
12K	/usr/src/linux-rockchip-headers-6.1.0-1025/drivers/net/ethernet/asix
8.0K	/usr/src/linux-rockchip-headers-6.1.0-1025/drivers/net/ethernet/cavium/common
8.0K	/usr/src/linux-rockchip-headers-6.1.0-1025/drivers/net/ethernet/cavium/thunder
8.0K	/usr/src/linux-rockchip-headers-6.1.0-1025/drivers/net/ethernet/cavium/octeon
8.0K	/usr/src/linux-rockchip-headers-6.1.0-1025/drivers/net/ethernet/cavium/liquidio
44K	/usr/src/linux-rockchip-headers-6.1.0-1025/drivers/net/ethernet/cavium
12K	/usr/src/linux-rockchip-headers-6.1.0-1025/drivers/net/ethernet/faraday
12K	/usr/src/linux-rockchip-headers-6.1.0-1025/drivers/net/ethernet/micrel
12K	/usr/src/linux-rockchip-headers-6.1.0-1025/drivers/net/ethernet/apm/xgene
12K	/usr/src/linux-rockchip-headers-6.1.0-1025/drivers/net/ethernet/apm/xgene-v2
36K	/usr/src/linux-rockchip-headers-6.1.0-1025/drivers/net/ethernet/apm
8.0K	/usr/src/linux-rockchip-headers-6.1.0-1025/drivers/net/ethernet/ibm/ehea
12K	/usr/src/linux-rockchip-headers-6.1.0-1025/drivers/net/ethernet/ibm/emac
32K	/usr/src/linux-rockchip-headers-6.1.0-1025/drivers/net/ethernet/ibm
12K	/usr/src/linux-rockchip-headers-6.1.0-1025/drivers/net/ethernet/actions
12K	/usr/src/linux-rockchip-headers-6.1.0-1025/drivers/net/ethernet/litex
8.0K	/usr/src/linux-rockchip-headers-6.1.0-1025/drivers/net/ethernet/fungible/funcore
12K	/usr/src/linux-rockchip-headers-6.1.0-1025/drivers/net/ethernet/fungible/funeth
32K	/usr/src/linux-rockchip-headers-6.1.0-1025/drivers/net/ethernet/fungible
12K	/usr/src/linux-rockchip-headers-6.1.0-1025/drivers/net/ethernet/calxeda
12K	/usr/src/linux-rockchip-headers-6.1.0-1025/drivers/net/ethernet/natsemi
12K	/usr/src/linux-rockchip-headers-6.1.0-1025/drivers/net/ethernet/xircom
12K	/usr/src/linux-rockchip-headers-6.1.0-1025/drivers/net/ethernet/adi
12K	/usr/src/linux-rockchip-headers-6.1.0-1025/drivers/net/ethernet/cisco/enic
24K	/usr/src/linux-rockchip-headers-6.1.0-1025/drivers/net/ethernet/cisco
12K	/usr/src/linux-rockchip-headers-6.1.0-1025/drivers/net/ethernet/allwinner
12K	/usr/src/linux-rockchip-headers-6.1.0-1025/drivers/net/ethernet/davicom
12K	/usr/src/linux-rockchip-headers-6.1.0-1025/drivers/net/ethernet/oki-semi/pch_gbe
24K	/usr/src/linux-rockchip-headers-6.1.0-1025/drivers/net/ethernet/oki-semi
12K	/usr/src/linux-rockchip-headers-6.1.0-1025/drivers/net/ethernet/qualcomm/rmnet
8.0K	/usr/src/linux-rockchip-headers-6.1.0-1025/drivers/net/ethernet/qualcomm/emac
32K	/usr/src/linux-rockchip-headers-6.1.0-1025/drivers/net/ethernet/qualcomm
12K	/usr/src/linux-rockchip-headers-6.1.0-1025/drivers/net/ethernet/renesas
12K	/usr/src/linux-rockchip-headers-6.1.0-1025/drivers/net/ethernet/engleder
12K	/usr/src/linux-rockchip-headers-6.1.0-1025/drivers/net/ethernet/huawei/hinic
24K	/usr/src/linux-rockchip-headers-6.1.0-1025/drivers/net/ethernet/huawei
12K	/usr/src/linux-rockchip-headers-6.1.0-1025/drivers/net/ethernet/silan
16K	/usr/src/linux-rockchip-headers-6.1.0-1025/drivers/net/ethernet/realtek/r8168
28K	/usr/src/linux-rockchip-headers-6.1.0-1025/drivers/net/ethernet/realtek
12K	/usr/src/linux-rockchip-headers-6.1.0-1025/drivers/net/ethernet/brocade/bna
24K	/usr/src/linux-rockchip-headers-6.1.0-1025/drivers/net/ethernet/brocade
12K	/usr/src/linux-rockchip-headers-6.1.0-1025/drivers/net/ethernet/altera
8.0K	/usr/src/linux-rockchip-headers-6.1.0-1025/drivers/net/ethernet/samsung/sxgbe
20K	/usr/src/linux-rockchip-headers-6.1.0-1025/drivers/net/ethernet/samsung
12K	/usr/src/linux-rockchip-headers-6.1.0-1025/drivers/net/ethernet/sfc/siena
12K	/usr/src/linux-rockchip-headers-6.1.0-1025/drivers/net/ethernet/sfc/falcon
36K	/usr/src/linux-rockchip-headers-6.1.0-1025/drivers/net/ethernet/sfc
8.0K	/usr/src/linux-rockchip-headers-6.1.0-1025/drivers/net/ethernet/netronome/nfp
20K	/usr/src/linux-rockchip-headers-6.1.0-1025/drivers/net/ethernet/netronome
12K	/usr/src/linux-rockchip-headers-6.1.0-1025/drivers/net/ethernet/seeq
8.0K	/usr/src/linux-rockchip-headers-6.1.0-1025/drivers/net/ethernet/broadcom/bnxt
8.0K	/usr/src/linux-rockchip-headers-6.1.0-1025/drivers/net/ethernet/broadcom/genet
8.0K	/usr/src/linux-rockchip-headers-6.1.0-1025/drivers/net/ethernet/broadcom/bnx2x
40K	/usr/src/linux-rockchip-headers-6.1.0-1025/drivers/net/ethernet/broadcom
16K	/usr/src/linux-rockchip-headers-6.1.0-1025/drivers/net/ethernet/smsc
8.0K	/usr/src/linux-rockchip-headers-6.1.0-1025/drivers/net/ethernet/pensando/ionic
20K	/usr/src/linux-rockchip-headers-6.1.0-1025/drivers/net/ethernet/pensando
12K	/usr/src/linux-rockchip-headers-6.1.0-1025/drivers/net/ethernet/cortina
12K	/usr/src/linux-rockchip-headers-6.1.0-1025/drivers/net/ethernet/via
12K	/usr/src/linux-rockchip-headers-6.1.0-1025/drivers/net/ethernet/wiznet
12K	/usr/src/linux-rockchip-headers-6.1.0-1025/drivers/net/ethernet/tehuti
2.0M	/usr/src/linux-rockchip-headers-6.1.0-1025/drivers/net/ethernet
12K	/usr/src/linux-rockchip-headers-6.1.0-1025/drivers/net/plip
16K	/usr/src/linux-rockchip-headers-6.1.0-1025/drivers/net/appletalk
12K	/usr/src/linux-rockchip-headers-6.1.0-1025/drivers/net/pcs
16K	/usr/src/linux-rockchip-headers-6.1.0-1025/drivers/net/ppp
8.0K	/usr/src/linux-rockchip-headers-6.1.0-1025/drivers/net/bonding
8.0K	/usr/src/linux-rockchip-headers-6.1.0-1025/drivers/net/fddi/skfp
20K	/usr/src/linux-rockchip-headers-6.1.0-1025/drivers/net/fddi
8.0K	/usr/src/linux-rockchip-headers-6.1.0-1025/drivers/net/netdevsim
12K	/usr/src/linux-rockchip-headers-6.1.0-1025/drivers/net/mctp
12K	/usr/src/linux-rockchip-headers-6.1.0-1025/drivers/net/dsa/b53
12K	/usr/src/linux-rockchip-headers-6.1.0-1025/drivers/net/dsa/sja1105
12K	/usr/src/linux-rockchip-headers-6.1.0-1025/drivers/net/dsa/xrs700x
12K	/usr/src/linux-rockchip-headers-6.1.0-1025/drivers/net/dsa/microchip
12K	/usr/src/linux-rockchip-headers-6.1.0-1025/drivers/net/dsa/mv88e6xxx
12K	/usr/src/linux-rockchip-headers-6.1.0-1025/drivers/net/dsa/hirschmann
12K	/usr/src/linux-rockchip-headers-6.1.0-1025/drivers/net/dsa/realtek
12K	/usr/src/linux-rockchip-headers-6.1.0-1025/drivers/net/dsa/ocelot
12K	/usr/src/linux-rockchip-headers-6.1.0-1025/drivers/net/dsa/qca
120K	/usr/src/linux-rockchip-headers-6.1.0-1025/drivers/net/dsa
12K	/usr/src/linux-rockchip-headers-6.1.0-1025/drivers/net/pse-pd
80K	/usr/src/linux-rockchip-headers-6.1.0-1025/drivers/net/wireless/rtl8189fs
16K	/usr/src/linux-rockchip-headers-6.1.0-1025/drivers/net/wireless/ath/ath9k
12K	/usr/src/linux-rockchip-headers-6.1.0-1025/drivers/net/wireless/ath/ath5k
12K	/usr/src/linux-rockchip-headers-6.1.0-1025/drivers/net/wireless/ath/ath10k
12K	/usr/src/linux-rockchip-headers-6.1.0-1025/drivers/net/wireless/ath/wil6210
12K	/usr/src/linux-rockchip-headers-6.1.0-1025/drivers/net/wireless/ath/ath11k
12K	/usr/src/linux-rockchip-headers-6.1.0-1025/drivers/net/wireless/ath/ath6kl
12K	/usr/src/linux-rockchip-headers-6.1.0-1025/drivers/net/wireless/ath/wcn36xx
12K	/usr/src/linux-rockchip-headers-6.1.0-1025/drivers/net/wireless/ath/carl9170
12K	/usr/src/linux-rockchip-headers-6.1.0-1025/drivers/net/wireless/ath/ar5523
124K	/usr/src/linux-rockchip-headers-6.1.0-1025/drivers/net/wireless/ath
12K	/usr/src/linux-rockchip-headers-6.1.0-1025/drivers/net/wireless/microchip/wilc1000
24K	/usr/src/linux-rockchip-headers-6.1.0-1025/drivers/net/wireless/microchip
12K	/usr/src/linux-rockchip-headers-6.1.0-1025/drivers/net/wireless/st/cw1200
24K	/usr/src/linux-rockchip-headers-6.1.0-1025/drivers/net/wireless/st
68K	/usr/src/linux-rockchip-headers-6.1.0-1025/drivers/net/wireless/rtl8723ds
8.0K	/usr/src/linux-rockchip-headers-6.1.0-1025/drivers/net/wireless/rtl8723as
80K	/usr/src/linux-rockchip-headers-6.1.0-1025/drivers/net/wireless/rtl8812au
12K	/usr/src/linux-rockchip-headers-6.1.0-1025/drivers/net/wireless/uwe5622/tty-sdio
12K	/usr/src/linux-rockchip-headers-6.1.0-1025/drivers/net/wireless/uwe5622/unisocwcn/gnss
12K	/usr/src/linux-rockchip-headers-6.1.0-1025/drivers/net/wireless/uwe5622/unisocwcn/platform
12K	/usr/src/linux-rockchip-headers-6.1.0-1025/drivers/net/wireless/uwe5622/unisocwcn/sipc
12K	/usr/src/linux-rockchip-headers-6.1.0-1025/drivers/net/wireless/uwe5622/unisocwcn/vm
12K	/usr/src/linux-rockchip-headers-6.1.0-1025/drivers/net/wireless/uwe5622/unisocwcn/log
12K	/usr/src/linux-rockchip-headers-6.1.0-1025/drivers/net/wireless/uwe5622/unisocwcn/boot
12K	/usr/src/linux-rockchip-headers-6.1.0-1025/drivers/net/wireless/uwe5622/unisocwcn/tool
12K	/usr/src/linux-rockchip-headers-6.1.0-1025/drivers/net/wireless/uwe5622/unisocwcn/sleep
12K	/usr/src/linux-rockchip-headers-6.1.0-1025/drivers/net/wireless/uwe5622/unisocwcn/pcie
12K	/usr/src/linux-rockchip-headers-6.1.0-1025/drivers/net/wireless/uwe5622/unisocwcn/sdio
12K	/usr/src/linux-rockchip-headers-6.1.0-1025/drivers/net/wireless/uwe5622/unisocwcn/usb
156K	/usr/src/linux-rockchip-headers-6.1.0-1025/drivers/net/wireless/uwe5622/unisocwcn
12K	/usr/src/linux-rockchip-headers-6.1.0-1025/drivers/net/wireless/uwe5622/unisocwifi
192K	/usr/src/linux-rockchip-headers-6.1.0-1025/drivers/net/wireless/uwe5622
84K	/usr/src/linux-rockchip-headers-6.1.0-1025/drivers/net/wireless/rtl8811cu
32K	/usr/src/linux-rockchip-headers-6.1.0-1025/drivers/net/wireless/rtl8852bs
16K	/usr/src/linux-rockchip-headers-6.1.0-1025/drivers/net/wireless/ralink/rt2x00
28K	/usr/src/linux-rockchip-headers-6.1.0-1025/drivers/net/wireless/ralink
16K	/usr/src/linux-rockchip-headers-6.1.0-1025/drivers/net/wireless/intel/ipw2x00
12K	/usr/src/linux-rockchip-headers-6.1.0-1025/drivers/net/wireless/intel/iwlegacy
8.0K	/usr/src/linux-rockchip-headers-6.1.0-1025/drivers/net/wireless/intel/iwlwifi/mvm
8.0K	/usr/src/linux-rockchip-headers-6.1.0-1025/drivers/net/wireless/intel/iwlwifi/mei
8.0K	/usr/src/linux-rockchip-headers-6.1.0-1025/drivers/net/wireless/intel/iwlwifi/dvm
40K	/usr/src/linux-rockchip-headers-6.1.0-1025/drivers/net/wireless/intel/iwlwifi
80K	/usr/src/linux-rockchip-headers-6.1.0-1025/drivers/net/wireless/intel
12K	/usr/src/linux-rockchip-headers-6.1.0-1025/drivers/net/wireless/ti/wl12xx
12K	/usr/src/linux-rockchip-headers-6.1.0-1025/drivers/net/wireless/ti/wlcore
12K	/usr/src/linux-rockchip-headers-6.1.0-1025/drivers/net/wireless/ti/wl1251
12K	/usr/src/linux-rockchip-headers-6.1.0-1025/drivers/net/wireless/ti/wl18xx
60K	/usr/src/linux-rockchip-headers-6.1.0-1025/drivers/net/wireless/ti
28K	/usr/src/linux-rockchip-headers-6.1.0-1025/drivers/net/wireless/rockchip_wlan/rkwifi/bcmdhd
40K	/usr/src/linux-rockchip-headers-6.1.0-1025/drivers/net/wireless/rockchip_wlan/rkwifi
52K	/usr/src/linux-rockchip-headers-6.1.0-1025/drivers/net/wireless/rockchip_wlan
80K	/usr/src/linux-rockchip-headers-6.1.0-1025/drivers/net/wireless/rtl8192eu
12K	/usr/src/linux-rockchip-headers-6.1.0-1025/drivers/net/wireless/admtek
12K	/usr/src/linux-rockchip-headers-6.1.0-1025/drivers/net/wireless/intersil/p54
16K	/usr/src/linux-rockchip-headers-6.1.0-1025/drivers/net/wireless/intersil/orinoco
12K	/usr/src/linux-rockchip-headers-6.1.0-1025/drivers/net/wireless/intersil/hostap
52K	/usr/src/linux-rockchip-headers-6.1.0-1025/drivers/net/wireless/intersil
12K	/usr/src/linux-rockchip-headers-6.1.0-1025/drivers/net/wireless/mediatek/mt7601u
12K	/usr/src/linux-rockchip-headers-6.1.0-1025/drivers/net/wireless/mediatek/mt76/mt7915
12K	/usr/src/linux-rockchip-headers-6.1.0-1025/drivers/net/wireless/mediatek/mt76/mt7603
12K	/usr/src/linux-rockchip-headers-6.1.0-1025/drivers/net/wireless/mediatek/mt76/mt7615
12K	/usr/src/linux-rockchip-headers-6.1.0-1025/drivers/net/wireless/mediatek/mt76/mt76x0
12K	/usr/src/linux-rockchip-headers-6.1.0-1025/drivers/net/wireless/mediatek/mt76/mt7921
12K	/usr/src/linux-rockchip-headers-6.1.0-1025/drivers/net/wireless/mediatek/mt76/mt76x2
84K	/usr/src/linux-rockchip-headers-6.1.0-1025/drivers/net/wireless/mediatek/mt76
108K	/usr/src/linux-rockchip-headers-6.1.0-1025/drivers/net/wireless/mediatek
12K	/usr/src/linux-rockchip-headers-6.1.0-1025/drivers/net/wireless/purelifi/plfxlc
24K	/usr/src/linux-rockchip-headers-6.1.0-1025/drivers/net/wireless/purelifi
12K	/usr/src/linux-rockchip-headers-6.1.0-1025/drivers/net/wireless/marvell/libertas_tf
12K	/usr/src/linux-rockchip-headers-6.1.0-1025/drivers/net/wireless/marvell/libertas
12K	/usr/src/linux-rockchip-headers-6.1.0-1025/drivers/net/wireless/marvell/mwifiex
48K	/usr/src/linux-rockchip-headers-6.1.0-1025/drivers/net/wireless/marvell
12K	/usr/src/linux-rockchip-headers-6.1.0-1025/drivers/net/wireless/rsi
12K	/usr/src/linux-rockchip-headers-6.1.0-1025/drivers/net/wireless/quantenna/qtnfmac
24K	/usr/src/linux-rockchip-headers-6.1.0-1025/drivers/net/wireless/quantenna
76K	/usr/src/linux-rockchip-headers-6.1.0-1025/drivers/net/wireless/rtl8189es
12K	/usr/src/linux-rockchip-headers-6.1.0-1025/drivers/net/wireless/cisco
8.0K	/usr/src/linux-rockchip-headers-6.1.0-1025/drivers/net/wireless/realtek/rtl818x/rtl8180
8.0K	/usr/src/linux-rockchip-headers-6.1.0-1025/drivers/net/wireless/realtek/rtl818x/rtl8187
28K	/usr/src/linux-rockchip-headers-6.1.0-1025/drivers/net/wireless/realtek/rtl818x
12K	/usr/src/linux-rockchip-headers-6.1.0-1025/drivers/net/wireless/realtek/rtw88
8.0K	/usr/src/linux-rockchip-headers-6.1.0-1025/drivers/net/wireless/realtek/rtlwifi/rtl8192c
8.0K	/usr/src/linux-rockchip-headers-6.1.0-1025/drivers/net/wireless/realtek/rtlwifi/rtl8723be
8.0K	/usr/src/linux-rockchip-headers-6.1.0-1025/drivers/net/wireless/realtek/rtlwifi/rtl8723ae
8.0K	/usr/src/linux-rockchip-headers-6.1.0-1025/drivers/net/wireless/realtek/rtlwifi/rtl8192ce
8.0K	/usr/src/linux-rockchip-headers-6.1.0-1025/drivers/net/wireless/realtek/rtlwifi/rtl8192ee
8.0K	/usr/src/linux-rockchip-headers-6.1.0-1025/drivers/net/wireless/realtek/rtlwifi/rtl8192se
8.0K	/usr/src/linux-rockchip-headers-6.1.0-1025/drivers/net/wireless/realtek/rtlwifi/rtl8192de
8.0K	/usr/src/linux-rockchip-headers-6.1.0-1025/drivers/net/wireless/realtek/rtlwifi/rtl8188ee
8.0K	/usr/src/linux-rockchip-headers-6.1.0-1025/drivers/net/wireless/realtek/rtlwifi/btcoexist
8.0K	/usr/src/linux-rockchip-headers-6.1.0-1025/drivers/net/wireless/realtek/rtlwifi/rtl8821ae
8.0K	/usr/src/linux-rockchip-headers-6.1.0-1025/drivers/net/wireless/realtek/rtlwifi/rtl8723com
8.0K	/usr/src/linux-rockchip-headers-6.1.0-1025/drivers/net/wireless/realtek/rtlwifi/rtl8192cu
108K	/usr/src/linux-rockchip-headers-6.1.0-1025/drivers/net/wireless/realtek/rtlwifi
12K	/usr/src/linux-rockchip-headers-6.1.0-1025/drivers/net/wireless/realtek/rtw89
12K	/usr/src/linux-rockchip-headers-6.1.0-1025/drivers/net/wireless/realtek/rtl8xxxu
184K	/usr/src/linux-rockchip-headers-6.1.0-1025/drivers/net/wireless/realtek
12K	/usr/src/linux-rockchip-headers-6.1.0-1025/drivers/net/wireless/aic8800_sdio/aic8800_btlpm
20K	/usr/src/linux-rockchip-headers-6.1.0-1025/drivers/net/wireless/aic8800_sdio/aic8800_fdrv
8.0K	/usr/src/linux-rockchip-headers-6.1.0-1025/drivers/net/wireless/aic8800_sdio/aic8800_bsp
52K	/usr/src/linux-rockchip-headers-6.1.0-1025/drivers/net/wireless/aic8800_sdio
12K	/usr/src/linux-rockchip-headers-6.1.0-1025/drivers/net/wireless/atmel
16K	/usr/src/linux-rockchip-headers-6.1.0-1025/drivers/net/wireless/broadcom/b43
12K	/usr/src/linux-rockchip-headers-6.1.0-1025/drivers/net/wireless/broadcom/b43legacy
8.0K	/usr/src/linux-rockchip-headers-6.1.0-1025/drivers/net/wireless/broadcom/brcm80211/brcmutil
12K	/usr/src/linux-rockchip-headers-6.1.0-1025/drivers/net/wireless/broadcom/brcm80211/brcmfmac
8.0K	/usr/src/linux-rockchip-headers-6.1.0-1025/drivers/net/wireless/broadcom/brcm80211/brcmsmac
40K	/usr/src/linux-rockchip-headers-6.1.0-1025/drivers/net/wireless/broadcom/brcm80211
80K	/usr/src/linux-rockchip-headers-6.1.0-1025/drivers/net/wireless/broadcom
84K	/usr/src/linux-rockchip-headers-6.1.0-1025/drivers/net/wireless/rtl88x2bu
12K	/usr/src/linux-rockchip-headers-6.1.0-1025/drivers/net/wireless/zydas/zd1211rw
24K	/usr/src/linux-rockchip-headers-6.1.0-1025/drivers/net/wireless/zydas
12K	/usr/src/linux-rockchip-headers-6.1.0-1025/drivers/net/wireless/silabs/wfx
24K	/usr/src/linux-rockchip-headers-6.1.0-1025/drivers/net/wireless/silabs
1.9M	/usr/src/linux-rockchip-headers-6.1.0-1025/drivers/net/wireless
8.0K	/usr/src/linux-rockchip-headers-6.1.0-1025/drivers/net/xen-netback
8.0K	/usr/src/linux-rockchip-headers-6.1.0-1025/drivers/net/vmxnet3
8.0K	/usr/src/linux-rockchip-headers-6.1.0-1025/drivers/net/phy/mscc
28K	/usr/src/linux-rockchip-headers-6.1.0-1025/drivers/net/phy
32K	/usr/src/linux-rockchip-headers-6.1.0-1025/drivers/net/usb
8.0K	/usr/src/linux-rockchip-headers-6.1.0-1025/drivers/net/ipvlan
12K	/usr/src/linux-rockchip-headers-6.1.0-1025/drivers/net/hippi
16K	/usr/src/linux-rockchip-headers-6.1.0-1025/drivers/net/hamradio
12K	/usr/src/linux-rockchip-headers-6.1.0-1025/drivers/net/team
4.6M	/usr/src/linux-rockchip-headers-6.1.0-1025/drivers/net
12K	/usr/src/linux-rockchip-headers-6.1.0-1025/drivers/thermal/st
12K	/usr/src/linux-rockchip-headers-6.1.0-1025/drivers/thermal/qcom
12K	/usr/src/linux-rockchip-headers-6.1.0-1025/drivers/thermal/intel/int340x_thermal
28K	/usr/src/linux-rockchip-headers-6.1.0-1025/drivers/thermal/intel
12K	/usr/src/linux-rockchip-headers-6.1.0-1025/drivers/thermal/tegra
12K	/usr/src/linux-rockchip-headers-6.1.0-1025/drivers/thermal/ti-soc-thermal
12K	/usr/src/linux-rockchip-headers-6.1.0-1025/drivers/thermal/samsung
12K	/usr/src/linux-rockchip-headers-6.1.0-1025/drivers/thermal/broadcom
128K	/usr/src/linux-rockchip-headers-6.1.0-1025/drivers/thermal
16K	/usr/src/linux-rockchip-headers-6.1.0-1025/drivers/pcmcia
12K	/usr/src/linux-rockchip-headers-6.1.0-1025/drivers/mux
12K	/usr/src/linux-rockchip-headers-6.1.0-1025/drivers/nvme/common
12K	/usr/src/linux-rockchip-headers-6.1.0-1025/drivers/nvme/host
12K	/usr/src/linux-rockchip-headers-6.1.0-1025/drivers/nvme/target
48K	/usr/src/linux-rockchip-headers-6.1.0-1025/drivers/nvme
12K	/usr/src/linux-rockchip-headers-6.1.0-1025/drivers/hv
12K	/usr/src/linux-rockchip-headers-6.1.0-1025/drivers/char/pcmcia
8.0K	/usr/src/linux-rockchip-headers-6.1.0-1025/drivers/char/xilinx_hwicap
8.0K	/usr/src/linux-rockchip-headers-6.1.0-1025/drivers/char/mwave
28K	/usr/src/linux-rockchip-headers-6.1.0-1025/drivers/char/hw_random
16K	/usr/src/linux-rockchip-headers-6.1.0-1025/drivers/char/agp
12K	/usr/src/linux-rockchip-headers-6.1.0-1025/drivers/char/tpm/st33zp24
28K	/usr/src/linux-rockchip-headers-6.1.0-1025/drivers/char/tpm
12K	/usr/src/linux-rockchip-headers-6.1.0-1025/drivers/char/xillybus
16K	/usr/src/linux-rockchip-headers-6.1.0-1025/drivers/char/ipmi
156K	/usr/src/linux-rockchip-headers-6.1.0-1025/drivers/char
20K	/usr/src/linux-rockchip-headers-6.1.0-1025/drivers/power/reset
44K	/usr/src/linux-rockchip-headers-6.1.0-1025/drivers/power/supply
76K	/usr/src/linux-rockchip-headers-6.1.0-1025/drivers/power
16K	/usr/src/linux-rockchip-headers-6.1.0-1025/drivers/ptp
12K	/usr/src/linux-rockchip-headers-6.1.0-1025/drivers/tee/amdtee
12K	/usr/src/linux-rockchip-headers-6.1.0-1025/drivers/tee/optee
36K	/usr/src/linux-rockchip-headers-6.1.0-1025/drivers/tee
16K	/usr/src/linux-rockchip-headers-6.1.0-1025/drivers/pci/hotplug
12K	/usr/src/linux-rockchip-headers-6.1.0-1025/drivers/pci/controller/cadence
12K	/usr/src/linux-rockchip-headers-6.1.0-1025/drivers/pci/controller/mobiveil
24K	/usr/src/linux-rockchip-headers-6.1.0-1025/drivers/pci/controller/dwc
68K	/usr/src/linux-rockchip-headers-6.1.0-1025/drivers/pci/controller
8.0K	/usr/src/linux-rockchip-headers-6.1.0-1025/drivers/pci/msi
12K	/usr/src/linux-rockchip-headers-6.1.0-1025/drivers/pci/endpoint/functions
24K	/usr/src/linux-rockchip-headers-6.1.0-1025/drivers/pci/endpoint
16K	/usr/src/linux-rockchip-headers-6.1.0-1025/drivers/pci/pcie
12K	/usr/src/linux-rockchip-headers-6.1.0-1025/drivers/pci/switch
160K	/usr/src/linux-rockchip-headers-6.1.0-1025/drivers/pci
12K	/usr/src/linux-rockchip-headers-6.1.0-1025/drivers/vlynq
12K	/usr/src/linux-rockchip-headers-6.1.0-1025/drivers/gnss
16K	/usr/src/linux-rockchip-headers-6.1.0-1025/drivers/interconnect/qcom
12K	/usr/src/linux-rockchip-headers-6.1.0-1025/drivers/interconnect/imx
12K	/usr/src/linux-rockchip-headers-6.1.0-1025/drivers/interconnect/samsung
52K	/usr/src/linux-rockchip-headers-6.1.0-1025/drivers/interconnect
12K	/usr/src/linux-rockchip-headers-6.1.0-1025/drivers/peci/controller
24K	/usr/src/linux-rockchip-headers-6.1.0-1025/drivers/peci
12K	/usr/src/linux-rockchip-headers-6.1.0-1025/drivers/vfio/fsl-mc
12K	/usr/src/linux-rockchip-headers-6.1.0-1025/drivers/vfio/pci/hisilicon
12K	/usr/src/linux-rockchip-headers-6.1.0-1025/drivers/vfio/pci/mlx5
36K	/usr/src/linux-rockchip-headers-6.1.0-1025/drivers/vfio/pci
12K	/usr/src/linux-rockchip-headers-6.1.0-1025/drivers/vfio/platform/reset
24K	/usr/src/linux-rockchip-headers-6.1.0-1025/drivers/vfio/platform
12K	/usr/src/linux-rockchip-headers-6.1.0-1025/drivers/vfio/mdev
96K	/usr/src/linux-rockchip-headers-6.1.0-1025/drivers/vfio
12K	/usr/src/linux-rockchip-headers-6.1.0-1025/drivers/platform/olpc
12K	/usr/src/linux-rockchip-headers-6.1.0-1025/drivers/platform/mips
12K	/usr/src/linux-rockchip-headers-6.1.0-1025/drivers/platform/loongarch
12K	/usr/src/linux-rockchip-headers-6.1.0-1025/drivers/platform/chrome/wilco_ec
32K	/usr/src/linux-rockchip-headers-6.1.0-1025/drivers/platform/chrome
12K	/usr/src/linux-rockchip-headers-6.1.0-1025/drivers/platform/mellanox
12K	/usr/src/linux-rockchip-headers-6.1.0-1025/drivers/platform/goldfish
12K	/usr/src/linux-rockchip-headers-6.1.0-1025/drivers/platform/surface/aggregator
32K	/usr/src/linux-rockchip-headers-6.1.0-1025/drivers/platform/surface
12K	/usr/src/linux-rockchip-headers-6.1.0-1025/drivers/platform/x86/amd/pmf
24K	/usr/src/linux-rockchip-headers-6.1.0-1025/drivers/platform/x86/amd
12K	/usr/src/linux-rockchip-headers-6.1.0-1025/drivers/platform/x86/intel/int3472
12K	/usr/src/linux-rockchip-headers-6.1.0-1025/drivers/platform/x86/intel/wmi
12K	/usr/src/linux-rockchip-headers-6.1.0-1025/drivers/platform/x86/intel/int1092
12K	/usr/src/linux-rockchip-headers-6.1.0-1025/drivers/platform/x86/intel/pmc
12K	/usr/src/linux-rockchip-headers-6.1.0-1025/drivers/platform/x86/intel/uncore-frequency
12K	/usr/src/linux-rockchip-headers-6.1.0-1025/drivers/platform/x86/intel/ifs
12K	/usr/src/linux-rockchip-headers-6.1.0-1025/drivers/platform/x86/intel/pmt
12K	/usr/src/linux-rockchip-headers-6.1.0-1025/drivers/platform/x86/intel/speed_select_if
12K	/usr/src/linux-rockchip-headers-6.1.0-1025/drivers/platform/x86/intel/telemetry
12K	/usr/src/linux-rockchip-headers-6.1.0-1025/drivers/platform/x86/intel/atomisp2
136K	/usr/src/linux-rockchip-headers-6.1.0-1025/drivers/platform/x86/intel
12K	/usr/src/linux-rockchip-headers-6.1.0-1025/drivers/platform/x86/hp
8.0K	/usr/src/linux-rockchip-headers-6.1.0-1025/drivers/platform/x86/dell/dell-wmi-sysman
24K	/usr/src/linux-rockchip-headers-6.1.0-1025/drivers/platform/x86/dell
240K	/usr/src/linux-rockchip-headers-6.1.0-1025/drivers/platform/x86
376K	/usr/src/linux-rockchip-headers-6.1.0-1025/drivers/platform
8.0K	/usr/src/linux-rockchip-headers-6.1.0-1025/drivers/clk/davinci
12K	/usr/src/linux-rockchip-headers-6.1.0-1025/drivers/clk/microchip
12K	/usr/src/linux-rockchip-headers-6.1.0-1025/drivers/clk/baikal-t1
12K	/usr/src/linux-rockchip-headers-6.1.0-1025/drivers/clk/versatile
8.0K	/usr/src/linux-rockchip-headers-6.1.0-1025/drivers/clk/st
12K	/usr/src/linux-rockchip-headers-6.1.0-1025/drivers/clk/sifive
8.0K	/usr/src/linux-rockchip-headers-6.1.0-1025/drivers/clk/axis
12K	/usr/src/linux-rockchip-headers-6.1.0-1025/drivers/clk/imgtec
12K	/usr/src/linux-rockchip-headers-6.1.0-1025/drivers/clk/sunxi
12K	/usr/src/linux-rockchip-headers-6.1.0-1025/drivers/clk/analogbits
40K	/usr/src/linux-rockchip-headers-6.1.0-1025/drivers/clk/qcom
12K	/usr/src/linux-rockchip-headers-6.1.0-1025/drivers/clk/hisilicon
12K	/usr/src/linux-rockchip-headers-6.1.0-1025/drivers/clk/meson
12K	/usr/src/linux-rockchip-headers-6.1.0-1025/drivers/clk/imx
8.0K	/usr/src/linux-rockchip-headers-6.1.0-1025/drivers/clk/nxp
12K	/usr/src/linux-rockchip-headers-6.1.0-1025/drivers/clk/uniphier
12K	/usr/src/linux-rockchip-headers-6.1.0-1025/drivers/clk/ralink
12K	/usr/src/linux-rockchip-headers-6.1.0-1025/drivers/clk/keystone
12K	/usr/src/linux-rockchip-headers-6.1.0-1025/drivers/clk/ingenic
12K	/usr/src/linux-rockchip-headers-6.1.0-1025/drivers/clk/xilinx
12K	/usr/src/linux-rockchip-headers-6.1.0-1025/drivers/clk/ti
12K	/usr/src/linux-rockchip-headers-6.1.0-1025/drivers/clk/sunxi-ng
8.0K	/usr/src/linux-rockchip-headers-6.1.0-1025/drivers/clk/loongson1
12K	/usr/src/linux-rockchip-headers-6.1.0-1025/drivers/clk/bcm
36K	/usr/src/linux-rockchip-headers-6.1.0-1025/drivers/clk/mediatek
8.0K	/usr/src/linux-rockchip-headers-6.1.0-1025/drivers/clk/ux500
12K	/usr/src/linux-rockchip-headers-6.1.0-1025/drivers/clk/pistachio
8.0K	/usr/src/linux-rockchip-headers-6.1.0-1025/drivers/clk/at91
12K	/usr/src/linux-rockchip-headers-6.1.0-1025/drivers/clk/zynqmp
8.0K	/usr/src/linux-rockchip-headers-6.1.0-1025/drivers/clk/mxs
12K	/usr/src/linux-rockchip-headers-6.1.0-1025/drivers/clk/actions
8.0K	/usr/src/linux-rockchip-headers-6.1.0-1025/drivers/clk/berlin
12K	/usr/src/linux-rockchip-headers-6.1.0-1025/drivers/clk/rockchip/regmap
28K	/usr/src/linux-rockchip-headers-6.1.0-1025/drivers/clk/rockchip
12K	/usr/src/linux-rockchip-headers-6.1.0-1025/drivers/clk/socfpga
12K	/usr/src/linux-rockchip-headers-6.1.0-1025/drivers/clk/sprd
8.0K	/usr/src/linux-rockchip-headers-6.1.0-1025/drivers/clk/zynq
12K	/usr/src/linux-rockchip-headers-6.1.0-1025/drivers/clk/visconti
8.0K	/usr/src/linux-rockchip-headers-6.1.0-1025/drivers/clk/stm32
8.0K	/usr/src/linux-rockchip-headers-6.1.0-1025/drivers/clk/spear
8.0K	/usr/src/linux-rockchip-headers-6.1.0-1025/drivers/clk/pxa
12K	/usr/src/linux-rockchip-headers-6.1.0-1025/drivers/clk/tegra
12K	/usr/src/linux-rockchip-headers-6.1.0-1025/drivers/clk/mvebu
16K	/usr/src/linux-rockchip-headers-6.1.0-1025/drivers/clk/renesas
12K	/usr/src/linux-rockchip-headers-6.1.0-1025/drivers/clk/starfive
16K	/usr/src/linux-rockchip-headers-6.1.0-1025/drivers/clk/samsung
8.0K	/usr/src/linux-rockchip-headers-6.1.0-1025/drivers/clk/axs10x
12K	/usr/src/linux-rockchip-headers-6.1.0-1025/drivers/clk/mstar
12K	/usr/src/linux-rockchip-headers-6.1.0-1025/drivers/clk/x86
8.0K	/usr/src/linux-rockchip-headers-6.1.0-1025/drivers/clk/mmp
632K	/usr/src/linux-rockchip-headers-6.1.0-1025/drivers/clk
12K	/usr/src/linux-rockchip-headers-6.1.0-1025/drivers/crypto/nx
16K	/usr/src/linux-rockchip-headers-6.1.0-1025/drivers/crypto/caam
12K	/usr/src/linux-rockchip-headers-6.1.0-1025/drivers/crypto/amlogic
8.0K	/usr/src/linux-rockchip-headers-6.1.0-1025/drivers/crypto/amcc
8.0K	/usr/src/linux-rockchip-headers-6.1.0-1025/drivers/crypto/axis
8.0K	/usr/src/linux-rockchip-headers-6.1.0-1025/drivers/crypto/hisilicon/trng
8.0K	/usr/src/linux-rockchip-headers-6.1.0-1025/drivers/crypto/hisilicon/hpre
8.0K	/usr/src/linux-rockchip-headers-6.1.0-1025/drivers/crypto/hisilicon/sec2
8.0K	/usr/src/linux-rockchip-headers-6.1.0-1025/drivers/crypto/hisilicon/zip
8.0K	/usr/src/linux-rockchip-headers-6.1.0-1025/drivers/crypto/hisilicon/sec
52K	/usr/src/linux-rockchip-headers-6.1.0-1025/drivers/crypto/hisilicon
12K	/usr/src/linux-rockchip-headers-6.1.0-1025/drivers/crypto/ccp
8.0K	/usr/src/linux-rockchip-headers-6.1.0-1025/drivers/crypto/xilinx
8.0K	/usr/src/linux-rockchip-headers-6.1.0-1025/drivers/crypto/qat/qat_4xxx
8.0K	/usr/src/linux-rockchip-headers-6.1.0-1025/drivers/crypto/qat/qat_c62xvf
8.0K	/usr/src/linux-rockchip-headers-6.1.0-1025/drivers/crypto/qat/qat_dh895xccvf
8.0K	/usr/src/linux-rockchip-headers-6.1.0-1025/drivers/crypto/qat/qat_c3xxx
8.0K	/usr/src/linux-rockchip-headers-6.1.0-1025/drivers/crypto/qat/qat_c62x
8.0K	/usr/src/linux-rockchip-headers-6.1.0-1025/drivers/crypto/qat/qat_common
8.0K	/usr/src/linux-rockchip-headers-6.1.0-1025/drivers/crypto/qat/qat_c3xxxvf
8.0K	/usr/src/linux-rockchip-headers-6.1.0-1025/drivers/crypto/qat/qat_dh895xcc
76K	/usr/src/linux-rockchip-headers-6.1.0-1025/drivers/crypto/qat
12K	/usr/src/linux-rockchip-headers-6.1.0-1025/drivers/crypto/chelsio
8.0K	/usr/src/linux-rockchip-headers-6.1.0-1025/drivers/crypto/ccree
8.0K	/usr/src/linux-rockchip-headers-6.1.0-1025/drivers/crypto/bcm
8.0K	/usr/src/linux-rockchip-headers-6.1.0-1025/drivers/crypto/ux500/cryp
8.0K	/usr/src/linux-rockchip-headers-6.1.0-1025/drivers/crypto/ux500/hash
28K	/usr/src/linux-rockchip-headers-6.1.0-1025/drivers/crypto/ux500
8.0K	/usr/src/linux-rockchip-headers-6.1.0-1025/drivers/crypto/marvell/octeontx
8.0K	/usr/src/linux-rockchip-headers-6.1.0-1025/drivers/crypto/marvell/octeontx2
8.0K	/usr/src/linux-rockchip-headers-6.1.0-1025/drivers/crypto/marvell/cesa
36K	/usr/src/linux-rockchip-headers-6.1.0-1025/drivers/crypto/marvell
12K	/usr/src/linux-rockchip-headers-6.1.0-1025/drivers/crypto/cavium/nitrox
12K	/usr/src/linux-rockchip-headers-6.1.0-1025/drivers/crypto/cavium/cpt
8.0K	/usr/src/linux-rockchip-headers-6.1.0-1025/drivers/crypto/cavium/zip
40K	/usr/src/linux-rockchip-headers-6.1.0-1025/drivers/crypto/cavium
8.0K	/usr/src/linux-rockchip-headers-6.1.0-1025/drivers/crypto/rockchip/cryptodev_linux
20K	/usr/src/linux-rockchip-headers-6.1.0-1025/drivers/crypto/rockchip
8.0K	/usr/src/linux-rockchip-headers-6.1.0-1025/drivers/crypto/gemini
12K	/usr/src/linux-rockchip-headers-6.1.0-1025/drivers/crypto/aspeed
12K	/usr/src/linux-rockchip-headers-6.1.0-1025/drivers/crypto/stm32
12K	/usr/src/linux-rockchip-headers-6.1.0-1025/drivers/crypto/keembay
8.0K	/usr/src/linux-rockchip-headers-6.1.0-1025/drivers/crypto/allwinner/sun8i-ss
8.0K	/usr/src/linux-rockchip-headers-6.1.0-1025/drivers/crypto/allwinner/sun8i-ce
8.0K	/usr/src/linux-rockchip-headers-6.1.0-1025/drivers/crypto/allwinner/sun4i-ss
40K	/usr/src/linux-rockchip-headers-6.1.0-1025/drivers/crypto/allwinner
124K	/usr/src/linux-rockchip-headers-6.1.0-1025/drivers/crypto/vmx
8.0K	/usr/src/linux-rockchip-headers-6.1.0-1025/drivers/crypto/qce
12K	/usr/src/linux-rockchip-headers-6.1.0-1025/drivers/crypto/virtio
8.0K	/usr/src/linux-rockchip-headers-6.1.0-1025/drivers/crypto/inside-secure
628K	/usr/src/linux-rockchip-headers-6.1.0-1025/drivers/crypto
20K	/usr/src/linux-rockchip-headers-6.1.0-1025/drivers/atm
12K	/usr/src/linux-rockchip-headers-6.1.0-1025/drivers/thunderbolt
12K	/usr/src/linux-rockchip-headers-6.1.0-1025/drivers/infiniband/ulp/ipoib
12K	/usr/src/linux-rockchip-headers-6.1.0-1025/drivers/infiniband/ulp/isert
12K	/usr/src/linux-rockchip-headers-6.1.0-1025/drivers/infiniband/ulp/srp
12K	/usr/src/linux-rockchip-headers-6.1.0-1025/drivers/infiniband/ulp/opa_vnic
12K	/usr/src/linux-rockchip-headers-6.1.0-1025/drivers/infiniband/ulp/iser
12K	/usr/src/linux-rockchip-headers-6.1.0-1025/drivers/infiniband/ulp/rtrs
12K	/usr/src/linux-rockchip-headers-6.1.0-1025/drivers/infiniband/ulp/srpt
92K	/usr/src/linux-rockchip-headers-6.1.0-1025/drivers/infiniband/ulp
12K	/usr/src/linux-rockchip-headers-6.1.0-1025/drivers/infiniband/sw/rdmavt
12K	/usr/src/linux-rockchip-headers-6.1.0-1025/drivers/infiniband/sw/rxe
12K	/usr/src/linux-rockchip-headers-6.1.0-1025/drivers/infiniband/sw/siw
44K	/usr/src/linux-rockchip-headers-6.1.0-1025/drivers/infiniband/sw
8.0K	/usr/src/linux-rockchip-headers-6.1.0-1025/drivers/infiniband/core
12K	/usr/src/linux-rockchip-headers-6.1.0-1025/drivers/infiniband/hw/bnxt_re
12K	/usr/src/linux-rockchip-headers-6.1.0-1025/drivers/infiniband/hw/ocrdma
12K	/usr/src/linux-rockchip-headers-6.1.0-1025/drivers/infiniband/hw/usnic
12K	/usr/src/linux-rockchip-headers-6.1.0-1025/drivers/infiniband/hw/irdma
12K	/usr/src/linux-rockchip-headers-6.1.0-1025/drivers/infiniband/hw/hfi1
12K	/usr/src/linux-rockchip-headers-6.1.0-1025/drivers/infiniband/hw/mlx5
12K	/usr/src/linux-rockchip-headers-6.1.0-1025/drivers/infiniband/hw/efa
12K	/usr/src/linux-rockchip-headers-6.1.0-1025/drivers/infiniband/hw/mthca
12K	/usr/src/linux-rockchip-headers-6.1.0-1025/drivers/infiniband/hw/cxgb4
12K	/usr/src/linux-rockchip-headers-6.1.0-1025/drivers/infiniband/hw/erdma
12K	/usr/src/linux-rockchip-headers-6.1.0-1025/drivers/infiniband/hw/mlx4
12K	/usr/src/linux-rockchip-headers-6.1.0-1025/drivers/infiniband/hw/qib
12K	/usr/src/linux-rockchip-headers-6.1.0-1025/drivers/infiniband/hw/qedr
12K	/usr/src/linux-rockchip-headers-6.1.0-1025/drivers/infiniband/hw/hns
12K	/usr/src/linux-rockchip-headers-6.1.0-1025/drivers/infiniband/hw/vmw_pvrdma
188K	/usr/src/linux-rockchip-headers-6.1.0-1025/drivers/infiniband/hw
344K	/usr/src/linux-rockchip-headers-6.1.0-1025/drivers/infiniband
12K	/usr/src/linux-rockchip-headers-6.1.0-1025/drivers/soundwire
12K	/usr/src/linux-rockchip-headers-6.1.0-1025/drivers/iio/dummy
12K	/usr/src/linux-rockchip-headers-6.1.0-1025/drivers/iio/common/st_sensors
12K	/usr/src/linux-rockchip-headers-6.1.0-1025/drivers/iio/common/ms_sensors
12K	/usr/src/linux-rockchip-headers-6.1.0-1025/drivers/iio/common/ssp_sensors
12K	/usr/src/linux-rockchip-headers-6.1.0-1025/drivers/iio/common/hid-sensors
12K	/usr/src/linux-rockchip-headers-6.1.0-1025/drivers/iio/common/scmi_sensors
12K	/usr/src/linux-rockchip-headers-6.1.0-1025/drivers/iio/common/cros_ec_sensors
84K	/usr/src/linux-rockchip-headers-6.1.0-1025/drivers/iio/common
12K	/usr/src/linux-rockchip-headers-6.1.0-1025/drivers/iio/frequency
12K	/usr/src/linux-rockchip-headers-6.1.0-1025/drivers/iio/potentiostat
12K	/usr/src/linux-rockchip-headers-6.1.0-1025/drivers/iio/afe
16K	/usr/src/linux-rockchip-headers-6.1.0-1025/drivers/iio/proximity
12K	/usr/src/linux-rockchip-headers-6.1.0-1025/drivers/iio/resolver
12K	/usr/src/linux-rockchip-headers-6.1.0-1025/drivers/iio/trigger
56K	/usr/src/linux-rockchip-headers-6.1.0-1025/drivers/iio/adc
12K	/usr/src/linux-rockchip-headers-6.1.0-1025/drivers/iio/orientation
12K	/usr/src/linux-rockchip-headers-6.1.0-1025/drivers/iio/health
12K	/usr/src/linux-rockchip-headers-6.1.0-1025/drivers/iio/potentiometer
12K	/usr/src/linux-rockchip-headers-6.1.0-1025/drivers/iio/filter
24K	/usr/src/linux-rockchip-headers-6.1.0-1025/drivers/iio/dac
16K	/usr/src/linux-rockchip-headers-6.1.0-1025/drivers/iio/gyro
28K	/usr/src/linux-rockchip-headers-6.1.0-1025/drivers/iio/light
12K	/usr/src/linux-rockchip-headers-6.1.0-1025/drivers/iio/cdc
16K	/usr/src/linux-rockchip-headers-6.1.0-1025/drivers/iio/chemical
12K	/usr/src/linux-rockchip-headers-6.1.0-1025/drivers/iio/position
16K	/usr/src/linux-rockchip-headers-6.1.0-1025/drivers/iio/temperature
16K	/usr/src/linux-rockchip-headers-6.1.0-1025/drivers/iio/pressure
12K	/usr/src/linux-rockchip-headers-6.1.0-1025/drivers/iio/addac
16K	/usr/src/linux-rockchip-headers-6.1.0-1025/drivers/iio/magnetometer
12K	/usr/src/linux-rockchip-headers-6.1.0-1025/drivers/iio/buffer
12K	/usr/src/linux-rockchip-headers-6.1.0-1025/drivers/iio/test
12K	/usr/src/linux-rockchip-headers-6.1.0-1025/drivers/iio/imu/st_lsm9ds0
12K	/usr/src/linux-rockchip-headers-6.1.0-1025/drivers/iio/imu/inv_icm42600
12K	/usr/src/linux-rockchip-headers-6.1.0-1025/drivers/iio/imu/st_lsm6dsr
12K	/usr/src/linux-rockchip-headers-6.1.0-1025/drivers/iio/imu/inv_mpu6050
12K	/usr/src/linux-rockchip-headers-6.1.0-1025/drivers/iio/imu/st_lsm6dsx
12K	/usr/src/linux-rockchip-headers-6.1.0-1025/drivers/iio/imu/bmi160
12K	/usr/src/linux-rockchip-headers-6.1.0-1025/drivers/iio/imu/bno055
96K	/usr/src/linux-rockchip-headers-6.1.0-1025/drivers/iio/imu
12K	/usr/src/linux-rockchip-headers-6.1.0-1025/drivers/iio/amplifiers
12K	/usr/src/linux-rockchip-headers-6.1.0-1025/drivers/iio/humidity
12K	/usr/src/linux-rockchip-headers-6.1.0-1025/drivers/iio/multiplexer
28K	/usr/src/linux-rockchip-headers-6.1.0-1025/drivers/iio/accel
640K	/usr/src/linux-rockchip-headers-6.1.0-1025/drivers/iio
8.0K	/usr/src/linux-rockchip-headers-6.1.0-1025/drivers/cpuidle/governors
36K	/usr/src/linux-rockchip-headers-6.1.0-1025/drivers/cpuidle
12K	/usr/src/linux-rockchip-headers-6.1.0-1025/drivers/ssb
8.0K	/usr/src/linux-rockchip-headers-6.1.0-1025/drivers/cxl/core
20K	/usr/src/linux-rockchip-headers-6.1.0-1025/drivers/cxl
12K	/usr/src/linux-rockchip-headers-6.1.0-1025/drivers/message/fusion
20K	/usr/src/linux-rockchip-headers-6.1.0-1025/drivers/message
12K	/usr/src/linux-rockchip-headers-6.1.0-1025/drivers/rpmsg
12K	/usr/src/linux-rockchip-headers-6.1.0-1025/drivers/memory/rockchip
12K	/usr/src/linux-rockchip-headers-6.1.0-1025/drivers/memory/tegra
12K	/usr/src/linux-rockchip-headers-6.1.0-1025/drivers/memory/samsung
56K	/usr/src/linux-rockchip-headers-6.1.0-1025/drivers/memory
12K	/usr/src/linux-rockchip-headers-6.1.0-1025/drivers/powercap
12K	/usr/src/linux-rockchip-headers-6.1.0-1025/drivers/vhost
12K	/usr/src/linux-rockchip-headers-6.1.0-1025/drivers/scsi/hisi_sas
12K	/usr/src/linux-rockchip-headers-6.1.0-1025/drivers/scsi/bnx2fc
12K	/usr/src/linux-rockchip-headers-6.1.0-1025/drivers/scsi/csiostor
12K	/usr/src/linux-rockchip-headers-6.1.0-1025/drivers/scsi/pcmcia
8.0K	/usr/src/linux-rockchip-headers-6.1.0-1025/drivers/scsi/lpfc
12K	/usr/src/linux-rockchip-headers-6.1.0-1025/drivers/scsi/megaraid
12K	/usr/src/linux-rockchip-headers-6.1.0-1025/drivers/scsi/qla4xxx
8.0K	/usr/src/linux-rockchip-headers-6.1.0-1025/drivers/scsi/isci
8.0K	/usr/src/linux-rockchip-headers-6.1.0-1025/drivers/scsi/pm8001
12K	/usr/src/linux-rockchip-headers-6.1.0-1025/drivers/scsi/mpi3mr
8.0K	/usr/src/linux-rockchip-headers-6.1.0-1025/drivers/scsi/ibmvscsi_tgt
12K	/usr/src/linux-rockchip-headers-6.1.0-1025/drivers/scsi/smartpqi
8.0K	/usr/src/linux-rockchip-headers-6.1.0-1025/drivers/scsi/arcmsr
8.0K	/usr/src/linux-rockchip-headers-6.1.0-1025/drivers/scsi/bfa
12K	/usr/src/linux-rockchip-headers-6.1.0-1025/drivers/scsi/cxlflash
8.0K	/usr/src/linux-rockchip-headers-6.1.0-1025/drivers/scsi/fnic
12K	/usr/src/linux-rockchip-headers-6.1.0-1025/drivers/scsi/mvsas
8.0K	/usr/src/linux-rockchip-headers-6.1.0-1025/drivers/scsi/aic7xxx/aicasm
24K	/usr/src/linux-rockchip-headers-6.1.0-1025/drivers/scsi/aic7xxx
12K	/usr/src/linux-rockchip-headers-6.1.0-1025/drivers/scsi/aic94xx
12K	/usr/src/linux-rockchip-headers-6.1.0-1025/drivers/scsi/esas2r
12K	/usr/src/linux-rockchip-headers-6.1.0-1025/drivers/scsi/arm
12K	/usr/src/linux-rockchip-headers-6.1.0-1025/drivers/scsi/qedi
12K	/usr/src/linux-rockchip-headers-6.1.0-1025/drivers/scsi/qedf
12K	/usr/src/linux-rockchip-headers-6.1.0-1025/drivers/scsi/qla2xxx
8.0K	/usr/src/linux-rockchip-headers-6.1.0-1025/drivers/scsi/snic
12K	/usr/src/linux-rockchip-headers-6.1.0-1025/drivers/scsi/elx
12K	/usr/src/linux-rockchip-headers-6.1.0-1025/drivers/scsi/be2iscsi
12K	/usr/src/linux-rockchip-headers-6.1.0-1025/drivers/scsi/libsas
12K	/usr/src/linux-rockchip-headers-6.1.0-1025/drivers/scsi/bnx2i
12K	/usr/src/linux-rockchip-headers-6.1.0-1025/drivers/scsi/cxgbi/cxgb3i
12K	/usr/src/linux-rockchip-headers-6.1.0-1025/drivers/scsi/cxgbi/cxgb4i
36K	/usr/src/linux-rockchip-headers-6.1.0-1025/drivers/scsi/cxgbi
8.0K	/usr/src/linux-rockchip-headers-6.1.0-1025/drivers/scsi/libfc
8.0K	/usr/src/linux-rockchip-headers-6.1.0-1025/drivers/scsi/ibmvscsi
12K	/usr/src/linux-rockchip-headers-6.1.0-1025/drivers/scsi/mpt3sas
8.0K	/usr/src/linux-rockchip-headers-6.1.0-1025/drivers/scsi/fcoe
12K	/usr/src/linux-rockchip-headers-6.1.0-1025/drivers/scsi/device_handler
8.0K	/usr/src/linux-rockchip-headers-6.1.0-1025/drivers/scsi/sym53c8xx_2
8.0K	/usr/src/linux-rockchip-headers-6.1.0-1025/drivers/scsi/aacraid
520K	/usr/src/linux-rockchip-headers-6.1.0-1025/drivers/scsi
20K	/usr/src/linux-rockchip-headers-6.1.0-1025/drivers/mtd/chips
12K	/usr/src/linux-rockchip-headers-6.1.0-1025/drivers/mtd/rknand
16K	/usr/src/linux-rockchip-headers-6.1.0-1025/drivers/mtd/devices
12K	/usr/src/linux-rockchip-headers-6.1.0-1025/drivers/mtd/lpddr
12K	/usr/src/linux-rockchip-headers-6.1.0-1025/drivers/mtd/hyperbus
12K	/usr/src/linux-rockchip-headers-6.1.0-1025/drivers/mtd/nand/spi
12K	/usr/src/linux-rockchip-headers-6.1.0-1025/drivers/mtd/nand/onenand
12K	/usr/src/linux-rockchip-headers-6.1.0-1025/drivers/mtd/nand/raw/brcmnand
12K	/usr/src/linux-rockchip-headers-6.1.0-1025/drivers/mtd/nand/raw/ingenic
8.0K	/usr/src/linux-rockchip-headers-6.1.0-1025/drivers/mtd/nand/raw/bcm47xxnflash
8.0K	/usr/src/linux-rockchip-headers-6.1.0-1025/drivers/mtd/nand/raw/atmel
8.0K	/usr/src/linux-rockchip-headers-6.1.0-1025/drivers/mtd/nand/raw/gpmi-nand
76K	/usr/src/linux-rockchip-headers-6.1.0-1025/drivers/mtd/nand/raw
112K	/usr/src/linux-rockchip-headers-6.1.0-1025/drivers/mtd/nand
24K	/usr/src/linux-rockchip-headers-6.1.0-1025/drivers/mtd/maps
8.0K	/usr/src/linux-rockchip-headers-6.1.0-1025/drivers/mtd/tests
16K	/usr/src/linux-rockchip-headers-6.1.0-1025/drivers/mtd/parsers
12K	/usr/src/linux-rockchip-headers-6.1.0-1025/drivers/mtd/spi-nor/controllers
24K	/usr/src/linux-rockchip-headers-6.1.0-1025/drivers/mtd/spi-nor
16K	/usr/src/linux-rockchip-headers-6.1.0-1025/drivers/mtd/ubi
288K	/usr/src/linux-rockchip-headers-6.1.0-1025/drivers/mtd
20K	/usr/src/linux-rockchip-headers-6.1.0-1025/drivers/remoteproc
16K	/usr/src/linux-rockchip-headers-6.1.0-1025/drivers/ufs/host
12K	/usr/src/linux-rockchip-headers-6.1.0-1025/drivers/ufs/core
40K	/usr/src/linux-rockchip-headers-6.1.0-1025/drivers/ufs
12K	/usr/src/linux-rockchip-headers-6.1.0-1025/drivers/devfreq/event
28K	/usr/src/linux-rockchip-headers-6.1.0-1025/drivers/devfreq
12K	/usr/src/linux-rockchip-headers-6.1.0-1025/drivers/rknpu
12K	/usr/src/linux-rockchip-headers-6.1.0-1025/drivers/ntb/hw/amd
12K	/usr/src/linux-rockchip-headers-6.1.0-1025/drivers/ntb/hw/mscc
12K	/usr/src/linux-rockchip-headers-6.1.0-1025/drivers/ntb/hw/intel
12K	/usr/src/linux-rockchip-headers-6.1.0-1025/drivers/ntb/hw/idt
12K	/usr/src/linux-rockchip-headers-6.1.0-1025/drivers/ntb/hw/epf
72K	/usr/src/linux-rockchip-headers-6.1.0-1025/drivers/ntb/hw
12K	/usr/src/linux-rockchip-headers-6.1.0-1025/drivers/ntb/test
96K	/usr/src/linux-rockchip-headers-6.1.0-1025/drivers/ntb
12K	/usr/src/linux-rockchip-headers-6.1.0-1025/drivers/greybus
52K	/usr/src/linux-rockchip-headers-6.1.0-1025/drivers/spi
12K	/usr/src/linux-rockchip-headers-6.1.0-1025/drivers/s390/net
16K	/usr/src/linux-rockchip-headers-6.1.0-1025/drivers/s390/char
8.0K	/usr/src/linux-rockchip-headers-6.1.0-1025/drivers/s390/crypto
8.0K	/usr/src/linux-rockchip-headers-6.1.0-1025/drivers/s390/scsi
8.0K	/usr/src/linux-rockchip-headers-6.1.0-1025/drivers/s390/cio
12K	/usr/src/linux-rockchip-headers-6.1.0-1025/drivers/s390/block
8.0K	/usr/src/linux-rockchip-headers-6.1.0-1025/drivers/s390/virtio
80K	/usr/src/linux-rockchip-headers-6.1.0-1025/drivers/s390
12K	/usr/src/linux-rockchip-headers-6.1.0-1025/drivers/acpi/apei
12K	/usr/src/linux-rockchip-headers-6.1.0-1025/drivers/acpi/nfit
12K	/usr/src/linux-rockchip-headers-6.1.0-1025/drivers/acpi/numa
12K	/usr/src/linux-rockchip-headers-6.1.0-1025/drivers/acpi/arm64
12K	/usr/src/linux-rockchip-headers-6.1.0-1025/drivers/acpi/pmic
8.0K	/usr/src/linux-rockchip-headers-6.1.0-1025/drivers/acpi/acpica
12K	/usr/src/linux-rockchip-headers-6.1.0-1025/drivers/acpi/dptf
108K	/usr/src/linux-rockchip-headers-6.1.0-1025/drivers/acpi
32K	/usr/src/linux-rockchip-headers-6.1.0-1025/drivers/irqchip
12K	/usr/src/linux-rockchip-headers-6.1.0-1025/drivers/bus/fsl-mc
12K	/usr/src/linux-rockchip-headers-6.1.0-1025/drivers/bus/mhi/ep
12K	/usr/src/linux-rockchip-headers-6.1.0-1025/drivers/bus/mhi/host
36K	/usr/src/linux-rockchip-headers-6.1.0-1025/drivers/bus/mhi
68K	/usr/src/linux-rockchip-headers-6.1.0-1025/drivers/bus
8.0K	/usr/src/linux-rockchip-headers-6.1.0-1025/drivers/i3c/master/mipi-i3c-hci
20K	/usr/src/linux-rockchip-headers-6.1.0-1025/drivers/i3c/master
32K	/usr/src/linux-rockchip-headers-6.1.0-1025/drivers/i3c
12K	/usr/src/linux-rockchip-headers-6.1.0-1025/drivers/mfd/display-serdes/rohm
12K	/usr/src/linux-rockchip-headers-6.1.0-1025/drivers/mfd/display-serdes/novo
12K	/usr/src/linux-rockchip-headers-6.1.0-1025/drivers/mfd/display-serdes/rockchip
12K	/usr/src/linux-rockchip-headers-6.1.0-1025/drivers/mfd/display-serdes/maxim
60K	/usr/src/linux-rockchip-headers-6.1.0-1025/drivers/mfd/display-serdes
12K	/usr/src/linux-rockchip-headers-6.1.0-1025/drivers/mfd/rkx110_x120
164K	/usr/src/linux-rockchip-headers-6.1.0-1025/drivers/mfd
12K	/usr/src/linux-rockchip-headers-6.1.0-1025/drivers/idle
12K	/usr/src/linux-rockchip-headers-6.1.0-1025/drivers/rk_nand
12K	/usr/src/linux-rockchip-headers-6.1.0-1025/drivers/reset/hisilicon
12K	/usr/src/linux-rockchip-headers-6.1.0-1025/drivers/reset/sti
12K	/usr/src/linux-rockchip-headers-6.1.0-1025/drivers/reset/tegra
56K	/usr/src/linux-rockchip-headers-6.1.0-1025/drivers/reset
16K	/usr/src/linux-rockchip-headers-6.1.0-1025/drivers/w1/slaves
12K	/usr/src/linux-rockchip-headers-6.1.0-1025/drivers/w1/masters
40K	/usr/src/linux-rockchip-headers-6.1.0-1025/drivers/w1
12K	/usr/src/linux-rockchip-headers-6.1.0-1025/drivers/target/iscsi/cxgbit
24K	/usr/src/linux-rockchip-headers-6.1.0-1025/drivers/target/iscsi
12K	/usr/src/linux-rockchip-headers-6.1.0-1025/drivers/target/sbp
12K	/usr/src/linux-rockchip-headers-6.1.0-1025/drivers/target/loopback
12K	/usr/src/linux-rockchip-headers-6.1.0-1025/drivers/target/tcm_fc
72K	/usr/src/linux-rockchip-headers-6.1.0-1025/drivers/target
8.0K	/usr/src/linux-rockchip-headers-6.1.0-1025/drivers/misc/ibmasm
12K	/usr/src/linux-rockchip-headers-6.1.0-1025/drivers/misc/genwqe
16K	/usr/src/linux-rockchip-headers-6.1.0-1025/drivers/misc/eeprom
12K	/usr/src/linux-rockchip-headers-6.1.0-1025/drivers/misc/lis3lv02d
12K	/usr/src/linux-rockchip-headers-6.1.0-1025/drivers/misc/cxl
12K	/usr/src/linux-rockchip-headers-6.1.0-1025/drivers/misc/echo
12K	/usr/src/linux-rockchip-headers-6.1.0-1025/drivers/misc/ti-st
12K	/usr/src/linux-rockchip-headers-6.1.0-1025/drivers/misc/pvpanic
12K	/usr/src/linux-rockchip-headers-6.1.0-1025/drivers/misc/uacce
12K	/usr/src/linux-rockchip-headers-6.1.0-1025/drivers/misc/bcm-vk
12K	/usr/src/linux-rockchip-headers-6.1.0-1025/drivers/misc/c2port
12K	/usr/src/linux-rockchip-headers-6.1.0-1025/drivers/misc/altera-stapl
8.0K	/usr/src/linux-rockchip-headers-6.1.0-1025/drivers/misc/lkdtm
8.0K	/usr/src/linux-rockchip-headers-6.1.0-1025/drivers/misc/habanalabs/common/pci
8.0K	/usr/src/linux-rockchip-headers-6.1.0-1025/drivers/misc/habanalabs/common/mmu
24K	/usr/src/linux-rockchip-headers-6.1.0-1025/drivers/misc/habanalabs/common
8.0K	/usr/src/linux-rockchip-headers-6.1.0-1025/drivers/misc/habanalabs/goya
8.0K	/usr/src/linux-rockchip-headers-6.1.0-1025/drivers/misc/habanalabs/gaudi2
8.0K	/usr/src/linux-rockchip-headers-6.1.0-1025/drivers/misc/habanalabs/gaudi
60K	/usr/src/linux-rockchip-headers-6.1.0-1025/drivers/misc/habanalabs
12K	/usr/src/linux-rockchip-headers-6.1.0-1025/drivers/misc/rockchip
12K	/usr/src/linux-rockchip-headers-6.1.0-1025/drivers/misc/rk628
8.0K	/usr/src/linux-rockchip-headers-6.1.0-1025/drivers/misc/sgi-gru
12K	/usr/src/linux-rockchip-headers-6.1.0-1025/drivers/misc/vmw_vmci
8.0K	/usr/src/linux-rockchip-headers-6.1.0-1025/drivers/misc/sgi-xp
12K	/usr/src/linux-rockchip-headers-6.1.0-1025/drivers/misc/mchp_pci1xxxx
12K	/usr/src/linux-rockchip-headers-6.1.0-1025/drivers/misc/ocxl
12K	/usr/src/linux-rockchip-headers-6.1.0-1025/drivers/misc/cardreader
12K	/usr/src/linux-rockchip-headers-6.1.0-1025/drivers/misc/cb710
12K	/usr/src/linux-rockchip-headers-6.1.0-1025/drivers/misc/mei/pxp
12K	/usr/src/linux-rockchip-headers-6.1.0-1025/drivers/misc/mei/hdcp
36K	/usr/src/linux-rockchip-headers-6.1.0-1025/drivers/misc/mei
376K	/usr/src/linux-rockchip-headers-6.1.0-1025/drivers/misc
12K	/usr/src/linux-rockchip-headers-6.1.0-1025/drivers/video/logo
24K	/usr/src/linux-rockchip-headers-6.1.0-1025/drivers/video/backlight
12K	/usr/src/linux-rockchip-headers-6.1.0-1025/drivers/video/rockchip/rga3
12K	/usr/src/linux-rockchip-headers-6.1.0-1025/drivers/video/rockchip/dvbm
12K	/usr/src/linux-rockchip-headers-6.1.0-1025/drivers/video/rockchip/mpp
12K	/usr/src/linux-rockchip-headers-6.1.0-1025/drivers/video/rockchip/vehicle
12K	/usr/src/linux-rockchip-headers-6.1.0-1025/drivers/video/rockchip/vtunnel
12K	/usr/src/linux-rockchip-headers-6.1.0-1025/drivers/video/rockchip/rga2
12K	/usr/src/linux-rockchip-headers-6.1.0-1025/drivers/video/rockchip/iep
12K	/usr/src/linux-rockchip-headers-6.1.0-1025/drivers/video/rockchip/rve
12K	/usr/src/linux-rockchip-headers-6.1.0-1025/drivers/video/rockchip/rga
12K	/usr/src/linux-rockchip-headers-6.1.0-1025/drivers/video/rockchip/mpp_osal
132K	/usr/src/linux-rockchip-headers-6.1.0-1025/drivers/video/rockchip
8.0K	/usr/src/linux-rockchip-headers-6.1.0-1025/drivers/video/fbdev/riva
8.0K	/usr/src/linux-rockchip-headers-6.1.0-1025/drivers/video/fbdev/matrox
8.0K	/usr/src/linux-rockchip-headers-6.1.0-1025/drivers/video/fbdev/mb862xx
12K	/usr/src/linux-rockchip-headers-6.1.0-1025/drivers/video/fbdev/omap
12K	/usr/src/linux-rockchip-headers-6.1.0-1025/drivers/video/fbdev/omap2/omapfb/dss
12K	/usr/src/linux-rockchip-headers-6.1.0-1025/drivers/video/fbdev/omap2/omapfb/displays
36K	/usr/src/linux-rockchip-headers-6.1.0-1025/drivers/video/fbdev/omap2/omapfb
48K	/usr/src/linux-rockchip-headers-6.1.0-1025/drivers/video/fbdev/omap2
8.0K	/usr/src/linux-rockchip-headers-6.1.0-1025/drivers/video/fbdev/sis
8.0K	/usr/src/linux-rockchip-headers-6.1.0-1025/drivers/video/fbdev/vermilion
8.0K	/usr/src/linux-rockchip-headers-6.1.0-1025/drivers/video/fbdev/nvidia
12K	/usr/src/linux-rockchip-headers-6.1.0-1025/drivers/video/fbdev/geode
8.0K	/usr/src/linux-rockchip-headers-6.1.0-1025/drivers/video/fbdev/aty
8.0K	/usr/src/linux-rockchip-headers-6.1.0-1025/drivers/video/fbdev/core
8.0K	/usr/src/linux-rockchip-headers-6.1.0-1025/drivers/video/fbdev/i810
8.0K	/usr/src/linux-rockchip-headers-6.1.0-1025/drivers/video/fbdev/kyro
8.0K	/usr/src/linux-rockchip-headers-6.1.0-1025/drivers/video/fbdev/intelfb
8.0K	/usr/src/linux-rockchip-headers-6.1.0-1025/drivers/video/fbdev/savage
8.0K	/usr/src/linux-rockchip-headers-6.1.0-1025/drivers/video/fbdev/via
12K	/usr/src/linux-rockchip-headers-6.1.0-1025/drivers/video/fbdev/mmp/hw
12K	/usr/src/linux-rockchip-headers-6.1.0-1025/drivers/video/fbdev/mmp/fb
12K	/usr/src/linux-rockchip-headers-6.1.0-1025/drivers/video/fbdev/mmp/panel
48K	/usr/src/linux-rockchip-headers-6.1.0-1025/drivers/video/fbdev/mmp
304K	/usr/src/linux-rockchip-headers-6.1.0-1025/drivers/video/fbdev
16K	/usr/src/linux-rockchip-headers-6.1.0-1025/drivers/video/console
500K	/usr/src/linux-rockchip-headers-6.1.0-1025/drivers/video
12K	/usr/src/linux-rockchip-headers-6.1.0-1025/drivers/spmi
12K	/usr/src/linux-rockchip-headers-6.1.0-1025/drivers/dca
8.0K	/usr/src/linux-rockchip-headers-6.1.0-1025/drivers/sh/clk
8.0K	/usr/src/linux-rockchip-headers-6.1.0-1025/drivers/sh/maple
8.0K	/usr/src/linux-rockchip-headers-6.1.0-1025/drivers/sh/superhyway
12K	/usr/src/linux-rockchip-headers-6.1.0-1025/drivers/sh/intc
48K	/usr/src/linux-rockchip-headers-6.1.0-1025/drivers/sh
8.0K	/usr/src/linux-rockchip-headers-6.1.0-1025/drivers/ps3
12K	/usr/src/linux-rockchip-headers-6.1.0-1025/drivers/counter
12K	/usr/src/linux-rockchip-headers-6.1.0-1025/drivers/firewire
12K	/usr/src/linux-rockchip-headers-6.1.0-1025/drivers/android
16K	/usr/src/linux-rockchip-headers-6.1.0-1025/drivers/firmware/arm_scmi
12K	/usr/src/linux-rockchip-headers-6.1.0-1025/drivers/firmware/arm_ffa
12K	/usr/src/linux-rockchip-headers-6.1.0-1025/drivers/firmware/meson
12K	/usr/src/linux-rockchip-headers-6.1.0-1025/drivers/firmware/imx
12K	/usr/src/linux-rockchip-headers-6.1.0-1025/drivers/firmware/xilinx
12K	/usr/src/linux-rockchip-headers-6.1.0-1025/drivers/firmware/cirrus
12K	/usr/src/linux-rockchip-headers-6.1.0-1025/drivers/firmware/google
12K	/usr/src/linux-rockchip-headers-6.1.0-1025/drivers/firmware/tegra
12K	/usr/src/linux-rockchip-headers-6.1.0-1025/drivers/firmware/psci
12K	/usr/src/linux-rockchip-headers-6.1.0-1025/drivers/firmware/broadcom
12K	/usr/src/linux-rockchip-headers-6.1.0-1025/drivers/firmware/smccc
20K	/usr/src/linux-rockchip-headers-6.1.0-1025/drivers/firmware/efi/libstub
8.0K	/usr/src/linux-rockchip-headers-6.1.0-1025/drivers/firmware/efi/test
48K	/usr/src/linux-rockchip-headers-6.1.0-1025/drivers/firmware/efi
204K	/usr/src/linux-rockchip-headers-6.1.0-1025/drivers/firmware
12K	/usr/src/linux-rockchip-headers-6.1.0-1025/drivers/rkflash
8.0K	/usr/src/linux-rockchip-headers-6.1.0-1025/drivers/dax/pmem
8.0K	/usr/src/linux-rockchip-headers-6.1.0-1025/drivers/dax/hmem
28K	/usr/src/linux-rockchip-headers-6.1.0-1025/drivers/dax
12K	/usr/src/linux-rockchip-headers-6.1.0-1025/drivers/nfc/s3fwrn5
12K	/usr/src/linux-rockchip-headers-6.1.0-1025/drivers/nfc/pn533
12K	/usr/src/linux-rockchip-headers-6.1.0-1025/drivers/nfc/nxp-nci
12K	/usr/src/linux-rockchip-headers-6.1.0-1025/drivers/nfc/fdp
12K	/usr/src/linux-rockchip-headers-6.1.0-1025/drivers/nfc/st-nci
12K	/usr/src/linux-rockchip-headers-6.1.0-1025/drivers/nfc/pn544
12K	/usr/src/linux-rockchip-headers-6.1.0-1025/drivers/nfc/microread
12K	/usr/src/linux-rockchip-headers-6.1.0-1025/drivers/nfc/st21nfca
12K	/usr/src/linux-rockchip-headers-6.1.0-1025/drivers/nfc/st95hf
12K	/usr/src/linux-rockchip-headers-6.1.0-1025/drivers/nfc/nfcmrvl
132K	/usr/src/linux-rockchip-headers-6.1.0-1025/drivers/nfc
12K	/usr/src/linux-rockchip-headers-6.1.0-1025/drivers/opp
20K	/usr/src/linux-rockchip-headers-6.1.0-1025/drivers/mailbox
12K	/usr/src/linux-rockchip-headers-6.1.0-1025/drivers/leds/blink
16K	/usr/src/linux-rockchip-headers-6.1.0-1025/drivers/leds/trigger
12K	/usr/src/linux-rockchip-headers-6.1.0-1025/drivers/leds/flash
12K	/usr/src/linux-rockchip-headers-6.1.0-1025/drivers/leds/simple
12K	/usr/src/linux-rockchip-headers-6.1.0-1025/drivers/leds/rgb
104K	/usr/src/linux-rockchip-headers-6.1.0-1025/drivers/leds
12K	/usr/src/linux-rockchip-headers-6.1.0-1025/drivers/iommu/amd
12K	/usr/src/linux-rockchip-headers-6.1.0-1025/drivers/iommu/intel
8.0K	/usr/src/linux-rockchip-headers-6.1.0-1025/drivers/iommu/arm/arm-smmu
8.0K	/usr/src/linux-rockchip-headers-6.1.0-1025/drivers/iommu/arm/arm-smmu-v3
24K	/usr/src/linux-rockchip-headers-6.1.0-1025/drivers/iommu/arm
72K	/usr/src/linux-rockchip-headers-6.1.0-1025/drivers/iommu
12K	/usr/src/linux-rockchip-headers-6.1.0-1025/drivers/hwtracing/intel_th
12K	/usr/src/linux-rockchip-headers-6.1.0-1025/drivers/hwtracing/ptt
16K	/usr/src/linux-rockchip-headers-6.1.0-1025/drivers/hwtracing/coresight/mali
32K	/usr/src/linux-rockchip-headers-6.1.0-1025/drivers/hwtracing/coresight
12K	/usr/src/linux-rockchip-headers-6.1.0-1025/drivers/hwtracing/stm
76K	/usr/src/linux-rockchip-headers-6.1.0-1025/drivers/hwtracing
12K	/usr/src/linux-rockchip-headers-6.1.0-1025/drivers/dma-buf/heaps
12K	/usr/src/linux-rockchip-headers-6.1.0-1025/drivers/dma-buf/rk_heaps
40K	/usr/src/linux-rockchip-headers-6.1.0-1025/drivers/dma-buf
12K	/usr/src/linux-rockchip-headers-6.1.0-1025/drivers/pps/clients
12K	/usr/src/linux-rockchip-headers-6.1.0-1025/drivers/pps/generators
36K	/usr/src/linux-rockchip-headers-6.1.0-1025/drivers/pps
12K	/usr/src/linux-rockchip-headers-6.1.0-1025/drivers/rapidio/devices
12K	/usr/src/linux-rockchip-headers-6.1.0-1025/drivers/rapidio/switches
36K	/usr/src/linux-rockchip-headers-6.1.0-1025/drivers/rapidio
12K	/usr/src/linux-rockchip-headers-6.1.0-1025/drivers/hte
12K	/usr/src/linux-rockchip-headers-6.1.0-1025/drivers/hid/amd-sfh-hid
12K	/usr/src/linux-rockchip-headers-6.1.0-1025/drivers/hid/surface-hid
12K	/usr/src/linux-rockchip-headers-6.1.0-1025/drivers/hid/i2c-hid
12K	/usr/src/linux-rockchip-headers-6.1.0-1025/drivers/hid/intel-ish-hid
12K	/usr/src/linux-rockchip-headers-6.1.0-1025/drivers/hid/usbhid
112K	/usr/src/linux-rockchip-headers-6.1.0-1025/drivers/hid
20K	/usr/src/linux-rockchip-headers-6.1.0-1025/drivers/fpga
24K	/usr/src/linux-rockchip-headers-6.1.0-1025/drivers/bluetooth
88K	/usr/src/linux-rockchip-headers-6.1.0-1025/drivers/watchdog
8.0K	/usr/src/linux-rockchip-headers-6.1.0-1025/drivers/vdpa/virtio_pci
8.0K	/usr/src/linux-rockchip-headers-6.1.0-1025/drivers/vdpa/mlx5
8.0K	/usr/src/linux-rockchip-headers-6.1.0-1025/drivers/vdpa/vdpa_user
8.0K	/usr/src/linux-rockchip-headers-6.1.0-1025/drivers/vdpa/alibaba
8.0K	/usr/src/linux-rockchip-headers-6.1.0-1025/drivers/vdpa/vdpa_sim
8.0K	/usr/src/linux-rockchip-headers-6.1.0-1025/drivers/vdpa/ifcvf
60K	/usr/src/linux-rockchip-headers-6.1.0-1025/drivers/vdpa
12K	/usr/src/linux-rockchip-headers-6.1.0-1025/drivers/input/sensors/psensor
12K	/usr/src/linux-rockchip-headers-6.1.0-1025/drivers/input/sensors/hall
12K	/usr/src/linux-rockchip-headers-6.1.0-1025/drivers/input/sensors/gyro
12K	/usr/src/linux-rockchip-headers-6.1.0-1025/drivers/input/sensors/temperature
12K	/usr/src/linux-rockchip-headers-6.1.0-1025/drivers/input/sensors/angle
12K	/usr/src/linux-rockchip-headers-6.1.0-1025/drivers/input/sensors/pressure
12K	/usr/src/linux-rockchip-headers-6.1.0-1025/drivers/input/sensors/lsensor
12K	/usr/src/linux-rockchip-headers-6.1.0-1025/drivers/input/sensors/compass
8.0K	/usr/src/linux-rockchip-headers-6.1.0-1025/drivers/input/sensors/accel/da228e
8.0K	/usr/src/linux-rockchip-headers-6.1.0-1025/drivers/input/sensors/accel/da215s
32K	/usr/src/linux-rockchip-headers-6.1.0-1025/drivers/input/sensors/accel
140K	/usr/src/linux-rockchip-headers-6.1.0-1025/drivers/input/sensors
12K	/usr/src/linux-rockchip-headers-6.1.0-1025/drivers/input/rmi4
12K	/usr/src/linux-rockchip-headers-6.1.0-1025/drivers/input/joystick/iforce
36K	/usr/src/linux-rockchip-headers-6.1.0-1025/drivers/input/joystick
40K	/usr/src/linux-rockchip-headers-6.1.0-1025/drivers/input/misc
12K	/usr/src/linux-rockchip-headers-6.1.0-1025/drivers/input/gameport
8.0K	/usr/src/linux-rockchip-headers-6.1.0-1025/drivers/input/touchscreen/focaltech_touch/focaltech_test/supported_ic
16K	/usr/src/linux-rockchip-headers-6.1.0-1025/drivers/input/touchscreen/focaltech_touch/focaltech_test
24K	/usr/src/linux-rockchip-headers-6.1.0-1025/drivers/input/touchscreen/focaltech_touch
16K	/usr/src/linux-rockchip-headers-6.1.0-1025/drivers/input/touchscreen/parade
8.0K	/usr/src/linux-rockchip-headers-6.1.0-1025/drivers/input/touchscreen/gslx680_d708
8.0K	/usr/src/linux-rockchip-headers-6.1.0-1025/drivers/input/touchscreen/elan
8.0K	/usr/src/linux-rockchip-headers-6.1.0-1025/drivers/input/touchscreen/focaltech_touch_ft5726
8.0K	/usr/src/linux-rockchip-headers-6.1.0-1025/drivers/input/touchscreen/gsl3676
8.0K	/usr/src/linux-rockchip-headers-6.1.0-1025/drivers/input/touchscreen/vtl_ts
16K	/usr/src/linux-rockchip-headers-6.1.0-1025/drivers/input/touchscreen/cyttsp5
8.0K	/usr/src/linux-rockchip-headers-6.1.0-1025/drivers/input/touchscreen/gt9xx
8.0K	/usr/src/linux-rockchip-headers-6.1.0-1025/drivers/input/touchscreen/gt1x
8.0K	/usr/src/linux-rockchip-headers-6.1.0-1025/drivers/input/touchscreen/focaltech_touch_ft5436/focaltech_flash
16K	/usr/src/linux-rockchip-headers-6.1.0-1025/drivers/input/touchscreen/focaltech_touch_ft5436
8.0K	/usr/src/linux-rockchip-headers-6.1.0-1025/drivers/input/touchscreen/hyn_cst2xx
12K	/usr/src/linux-rockchip-headers-6.1.0-1025/drivers/input/touchscreen/chipone_tddi
200K	/usr/src/linux-rockchip-headers-6.1.0-1025/drivers/input/touchscreen
36K	/usr/src/linux-rockchip-headers-6.1.0-1025/drivers/input/keyboard
20K	/usr/src/linux-rockchip-headers-6.1.0-1025/drivers/input/serio
24K	/usr/src/linux-rockchip-headers-6.1.0-1025/drivers/input/mouse
12K	/usr/src/linux-rockchip-headers-6.1.0-1025/drivers/input/remotectl
12K	/usr/src/linux-rockchip-headers-6.1.0-1025/drivers/input/tablet
560K	/usr/src/linux-rockchip-headers-6.1.0-1025/drivers/input
68K	/usr/src/linux-rockchip-headers-6.1.0-1025/drivers/regulator
52K	/usr/src/linux-rockchip-headers-6.1.0-1025/drivers/cpufreq
12K	/usr/src/linux-rockchip-headers-6.1.0-1025/drivers/isdn/capi
12K	/usr/src/linux-rockchip-headers-6.1.0-1025/drivers/isdn/mISDN
12K	/usr/src/linux-rockchip-headers-6.1.0-1025/drivers/isdn/hardware/mISDN
20K	/usr/src/linux-rockchip-headers-6.1.0-1025/drivers/isdn/hardware
56K	/usr/src/linux-rockchip-headers-6.1.0-1025/drivers/isdn
12K	/usr/src/linux-rockchip-headers-6.1.0-1025/drivers/pnp/pnpbios
12K	/usr/src/linux-rockchip-headers-6.1.0-1025/drivers/pnp/pnpacpi
12K	/usr/src/linux-rockchip-headers-6.1.0-1025/drivers/pnp/isapnp
48K	/usr/src/linux-rockchip-headers-6.1.0-1025/drivers/pnp
8.0K	/usr/src/linux-rockchip-headers-6.1.0-1025/drivers/macintosh/ams
28K	/usr/src/linux-rockchip-headers-6.1.0-1025/drivers/macintosh
28K	/usr/src/linux-rockchip-headers-6.1.0-1025/drivers/auxdisplay
12K	/usr/src/linux-rockchip-headers-6.1.0-1025/drivers/connector
12K	/usr/src/linux-rockchip-headers-6.1.0-1025/drivers/block/mtip32xx
8.0K	/usr/src/linux-rockchip-headers-6.1.0-1025/drivers/block/aoe
8.0K	/usr/src/linux-rockchip-headers-6.1.0-1025/drivers/block/xen-blkback
12K	/usr/src/linux-rockchip-headers-6.1.0-1025/drivers/block/zram
12K	/usr/src/linux-rockchip-headers-6.1.0-1025/drivers/block/rnbd
12K	/usr/src/linux-rockchip-headers-6.1.0-1025/drivers/block/drbd
12K	/usr/src/linux-rockchip-headers-6.1.0-1025/drivers/block/null_blk
24K	/usr/src/linux-rockchip-headers-6.1.0-1025/drivers/block/paride
124K	/usr/src/linux-rockchip-headers-6.1.0-1025/drivers/block
12K	/usr/src/linux-rockchip-headers-6.1.0-1025/drivers/pinctrl/nomadik
16K	/usr/src/linux-rockchip-headers-6.1.0-1025/drivers/pinctrl/freescale
12K	/usr/src/linux-rockchip-headers-6.1.0-1025/drivers/pinctrl/sunxi
24K	/usr/src/linux-rockchip-headers-6.1.0-1025/drivers/pinctrl/qcom
12K	/usr/src/linux-rockchip-headers-6.1.0-1025/drivers/pinctrl/meson
12K	/usr/src/linux-rockchip-headers-6.1.0-1025/drivers/pinctrl/uniphier
12K	/usr/src/linux-rockchip-headers-6.1.0-1025/drivers/pinctrl/ralink
16K	/usr/src/linux-rockchip-headers-6.1.0-1025/drivers/pinctrl/intel
12K	/usr/src/linux-rockchip-headers-6.1.0-1025/drivers/pinctrl/sunplus
12K	/usr/src/linux-rockchip-headers-6.1.0-1025/drivers/pinctrl/ti
12K	/usr/src/linux-rockchip-headers-6.1.0-1025/drivers/pinctrl/cirrus
16K	/usr/src/linux-rockchip-headers-6.1.0-1025/drivers/pinctrl/bcm
16K	/usr/src/linux-rockchip-headers-6.1.0-1025/drivers/pinctrl/mediatek
12K	/usr/src/linux-rockchip-headers-6.1.0-1025/drivers/pinctrl/actions
12K	/usr/src/linux-rockchip-headers-6.1.0-1025/drivers/pinctrl/nuvoton
12K	/usr/src/linux-rockchip-headers-6.1.0-1025/drivers/pinctrl/berlin
12K	/usr/src/linux-rockchip-headers-6.1.0-1025/drivers/pinctrl/sprd
12K	/usr/src/linux-rockchip-headers-6.1.0-1025/drivers/pinctrl/aspeed
12K	/usr/src/linux-rockchip-headers-6.1.0-1025/drivers/pinctrl/visconti
12K	/usr/src/linux-rockchip-headers-6.1.0-1025/drivers/pinctrl/stm32
12K	/usr/src/linux-rockchip-headers-6.1.0-1025/drivers/pinctrl/spear
12K	/usr/src/linux-rockchip-headers-6.1.0-1025/drivers/pinctrl/pxa
12K	/usr/src/linux-rockchip-headers-6.1.0-1025/drivers/pinctrl/tegra
12K	/usr/src/linux-rockchip-headers-6.1.0-1025/drivers/pinctrl/mvebu
20K	/usr/src/linux-rockchip-headers-6.1.0-1025/drivers/pinctrl/renesas
12K	/usr/src/linux-rockchip-headers-6.1.0-1025/drivers/pinctrl/starfive
12K	/usr/src/linux-rockchip-headers-6.1.0-1025/drivers/pinctrl/vt8500
12K	/usr/src/linux-rockchip-headers-6.1.0-1025/drivers/pinctrl/samsung
396K	/usr/src/linux-rockchip-headers-6.1.0-1025/drivers/pinctrl
12K	/usr/src/linux-rockchip-headers-6.1.0-1025/drivers/siox
12K	/usr/src/linux-rockchip-headers-6.1.0-1025/drivers/staging/vme_user
12K	/usr/src/linux-rockchip-headers-6.1.0-1025/drivers/staging/vt6656
12K	/usr/src/linux-rockchip-headers-6.1.0-1025/drivers/staging/pi433
12K	/usr/src/linux-rockchip-headers-6.1.0-1025/drivers/staging/emxx_udc
12K	/usr/src/linux-rockchip-headers-6.1.0-1025/drivers/staging/board
12K	/usr/src/linux-rockchip-headers-6.1.0-1025/drivers/staging/iio/frequency
12K	/usr/src/linux-rockchip-headers-6.1.0-1025/drivers/staging/iio/resolver
12K	/usr/src/linux-rockchip-headers-6.1.0-1025/drivers/staging/iio/adc
12K	/usr/src/linux-rockchip-headers-6.1.0-1025/drivers/staging/iio/meter
12K	/usr/src/linux-rockchip-headers-6.1.0-1025/drivers/staging/iio/addac
12K	/usr/src/linux-rockchip-headers-6.1.0-1025/drivers/staging/iio/impedance-analyzer
12K	/usr/src/linux-rockchip-headers-6.1.0-1025/drivers/staging/iio/accel
96K	/usr/src/linux-rockchip-headers-6.1.0-1025/drivers/staging/iio
12K	/usr/src/linux-rockchip-headers-6.1.0-1025/drivers/staging/rtl8712
12K	/usr/src/linux-rockchip-headers-6.1.0-1025/drivers/staging/octeon
12K	/usr/src/linux-rockchip-headers-6.1.0-1025/drivers/staging/rts5208
12K	/usr/src/linux-rockchip-headers-6.1.0-1025/drivers/staging/rtl8192e/rtl8192e
24K	/usr/src/linux-rockchip-headers-6.1.0-1025/drivers/staging/rtl8192e
8.0K	/usr/src/linux-rockchip-headers-6.1.0-1025/drivers/staging/greybus/tools
24K	/usr/src/linux-rockchip-headers-6.1.0-1025/drivers/staging/greybus
12K	/usr/src/linux-rockchip-headers-6.1.0-1025/drivers/staging/fieldbus/anybuss
24K	/usr/src/linux-rockchip-headers-6.1.0-1025/drivers/staging/fieldbus
12K	/usr/src/linux-rockchip-headers-6.1.0-1025/drivers/staging/ks7010
12K	/usr/src/linux-rockchip-headers-6.1.0-1025/drivers/staging/wlan-ng
16K	/usr/src/linux-rockchip-headers-6.1.0-1025/drivers/staging/fbtft
12K	/usr/src/linux-rockchip-headers-6.1.0-1025/drivers/staging/rtl8723bs
12K	/usr/src/linux-rockchip-headers-6.1.0-1025/drivers/staging/vc04_services/vchiq-mmal
12K	/usr/src/linux-rockchip-headers-6.1.0-1025/drivers/staging/vc04_services/bcm2835-audio
12K	/usr/src/linux-rockchip-headers-6.1.0-1025/drivers/staging/vc04_services/bcm2835-camera
48K	/usr/src/linux-rockchip-headers-6.1.0-1025/drivers/staging/vc04_services
12K	/usr/src/linux-rockchip-headers-6.1.0-1025/drivers/staging/vt6655
12K	/usr/src/linux-rockchip-headers-6.1.0-1025/drivers/staging/nvec
12K	/usr/src/linux-rockchip-headers-6.1.0-1025/drivers/staging/r8188eu
12K	/usr/src/linux-rockchip-headers-6.1.0-1025/drivers/staging/most/dim2
12K	/usr/src/linux-rockchip-headers-6.1.0-1025/drivers/staging/most/net
12K	/usr/src/linux-rockchip-headers-6.1.0-1025/drivers/staging/most/video
12K	/usr/src/linux-rockchip-headers-6.1.0-1025/drivers/staging/most/i2c
60K	/usr/src/linux-rockchip-headers-6.1.0-1025/drivers/staging/most
12K	/usr/src/linux-rockchip-headers-6.1.0-1025/drivers/staging/sm750fb
12K	/usr/src/linux-rockchip-headers-6.1.0-1025/drivers/staging/axis-fifo
12K	/usr/src/linux-rockchip-headers-6.1.0-1025/drivers/staging/rtl8192u
12K	/usr/src/linux-rockchip-headers-6.1.0-1025/drivers/staging/media/ipu3
12K	/usr/src/linux-rockchip-headers-6.1.0-1025/drivers/staging/media/tegra-video
8.0K	/usr/src/linux-rockchip-headers-6.1.0-1025/drivers/staging/media/atomisp/i2c/ov5693
20K	/usr/src/linux-rockchip-headers-6.1.0-1025/drivers/staging/media/atomisp/i2c
44K	/usr/src/linux-rockchip-headers-6.1.0-1025/drivers/staging/media/atomisp
12K	/usr/src/linux-rockchip-headers-6.1.0-1025/drivers/staging/media/rkvdec
12K	/usr/src/linux-rockchip-headers-6.1.0-1025/drivers/staging/media/sunxi/cedrus
24K	/usr/src/linux-rockchip-headers-6.1.0-1025/drivers/staging/media/sunxi
12K	/usr/src/linux-rockchip-headers-6.1.0-1025/drivers/staging/media/meson/vdec
16K	/usr/src/linux-rockchip-headers-6.1.0-1025/drivers/staging/media/meson
12K	/usr/src/linux-rockchip-headers-6.1.0-1025/drivers/staging/media/imx
12K	/usr/src/linux-rockchip-headers-6.1.0-1025/drivers/staging/media/deprecated/zr364xx
12K	/usr/src/linux-rockchip-headers-6.1.0-1025/drivers/staging/media/deprecated/fsl-viu
12K	/usr/src/linux-rockchip-headers-6.1.0-1025/drivers/staging/media/deprecated/tm6000
12K	/usr/src/linux-rockchip-headers-6.1.0-1025/drivers/staging/media/deprecated/stkwebcam
12K	/usr/src/linux-rockchip-headers-6.1.0-1025/drivers/staging/media/deprecated/meye
12K	/usr/src/linux-rockchip-headers-6.1.0-1025/drivers/staging/media/deprecated/saa7146/common
12K	/usr/src/linux-rockchip-headers-6.1.0-1025/drivers/staging/media/deprecated/saa7146/saa7146
12K	/usr/src/linux-rockchip-headers-6.1.0-1025/drivers/staging/media/deprecated/saa7146/ttpci
12K	/usr/src/linux-rockchip-headers-6.1.0-1025/drivers/staging/media/deprecated/saa7146/av7110
60K	/usr/src/linux-rockchip-headers-6.1.0-1025/drivers/staging/media/deprecated/saa7146
12K	/usr/src/linux-rockchip-headers-6.1.0-1025/drivers/staging/media/deprecated/cpia2
12K	/usr/src/linux-rockchip-headers-6.1.0-1025/drivers/staging/media/deprecated/vpfe_capture
148K	/usr/src/linux-rockchip-headers-6.1.0-1025/drivers/staging/media/deprecated
12K	/usr/src/linux-rockchip-headers-6.1.0-1025/drivers/staging/media/max96712
12K	/usr/src/linux-rockchip-headers-6.1.0-1025/drivers/staging/media/omap4iss
316K	/usr/src/linux-rockchip-headers-6.1.0-1025/drivers/staging/media
12K	/usr/src/linux-rockchip-headers-6.1.0-1025/drivers/staging/gdm724x
12K	/usr/src/linux-rockchip-headers-6.1.0-1025/drivers/staging/olpc_dcon
12K	/usr/src/linux-rockchip-headers-6.1.0-1025/drivers/staging/qlge
860K	/usr/src/linux-rockchip-headers-6.1.0-1025/drivers/staging
8.0K	/usr/src/linux-rockchip-headers-6.1.0-1025/drivers/cdrom
12K	/usr/src/linux-rockchip-headers-6.1.0-1025/drivers/most
16K	/usr/src/linux-rockchip-headers-6.1.0-1025/drivers/parisc
8.0K	/usr/src/linux-rockchip-headers-6.1.0-1025/drivers/nubus
76K	/usr/src/linux-rockchip-headers-6.1.0-1025/drivers/rtc
60K	/usr/src/linux-rockchip-headers-6.1.0-1025/drivers/i2c/busses
12K	/usr/src/linux-rockchip-headers-6.1.0-1025/drivers/i2c/muxes
12K	/usr/src/linux-rockchip-headers-6.1.0-1025/drivers/i2c/algos
100K	/usr/src/linux-rockchip-headers-6.1.0-1025/drivers/i2c
12K	/usr/src/linux-rockchip-headers-6.1.0-1025/drivers/fsi
12K	/usr/src/linux-rockchip-headers-6.1.0-1025/drivers/ras
8.0K	/usr/src/linux-rockchip-headers-6.1.0-1025/drivers/dma/dw-axi-dmac
12K	/usr/src/linux-rockchip-headers-6.1.0-1025/drivers/dma/hsu
12K	/usr/src/linux-rockchip-headers-6.1.0-1025/drivers/dma/qcom
12K	/usr/src/linux-rockchip-headers-6.1.0-1025/drivers/dma/lgm
12K	/usr/src/linux-rockchip-headers-6.1.0-1025/drivers/dma/dw
12K	/usr/src/linux-rockchip-headers-6.1.0-1025/drivers/dma/fsl-dpaa2-qdma
12K	/usr/src/linux-rockchip-headers-6.1.0-1025/drivers/dma/ptdma
8.0K	/usr/src/linux-rockchip-headers-6.1.0-1025/drivers/dma/xilinx
12K	/usr/src/linux-rockchip-headers-6.1.0-1025/drivers/dma/sh
12K	/usr/src/linux-rockchip-headers-6.1.0-1025/drivers/dma/ti
8.0K	/usr/src/linux-rockchip-headers-6.1.0-1025/drivers/dma/ioat
8.0K	/usr/src/linux-rockchip-headers-6.1.0-1025/drivers/dma/idxd
8.0K	/usr/src/linux-rockchip-headers-6.1.0-1025/drivers/dma/ipu
12K	/usr/src/linux-rockchip-headers-6.1.0-1025/drivers/dma/mediatek
12K	/usr/src/linux-rockchip-headers-6.1.0-1025/drivers/dma/dw-edma
8.0K	/usr/src/linux-rockchip-headers-6.1.0-1025/drivers/dma/ppc4xx
12K	/usr/src/linux-rockchip-headers-6.1.0-1025/drivers/dma/bestcomm
12K	/usr/src/linux-rockchip-headers-6.1.0-1025/drivers/dma/sf-pdma
224K	/usr/src/linux-rockchip-headers-6.1.0-1025/drivers/dma
48K	/usr/src/linux-rockchip-headers-6.1.0-1025/drivers/mmc/host
12K	/usr/src/linux-rockchip-headers-6.1.0-1025/drivers/mmc/core
72K	/usr/src/linux-rockchip-headers-6.1.0-1025/drivers/mmc
44K	/usr/src/linux-rockchip-headers-6.1.0-1025/drivers/ata
12K	/usr/src/linux-rockchip-headers-6.1.0-1025/drivers/sbus/char
20K	/usr/src/linux-rockchip-headers-6.1.0-1025/drivers/sbus
8.0K	/usr/src/linux-rockchip-headers-6.1.0-1025/drivers/xen/events
8.0K	/usr/src/linux-rockchip-headers-6.1.0-1025/drivers/xen/xenbus
8.0K	/usr/src/linux-rockchip-headers-6.1.0-1025/drivers/xen/xenfs
8.0K	/usr/src/linux-rockchip-headers-6.1.0-1025/drivers/xen/xen-pciback
52K	/usr/src/linux-rockchip-headers-6.1.0-1025/drivers/xen
12K	/usr/src/linux-rockchip-headers-6.1.0-1025/drivers/soc/fsl/qe
12K	/usr/src/linux-rockchip-headers-6.1.0-1025/drivers/soc/fsl/qbman
8.0K	/usr/src/linux-rockchip-headers-6.1.0-1025/drivers/soc/fsl/dpio
44K	/usr/src/linux-rockchip-headers-6.1.0-1025/drivers/soc/fsl
12K	/usr/src/linux-rockchip-headers-6.1.0-1025/drivers/soc/microchip
12K	/usr/src/linux-rockchip-headers-6.1.0-1025/drivers/soc/amlogic
12K	/usr/src/linux-rockchip-headers-6.1.0-1025/drivers/soc/fujitsu
12K	/usr/src/linux-rockchip-headers-6.1.0-1025/drivers/soc/versatile
12K	/usr/src/linux-rockchip-headers-6.1.0-1025/drivers/soc/sifive
12K	/usr/src/linux-rockchip-headers-6.1.0-1025/drivers/soc/ixp4xx
8.0K	/usr/src/linux-rockchip-headers-6.1.0-1025/drivers/soc/dove
12K	/usr/src/linux-rockchip-headers-6.1.0-1025/drivers/soc/sunxi
20K	/usr/src/linux-rockchip-headers-6.1.0-1025/drivers/soc/qcom
12K	/usr/src/linux-rockchip-headers-6.1.0-1025/drivers/soc/apple
12K	/usr/src/linux-rockchip-headers-6.1.0-1025/drivers/soc/imx
12K	/usr/src/linux-rockchip-headers-6.1.0-1025/drivers/soc/xilinx
12K	/usr/src/linux-rockchip-headers-6.1.0-1025/drivers/soc/ti
12K	/usr/src/linux-rockchip-headers-6.1.0-1025/drivers/soc/canaan
12K	/usr/src/linux-rockchip-headers-6.1.0-1025/drivers/soc/bcm/bcm63xx
8.0K	/usr/src/linux-rockchip-headers-6.1.0-1025/drivers/soc/bcm/brcmstb/pm
20K	/usr/src/linux-rockchip-headers-6.1.0-1025/drivers/soc/bcm/brcmstb
44K	/usr/src/linux-rockchip-headers-6.1.0-1025/drivers/soc/bcm
12K	/usr/src/linux-rockchip-headers-6.1.0-1025/drivers/soc/mediatek
12K	/usr/src/linux-rockchip-headers-6.1.0-1025/drivers/soc/ux500
8.0K	/usr/src/linux-rockchip-headers-6.1.0-1025/drivers/soc/lantiq
12K	/usr/src/linux-rockchip-headers-6.1.0-1025/drivers/soc/actions
12K	/usr/src/linux-rockchip-headers-6.1.0-1025/drivers/soc/litex
12K	/usr/src/linux-rockchip-headers-6.1.0-1025/drivers/soc/rockchip/minidump
12K	/usr/src/linux-rockchip-headers-6.1.0-1025/drivers/soc/rockchip/fiq_debugger
48K	/usr/src/linux-rockchip-headers-6.1.0-1025/drivers/soc/rockchip
8.0K	/usr/src/linux-rockchip-headers-6.1.0-1025/drivers/soc/gemini
12K	/usr/src/linux-rockchip-headers-6.1.0-1025/drivers/soc/aspeed
12K	/usr/src/linux-rockchip-headers-6.1.0-1025/drivers/soc/pxa
8.0K	/usr/src/linux-rockchip-headers-6.1.0-1025/drivers/soc/tegra/cbb
8.0K	/usr/src/linux-rockchip-headers-6.1.0-1025/drivers/soc/tegra/fuse
32K	/usr/src/linux-rockchip-headers-6.1.0-1025/drivers/soc/tegra
20K	/usr/src/linux-rockchip-headers-6.1.0-1025/drivers/soc/renesas
12K	/usr/src/linux-rockchip-headers-6.1.0-1025/drivers/soc/samsung
12K	/usr/src/linux-rockchip-headers-6.1.0-1025/drivers/soc/atmel
484K	/usr/src/linux-rockchip-headers-6.1.0-1025/drivers/soc
12K	/usr/src/linux-rockchip-headers-6.1.0-1025/drivers/headset_observe
12K	/usr/src/linux-rockchip-headers-6.1.0-1025/drivers/hsi/clients
12K	/usr/src/linux-rockchip-headers-6.1.0-1025/drivers/hsi/controllers
36K	/usr/src/linux-rockchip-headers-6.1.0-1025/drivers/hsi
12K	/usr/src/linux-rockchip-headers-6.1.0-1025/drivers/mcb
8.0K	/usr/src/linux-rockchip-headers-6.1.0-1025/drivers/base/power
8.0K	/usr/src/linux-rockchip-headers-6.1.0-1025/drivers/base/firmware_loader/builtin
28K	/usr/src/linux-rockchip-headers-6.1.0-1025/drivers/base/firmware_loader
8.0K	/usr/src/linux-rockchip-headers-6.1.0-1025/drivers/base/arm/dma_buf_test_exporter
8.0K	/usr/src/linux-rockchip-headers-6.1.0-1025/drivers/base/arm/protected_memory_allocator
8.0K	/usr/src/linux-rockchip-headers-6.1.0-1025/drivers/base/arm/memory_group_manager
44K	/usr/src/linux-rockchip-headers-6.1.0-1025/drivers/base/arm
12K	/usr/src/linux-rockchip-headers-6.1.0-1025/drivers/base/regmap
12K	/usr/src/linux-rockchip-headers-6.1.0-1025/drivers/base/test
120K	/usr/src/linux-rockchip-headers-6.1.0-1025/drivers/base
8.0K	/usr/src/linux-rockchip-headers-6.1.0-1025/drivers/tc
12K	/usr/src/linux-rockchip-headers-6.1.0-1025/drivers/media/v4l2-core
12K	/usr/src/linux-rockchip-headers-6.1.0-1025/drivers/media/common/videobuf2
12K	/usr/src/linux-rockchip-headers-6.1.0-1025/drivers/media/common/siano
12K	/usr/src/linux-rockchip-headers-6.1.0-1025/drivers/media/common/b2c2
12K	/usr/src/linux-rockchip-headers-6.1.0-1025/drivers/media/common/v4l2-tpg
60K	/usr/src/linux-rockchip-headers-6.1.0-1025/drivers/media/common
12K	/usr/src/linux-rockchip-headers-6.1.0-1025/drivers/media/pci/cx88
12K	/usr/src/linux-rockchip-headers-6.1.0-1025/drivers/media/pci/tw5864
12K	/usr/src/linux-rockchip-headers-6.1.0-1025/drivers/media/pci/sta2x11
12K	/usr/src/linux-rockchip-headers-6.1.0-1025/drivers/media/pci/saa7164
12K	/usr/src/linux-rockchip-headers-6.1.0-1025/drivers/media/pci/ivtv
12K	/usr/src/linux-rockchip-headers-6.1.0-1025/drivers/media/pci/pt1
12K	/usr/src/linux-rockchip-headers-6.1.0-1025/drivers/media/pci/tw68
12K	/usr/src/linux-rockchip-headers-6.1.0-1025/drivers/media/pci/intel/ipu3
20K	/usr/src/linux-rockchip-headers-6.1.0-1025/drivers/media/pci/intel
12K	/usr/src/linux-rockchip-headers-6.1.0-1025/drivers/media/pci/cobalt
12K	/usr/src/linux-rockchip-headers-6.1.0-1025/drivers/media/pci/zoran
12K	/usr/src/linux-rockchip-headers-6.1.0-1025/drivers/media/pci/pt3
12K	/usr/src/linux-rockchip-headers-6.1.0-1025/drivers/media/pci/tw686x
12K	/usr/src/linux-rockchip-headers-6.1.0-1025/drivers/media/pci/ngene
12K	/usr/src/linux-rockchip-headers-6.1.0-1025/drivers/media/pci/solo6x10
12K	/usr/src/linux-rockchip-headers-6.1.0-1025/drivers/media/pci/dt3155
12K	/usr/src/linux-rockchip-headers-6.1.0-1025/drivers/media/pci/dm1105
12K	/usr/src/linux-rockchip-headers-6.1.0-1025/drivers/media/pci/cx25821
12K	/usr/src/linux-rockchip-headers-6.1.0-1025/drivers/media/pci/pluto2
12K	/usr/src/linux-rockchip-headers-6.1.0-1025/drivers/media/pci/smipcie
12K	/usr/src/linux-rockchip-headers-6.1.0-1025/drivers/media/pci/ddbridge
12K	/usr/src/linux-rockchip-headers-6.1.0-1025/drivers/media/pci/mantis
12K	/usr/src/linux-rockchip-headers-6.1.0-1025/drivers/media/pci/b2c2
12K	/usr/src/linux-rockchip-headers-6.1.0-1025/drivers/media/pci/cx23885
12K	/usr/src/linux-rockchip-headers-6.1.0-1025/drivers/media/pci/cx18
12K	/usr/src/linux-rockchip-headers-6.1.0-1025/drivers/media/pci/netup_unidvb
12K	/usr/src/linux-rockchip-headers-6.1.0-1025/drivers/media/pci/saa7134
12K	/usr/src/linux-rockchip-headers-6.1.0-1025/drivers/media/pci/bt8xx
344K	/usr/src/linux-rockchip-headers-6.1.0-1025/drivers/media/pci
12K	/usr/src/linux-rockchip-headers-6.1.0-1025/drivers/media/platform/verisilicon
12K	/usr/src/linux-rockchip-headers-6.1.0-1025/drivers/media/platform/amlogic/meson-ge2d
24K	/usr/src/linux-rockchip-headers-6.1.0-1025/drivers/media/platform/amlogic
12K	/usr/src/linux-rockchip-headers-6.1.0-1025/drivers/media/platform/st/sti/hva
12K	/usr/src/linux-rockchip-headers-6.1.0-1025/drivers/media/platform/st/sti/bdisp
12K	/usr/src/linux-rockchip-headers-6.1.0-1025/drivers/media/platform/st/sti/delta
12K	/usr/src/linux-rockchip-headers-6.1.0-1025/drivers/media/platform/st/sti/c8sectpfe
60K	/usr/src/linux-rockchip-headers-6.1.0-1025/drivers/media/platform/st/sti
12K	/usr/src/linux-rockchip-headers-6.1.0-1025/drivers/media/platform/st/stm32
84K	/usr/src/linux-rockchip-headers-6.1.0-1025/drivers/media/platform/st
12K	/usr/src/linux-rockchip-headers-6.1.0-1025/drivers/media/platform/cadence
12K	/usr/src/linux-rockchip-headers-6.1.0-1025/drivers/media/platform/sunxi/sun4i-csi
12K	/usr/src/linux-rockchip-headers-6.1.0-1025/drivers/media/platform/sunxi/sun6i-csi
12K	/usr/src/linux-rockchip-headers-6.1.0-1025/drivers/media/platform/sunxi/sun8i-di
12K	/usr/src/linux-rockchip-headers-6.1.0-1025/drivers/media/platform/sunxi/sun8i-a83t-mipi-csi2
12K	/usr/src/linux-rockchip-headers-6.1.0-1025/drivers/media/platform/sunxi/sun8i-rotate
12K	/usr/src/linux-rockchip-headers-6.1.0-1025/drivers/media/platform/sunxi/sun6i-mipi-csi2
84K	/usr/src/linux-rockchip-headers-6.1.0-1025/drivers/media/platform/sunxi
12K	/usr/src/linux-rockchip-headers-6.1.0-1025/drivers/media/platform/qcom/venus
12K	/usr/src/linux-rockchip-headers-6.1.0-1025/drivers/media/platform/qcom/camss
36K	/usr/src/linux-rockchip-headers-6.1.0-1025/drivers/media/platform/qcom
12K	/usr/src/linux-rockchip-headers-6.1.0-1025/drivers/media/platform/nxp/dw100
12K	/usr/src/linux-rockchip-headers-6.1.0-1025/drivers/media/platform/nxp/imx-jpeg
36K	/usr/src/linux-rockchip-headers-6.1.0-1025/drivers/media/platform/nxp
12K	/usr/src/linux-rockchip-headers-6.1.0-1025/drivers/media/platform/nvidia/tegra-vde
24K	/usr/src/linux-rockchip-headers-6.1.0-1025/drivers/media/platform/nvidia
12K	/usr/src/linux-rockchip-headers-6.1.0-1025/drivers/media/platform/intel
12K	/usr/src/linux-rockchip-headers-6.1.0-1025/drivers/media/platform/xilinx
12K	/usr/src/linux-rockchip-headers-6.1.0-1025/drivers/media/platform/allegro-dvt
8.0K	/usr/src/linux-rockchip-headers-6.1.0-1025/drivers/media/platform/ti/cal
12K	/usr/src/linux-rockchip-headers-6.1.0-1025/drivers/media/platform/ti/davinci
12K	/usr/src/linux-rockchip-headers-6.1.0-1025/drivers/media/platform/ti/omap3isp
12K	/usr/src/linux-rockchip-headers-6.1.0-1025/drivers/media/platform/ti/omap
12K	/usr/src/linux-rockchip-headers-6.1.0-1025/drivers/media/platform/ti/am437x
8.0K	/usr/src/linux-rockchip-headers-6.1.0-1025/drivers/media/platform/ti/vpe
76K	/usr/src/linux-rockchip-headers-6.1.0-1025/drivers/media/platform/ti
12K	/usr/src/linux-rockchip-headers-6.1.0-1025/drivers/media/platform/mediatek/jpeg
12K	/usr/src/linux-rockchip-headers-6.1.0-1025/drivers/media/platform/mediatek/mdp
12K	/usr/src/linux-rockchip-headers-6.1.0-1025/drivers/media/platform/mediatek/vpu
12K	/usr/src/linux-rockchip-headers-6.1.0-1025/drivers/media/platform/mediatek/vcodec
12K	/usr/src/linux-rockchip-headers-6.1.0-1025/drivers/media/platform/mediatek/mdp3
72K	/usr/src/linux-rockchip-headers-6.1.0-1025/drivers/media/platform/mediatek
12K	/usr/src/linux-rockchip-headers-6.1.0-1025/drivers/media/platform/marvell
12K	/usr/src/linux-rockchip-headers-6.1.0-1025/drivers/media/platform/rockchip/rkisp1
12K	/usr/src/linux-rockchip-headers-6.1.0-1025/drivers/media/platform/rockchip/ispp
12K	/usr/src/linux-rockchip-headers-6.1.0-1025/drivers/media/platform/rockchip/hdmirx
12K	/usr/src/linux-rockchip-headers-6.1.0-1025/drivers/media/platform/rockchip/isp
12K	/usr/src/linux-rockchip-headers-6.1.0-1025/drivers/media/platform/rockchip/vpss
12K	/usr/src/linux-rockchip-headers-6.1.0-1025/drivers/media/platform/rockchip/rga
12K	/usr/src/linux-rockchip-headers-6.1.0-1025/drivers/media/platform/rockchip/tsp
12K	/usr/src/linux-rockchip-headers-6.1.0-1025/drivers/media/platform/rockchip/isp1
12K	/usr/src/linux-rockchip-headers-6.1.0-1025/drivers/media/platform/rockchip/cif
120K	/usr/src/linux-rockchip-headers-6.1.0-1025/drivers/media/platform/rockchip
12K	/usr/src/linux-rockchip-headers-6.1.0-1025/drivers/media/platform/chips-media
12K	/usr/src/linux-rockchip-headers-6.1.0-1025/drivers/media/platform/aspeed
12K	/usr/src/linux-rockchip-headers-6.1.0-1025/drivers/media/platform/amphion
12K	/usr/src/linux-rockchip-headers-6.1.0-1025/drivers/media/platform/renesas/rcar-vin
8.0K	/usr/src/linux-rockchip-headers-6.1.0-1025/drivers/media/platform/renesas/vsp1
32K	/usr/src/linux-rockchip-headers-6.1.0-1025/drivers/media/platform/renesas
12K	/usr/src/linux-rockchip-headers-6.1.0-1025/drivers/media/platform/samsung/s5p-mfc
12K	/usr/src/linux-rockchip-headers-6.1.0-1025/drivers/media/platform/samsung/exynos-gsc
12K	/usr/src/linux-rockchip-headers-6.1.0-1025/drivers/media/platform/samsung/s3c-camif
12K	/usr/src/linux-rockchip-headers-6.1.0-1025/drivers/media/platform/samsung/exynos4-is
12K	/usr/src/linux-rockchip-headers-6.1.0-1025/drivers/media/platform/samsung/s5p-g2d
12K	/usr/src/linux-rockchip-headers-6.1.0-1025/drivers/media/platform/samsung/s5p-jpeg
84K	/usr/src/linux-rockchip-headers-6.1.0-1025/drivers/media/platform/samsung
12K	/usr/src/linux-rockchip-headers-6.1.0-1025/drivers/media/platform/atmel
12K	/usr/src/linux-rockchip-headers-6.1.0-1025/drivers/media/platform/via
816K	/usr/src/linux-rockchip-headers-6.1.0-1025/drivers/media/platform
12K	/usr/src/linux-rockchip-headers-6.1.0-1025/drivers/media/rc/keymaps
12K	/usr/src/linux-rockchip-headers-6.1.0-1025/drivers/media/rc/img-ir
48K	/usr/src/linux-rockchip-headers-6.1.0-1025/drivers/media/rc
12K	/usr/src/linux-rockchip-headers-6.1.0-1025/drivers/media/spi
12K	/usr/src/linux-rockchip-headers-6.1.0-1025/drivers/media/radio/si4713
12K	/usr/src/linux-rockchip-headers-6.1.0-1025/drivers/media/radio/si470x
12K	/usr/src/linux-rockchip-headers-6.1.0-1025/drivers/media/radio/wl128x
60K	/usr/src/linux-rockchip-headers-6.1.0-1025/drivers/media/radio
12K	/usr/src/linux-rockchip-headers-6.1.0-1025/drivers/media/firewire
12K	/usr/src/linux-rockchip-headers-6.1.0-1025/drivers/media/mc
8.0K	/usr/src/linux-rockchip-headers-6.1.0-1025/drivers/media/cec/platform/s5p
8.0K	/usr/src/linux-rockchip-headers-6.1.0-1025/drivers/media/cec/platform/cec-gpio
8.0K	/usr/src/linux-rockchip-headers-6.1.0-1025/drivers/media/cec/platform/meson
8.0K	/usr/src/linux-rockchip-headers-6.1.0-1025/drivers/media/cec/platform/cros-ec
8.0K	/usr/src/linux-rockchip-headers-6.1.0-1025/drivers/media/cec/platform/sti
8.0K	/usr/src/linux-rockchip-headers-6.1.0-1025/drivers/media/cec/platform/stm32
8.0K	/usr/src/linux-rockchip-headers-6.1.0-1025/drivers/media/cec/platform/tegra
8.0K	/usr/src/linux-rockchip-headers-6.1.0-1025/drivers/media/cec/platform/seco
76K	/usr/src/linux-rockchip-headers-6.1.0-1025/drivers/media/cec/platform
8.0K	/usr/src/linux-rockchip-headers-6.1.0-1025/drivers/media/cec/core
12K	/usr/src/linux-rockchip-headers-6.1.0-1025/drivers/media/cec/i2c
12K	/usr/src/linux-rockchip-headers-6.1.0-1025/drivers/media/cec/usb/rainshadow
12K	/usr/src/linux-rockchip-headers-6.1.0-1025/drivers/media/cec/usb/pulse8
36K	/usr/src/linux-rockchip-headers-6.1.0-1025/drivers/media/cec/usb
144K	/usr/src/linux-rockchip-headers-6.1.0-1025/drivers/media/cec
8.0K	/usr/src/linux-rockchip-headers-6.1.0-1025/drivers/media/i2c/jaguar1_drv
12K	/usr/src/linux-rockchip-headers-6.1.0-1025/drivers/media/i2c/ccs
8.0K	/usr/src/linux-rockchip-headers-6.1.0-1025/drivers/media/i2c/adv748x
12K	/usr/src/linux-rockchip-headers-6.1.0-1025/drivers/media/i2c/m5mols
8.0K	/usr/src/linux-rockchip-headers-6.1.0-1025/drivers/media/i2c/s5c73m3
8.0K	/usr/src/linux-rockchip-headers-6.1.0-1025/drivers/media/i2c/nvp6158_drv
12K	/usr/src/linux-rockchip-headers-6.1.0-1025/drivers/media/i2c/et8ek8
12K	/usr/src/linux-rockchip-headers-6.1.0-1025/drivers/media/i2c/rk628
8.0K	/usr/src/linux-rockchip-headers-6.1.0-1025/drivers/media/i2c/techpoint
12K	/usr/src/linux-rockchip-headers-6.1.0-1025/drivers/media/i2c/cx25840
12K	/usr/src/linux-rockchip-headers-6.1.0-1025/drivers/media/i2c/maxim/remote
12K	/usr/src/linux-rockchip-headers-6.1.0-1025/drivers/media/i2c/maxim/local/maxim2c
12K	/usr/src/linux-rockchip-headers-6.1.0-1025/drivers/media/i2c/maxim/local/maxim4c
36K	/usr/src/linux-rockchip-headers-6.1.0-1025/drivers/media/i2c/maxim/local
60K	/usr/src/linux-rockchip-headers-6.1.0-1025/drivers/media/i2c/maxim
12K	/usr/src/linux-rockchip-headers-6.1.0-1025/drivers/media/i2c/it66353
276K	/usr/src/linux-rockchip-headers-6.1.0-1025/drivers/media/i2c
12K	/usr/src/linux-rockchip-headers-6.1.0-1025/drivers/media/test-drivers/vimc
12K	/usr/src/linux-rockchip-headers-6.1.0-1025/drivers/media/test-drivers/vicodec
12K	/usr/src/linux-rockchip-headers-6.1.0-1025/drivers/media/test-drivers/vidtv
12K	/usr/src/linux-rockchip-headers-6.1.0-1025/drivers/media/test-drivers/vivid
60K	/usr/src/linux-rockchip-headers-6.1.0-1025/drivers/media/test-drivers
12K	/usr/src/linux-rockchip-headers-6.1.0-1025/drivers/media/mmc/siano
24K	/usr/src/linux-rockchip-headers-6.1.0-1025/drivers/media/mmc
12K	/usr/src/linux-rockchip-headers-6.1.0-1025/drivers/media/dvb-frontends/cxd2880
12K	/usr/src/linux-rockchip-headers-6.1.0-1025/drivers/media/dvb-frontends/drx39xyj
64K	/usr/src/linux-rockchip-headers-6.1.0-1025/drivers/media/dvb-frontends
12K	/usr/src/linux-rockchip-headers-6.1.0-1025/drivers/media/dvb-core
20K	/usr/src/linux-rockchip-headers-6.1.0-1025/drivers/media/tuners
12K	/usr/src/linux-rockchip-headers-6.1.0-1025/drivers/media/usb/ttusb-dec
12K	/usr/src/linux-rockchip-headers-6.1.0-1025/drivers/media/usb/cx231xx
12K	/usr/src/linux-rockchip-headers-6.1.0-1025/drivers/media/usb/hdpvr
12K	/usr/src/linux-rockchip-headers-6.1.0-1025/drivers/media/usb/go7007
12K	/usr/src/linux-rockchip-headers-6.1.0-1025/drivers/media/usb/siano
16K	/usr/src/linux-rockchip-headers-6.1.0-1025/drivers/media/usb/dvb-usb-v2
12K	/usr/src/linux-rockchip-headers-6.1.0-1025/drivers/media/usb/s2255
12K	/usr/src/linux-rockchip-headers-6.1.0-1025/drivers/media/usb/ttusb-budget
12K	/usr/src/linux-rockchip-headers-6.1.0-1025/drivers/media/usb/airspy
12K	/usr/src/linux-rockchip-headers-6.1.0-1025/drivers/media/usb/pwc
12K	/usr/src/linux-rockchip-headers-6.1.0-1025/drivers/media/usb/hackrf
12K	/usr/src/linux-rockchip-headers-6.1.0-1025/drivers/media/usb/uvc
24K	/usr/src/linux-rockchip-headers-6.1.0-1025/drivers/media/usb/dvb-usb
12K	/usr/src/linux-rockchip-headers-6.1.0-1025/drivers/media/usb/usbtv
12K	/usr/src/linux-rockchip-headers-6.1.0-1025/drivers/media/usb/as102
12K	/usr/src/linux-rockchip-headers-6.1.0-1025/drivers/media/usb/b2c2
12K	/usr/src/linux-rockchip-headers-6.1.0-1025/drivers/media/usb/stk1160
12K	/usr/src/linux-rockchip-headers-6.1.0-1025/drivers/media/usb/gspca/m5602
12K	/usr/src/linux-rockchip-headers-6.1.0-1025/drivers/media/usb/gspca/stv06xx
12K	/usr/src/linux-rockchip-headers-6.1.0-1025/drivers/media/usb/gspca/gl860
60K	/usr/src/linux-rockchip-headers-6.1.0-1025/drivers/media/usb/gspca
12K	/usr/src/linux-rockchip-headers-6.1.0-1025/drivers/media/usb/pvrusb2
12K	/usr/src/linux-rockchip-headers-6.1.0-1025/drivers/media/usb/msi2500
12K	/usr/src/linux-rockchip-headers-6.1.0-1025/drivers/media/usb/em28xx
12K	/usr/src/linux-rockchip-headers-6.1.0-1025/drivers/media/usb/au0828
340K	/usr/src/linux-rockchip-headers-6.1.0-1025/drivers/media/usb
2.3M	/usr/src/linux-rockchip-headers-6.1.0-1025/drivers/media
12K	/usr/src/linux-rockchip-headers-6.1.0-1025/drivers/phy/microchip
12K	/usr/src/linux-rockchip-headers-6.1.0-1025/drivers/phy/amlogic
12K	/usr/src/linux-rockchip-headers-6.1.0-1025/drivers/phy/st
12K	/usr/src/linux-rockchip-headers-6.1.0-1025/drivers/phy/cadence
12K	/usr/src/linux-rockchip-headers-6.1.0-1025/drivers/phy/freescale
12K	/usr/src/linux-rockchip-headers-6.1.0-1025/drivers/phy/hisilicon
12K	/usr/src/linux-rockchip-headers-6.1.0-1025/drivers/phy/mscc
12K	/usr/src/linux-rockchip-headers-6.1.0-1025/drivers/phy/ralink
12K	/usr/src/linux-rockchip-headers-6.1.0-1025/drivers/phy/ingenic
12K	/usr/src/linux-rockchip-headers-6.1.0-1025/drivers/phy/motorola
12K	/usr/src/linux-rockchip-headers-6.1.0-1025/drivers/phy/intel
12K	/usr/src/linux-rockchip-headers-6.1.0-1025/drivers/phy/xilinx
12K	/usr/src/linux-rockchip-headers-6.1.0-1025/drivers/phy/sunplus
12K	/usr/src/linux-rockchip-headers-6.1.0-1025/drivers/phy/ti
12K	/usr/src/linux-rockchip-headers-6.1.0-1025/drivers/phy/socionext
12K	/usr/src/linux-rockchip-headers-6.1.0-1025/drivers/phy/mediatek
12K	/usr/src/linux-rockchip-headers-6.1.0-1025/drivers/phy/lantiq
16K	/usr/src/linux-rockchip-headers-6.1.0-1025/drivers/phy/marvell
16K	/usr/src/linux-rockchip-headers-6.1.0-1025/drivers/phy/rockchip
12K	/usr/src/linux-rockchip-headers-6.1.0-1025/drivers/phy/allwinner
12K	/usr/src/linux-rockchip-headers-6.1.0-1025/drivers/phy/qualcomm
12K	/usr/src/linux-rockchip-headers-6.1.0-1025/drivers/phy/tegra
12K	/usr/src/linux-rockchip-headers-6.1.0-1025/drivers/phy/renesas
12K	/usr/src/linux-rockchip-headers-6.1.0-1025/drivers/phy/samsung
12K	/usr/src/linux-rockchip-headers-6.1.0-1025/drivers/phy/broadcom
320K	/usr/src/linux-rockchip-headers-6.1.0-1025/drivers/phy
20K	/usr/src/linux-rockchip-headers-6.1.0-1025/drivers/nvmem
28K	/usr/src/linux-rockchip-headers-6.1.0-1025/drivers/tty/serial/8250
8.0K	/usr/src/linux-rockchip-headers-6.1.0-1025/drivers/tty/serial/cpm_uart
8.0K	/usr/src/linux-rockchip-headers-6.1.0-1025/drivers/tty/serial/jsm
104K	/usr/src/linux-rockchip-headers-6.1.0-1025/drivers/tty/serial
8.0K	/usr/src/linux-rockchip-headers-6.1.0-1025/drivers/tty/ipwireless
12K	/usr/src/linux-rockchip-headers-6.1.0-1025/drivers/tty/serdev
16K	/usr/src/linux-rockchip-headers-6.1.0-1025/drivers/tty/hvc
8.0K	/usr/src/linux-rockchip-headers-6.1.0-1025/drivers/tty/vt
172K	/usr/src/linux-rockchip-headers-6.1.0-1025/drivers/tty
12K	/usr/src/linux-rockchip-headers-6.1.0-1025/drivers/md/persistent-data
12K	/usr/src/linux-rockchip-headers-6.1.0-1025/drivers/md/bcache
56K	/usr/src/linux-rockchip-headers-6.1.0-1025/drivers/md
12K	/usr/src/linux-rockchip-headers-6.1.0-1025/drivers/bcma
8.0K	/usr/src/linux-rockchip-headers-6.1.0-1025/drivers/comedi/kcomedilib
8.0K	/usr/src/linux-rockchip-headers-6.1.0-1025/drivers/comedi/drivers/ni_routing/tools
12K	/usr/src/linux-rockchip-headers-6.1.0-1025/drivers/comedi/drivers/ni_routing
8.0K	/usr/src/linux-rockchip-headers-6.1.0-1025/drivers/comedi/drivers/tests
32K	/usr/src/linux-rockchip-headers-6.1.0-1025/drivers/comedi/drivers
92K	/usr/src/linux-rockchip-headers-6.1.0-1025/drivers/comedi
12K	/usr/src/linux-rockchip-headers-6.1.0-1025/drivers/virt/acrn
12K	/usr/src/linux-rockchip-headers-6.1.0-1025/drivers/virt/vboxguest
12K	/usr/src/linux-rockchip-headers-6.1.0-1025/drivers/virt/nitro_enclaves
12K	/usr/src/linux-rockchip-headers-6.1.0-1025/drivers/virt/coco/efi_secret
12K	/usr/src/linux-rockchip-headers-6.1.0-1025/drivers/virt/coco/sev-guest
28K	/usr/src/linux-rockchip-headers-6.1.0-1025/drivers/virt/coco
76K	/usr/src/linux-rockchip-headers-6.1.0-1025/drivers/virt
12K	/usr/src/linux-rockchip-headers-6.1.0-1025/drivers/zorro
32K	/usr/src/linux-rockchip-headers-6.1.0-1025/drivers/clocksource
12K	/usr/src/linux-rockchip-headers-6.1.0-1025/drivers/ipack/devices
12K	/usr/src/linux-rockchip-headers-6.1.0-1025/drivers/ipack/carriers
36K	/usr/src/linux-rockchip-headers-6.1.0-1025/drivers/ipack
8.0K	/usr/src/linux-rockchip-headers-6.1.0-1025/drivers/dio
12K	/usr/src/linux-rockchip-headers-6.1.0-1025/drivers/perf/hisilicon
28K	/usr/src/linux-rockchip-headers-6.1.0-1025/drivers/perf
16K	/usr/src/linux-rockchip-headers-6.1.0-1025/drivers/uio
12K	/usr/src/linux-rockchip-headers-6.1.0-1025/drivers/amba
8.0K	/usr/src/linux-rockchip-headers-6.1.0-1025/drivers/of/unittest-data
20K	/usr/src/linux-rockchip-headers-6.1.0-1025/drivers/of
16K	/usr/src/linux-rockchip-headers-6.1.0-1025/drivers/virtio
40K	/usr/src/linux-rockchip-headers-6.1.0-1025/drivers/usb/serial
12K	/usr/src/linux-rockchip-headers-6.1.0-1025/drivers/usb/mtu3
12K	/usr/src/linux-rockchip-headers-6.1.0-1025/drivers/usb/common
16K	/usr/src/linux-rockchip-headers-6.1.0-1025/drivers/usb/dwc3
16K	/usr/src/linux-rockchip-headers-6.1.0-1025/drivers/usb/musb
36K	/usr/src/linux-rockchip-headers-6.1.0-1025/drivers/usb/host
12K	/usr/src/linux-rockchip-headers-6.1.0-1025/drivers/usb/atm
12K	/usr/src/linux-rockchip-headers-6.1.0-1025/drivers/usb/typec/mux
12K	/usr/src/linux-rockchip-headers-6.1.0-1025/drivers/usb/typec/altmodes
12K	/usr/src/linux-rockchip-headers-6.1.0-1025/drivers/usb/typec/tipd
12K	/usr/src/linux-rockchip-headers-6.1.0-1025/drivers/usb/typec/tcpm
12K	/usr/src/linux-rockchip-headers-6.1.0-1025/drivers/usb/typec/ucsi
76K	/usr/src/linux-rockchip-headers-6.1.0-1025/drivers/usb/typec
12K	/usr/src/linux-rockchip-headers-6.1.0-1025/drivers/usb/chipidea
16K	/usr/src/linux-rockchip-headers-6.1.0-1025/drivers/usb/storage
12K	/usr/src/linux-rockchip-headers-6.1.0-1025/drivers/usb/misc/sisusbvga
32K	/usr/src/linux-rockchip-headers-6.1.0-1025/drivers/usb/misc
12K	/usr/src/linux-rockchip-headers-6.1.0-1025/drivers/usb/renesas_usbhs
16K	/usr/src/linux-rockchip-headers-6.1.0-1025/drivers/usb/core
12K	/usr/src/linux-rockchip-headers-6.1.0-1025/drivers/usb/isp1760
8.0K	/usr/src/linux-rockchip-headers-6.1.0-1025/drivers/usb/c67x00
12K	/usr/src/linux-rockchip-headers-6.1.0-1025/drivers/usb/dwc2
12K	/usr/src/linux-rockchip-headers-6.1.0-1025/drivers/usb/class
8.0K	/usr/src/linux-rockchip-headers-6.1.0-1025/drivers/usb/early
12K	/usr/src/linux-rockchip-headers-6.1.0-1025/drivers/usb/roles
12K	/usr/src/linux-rockchip-headers-6.1.0-1025/drivers/usb/image
8.0K	/usr/src/linux-rockchip-headers-6.1.0-1025/drivers/usb/gadget/function
12K	/usr/src/linux-rockchip-headers-6.1.0-1025/drivers/usb/gadget/udc/bdc
12K	/usr/src/linux-rockchip-headers-6.1.0-1025/drivers/usb/gadget/udc/aspeed-vhub
52K	/usr/src/linux-rockchip-headers-6.1.0-1025/drivers/usb/gadget/udc
28K	/usr/src/linux-rockchip-headers-6.1.0-1025/drivers/usb/gadget/legacy
112K	/usr/src/linux-rockchip-headers-6.1.0-1025/drivers/usb/gadget
16K	/usr/src/linux-rockchip-headers-6.1.0-1025/drivers/usb/phy
12K	/usr/src/linux-rockchip-headers-6.1.0-1025/drivers/usb/cdns3
12K	/usr/src/linux-rockchip-headers-6.1.0-1025/drivers/usb/usbip
12K	/usr/src/linux-rockchip-headers-6.1.0-1025/drivers/usb/mon
564K	/usr/src/linux-rockchip-headers-6.1.0-1025/drivers/usb
12K	/usr/src/linux-rockchip-headers-6.1.0-1025/drivers/gpu/host1x
12K	/usr/src/linux-rockchip-headers-6.1.0-1025/drivers/gpu/trace
12K	/usr/src/linux-rockchip-headers-6.1.0-1025/drivers/gpu/ipu-v3
12K	/usr/src/linux-rockchip-headers-6.1.0-1025/drivers/gpu/vga
8.0K	/usr/src/linux-rockchip-headers-6.1.0-1025/drivers/gpu/arm/midgard/platform/vexpress_6xvirtex7_10mhz
8.0K	/usr/src/linux-rockchip-headers-6.1.0-1025/drivers/gpu/arm/midgard/platform/rk
8.0K	/usr/src/linux-rockchip-headers-6.1.0-1025/drivers/gpu/arm/midgard/platform/devicetree
8.0K	/usr/src/linux-rockchip-headers-6.1.0-1025/drivers/gpu/arm/midgard/platform/vexpress
8.0K	/usr/src/linux-rockchip-headers-6.1.0-1025/drivers/gpu/arm/midgard/platform/vexpress_1xv7_a57
48K	/usr/src/linux-rockchip-headers-6.1.0-1025/drivers/gpu/arm/midgard/platform
8.0K	/usr/src/linux-rockchip-headers-6.1.0-1025/drivers/gpu/arm/midgard/backend/gpu
12K	/usr/src/linux-rockchip-headers-6.1.0-1025/drivers/gpu/arm/midgard/backend
8.0K	/usr/src/linux-rockchip-headers-6.1.0-1025/drivers/gpu/arm/midgard/ipa
16K	/usr/src/linux-rockchip-headers-6.1.0-1025/drivers/gpu/arm/midgard/tests/kutf
16K	/usr/src/linux-rockchip-headers-6.1.0-1025/drivers/gpu/arm/midgard/tests/mali_kutf_irq_test
44K	/usr/src/linux-rockchip-headers-6.1.0-1025/drivers/gpu/arm/midgard/tests
144K	/usr/src/linux-rockchip-headers-6.1.0-1025/drivers/gpu/arm/midgard
20K	/usr/src/linux-rockchip-headers-6.1.0-1025/drivers/gpu/arm/mali400/ump
8.0K	/usr/src/linux-rockchip-headers-6.1.0-1025/drivers/gpu/arm/mali400/umplock
28K	/usr/src/linux-rockchip-headers-6.1.0-1025/drivers/gpu/arm/mali400/mali
64K	/usr/src/linux-rockchip-headers-6.1.0-1025/drivers/gpu/arm/mali400
8.0K	/usr/src/linux-rockchip-headers-6.1.0-1025/drivers/gpu/arm/bifrost/thirdparty
8.0K	/usr/src/linux-rockchip-headers-6.1.0-1025/drivers/gpu/arm/bifrost/platform/vexpress_6xvirtex7_10mhz
8.0K	/usr/src/linux-rockchip-headers-6.1.0-1025/drivers/gpu/arm/bifrost/platform/rk
8.0K	/usr/src/linux-rockchip-headers-6.1.0-1025/drivers/gpu/arm/bifrost/platform/devicetree
8.0K	/usr/src/linux-rockchip-headers-6.1.0-1025/drivers/gpu/arm/bifrost/platform/meson
8.0K	/usr/src/linux-rockchip-headers-6.1.0-1025/drivers/gpu/arm/bifrost/platform/vexpress
8.0K	/usr/src/linux-rockchip-headers-6.1.0-1025/drivers/gpu/arm/bifrost/platform/vexpress_1xv7_a57
56K	/usr/src/linux-rockchip-headers-6.1.0-1025/drivers/gpu/arm/bifrost/platform
8.0K	/usr/src/linux-rockchip-headers-6.1.0-1025/drivers/gpu/arm/bifrost/backend/gpu
12K	/usr/src/linux-rockchip-headers-6.1.0-1025/drivers/gpu/arm/bifrost/backend
8.0K	/usr/src/linux-rockchip-headers-6.1.0-1025/drivers/gpu/arm/bifrost/device
8.0K	/usr/src/linux-rockchip-headers-6.1.0-1025/drivers/gpu/arm/bifrost/arbiter
8.0K	/usr/src/linux-rockchip-headers-6.1.0-1025/drivers/gpu/arm/bifrost/ipa
8.0K	/usr/src/linux-rockchip-headers-6.1.0-1025/drivers/gpu/arm/bifrost/csf/ipa_control
16K	/usr/src/linux-rockchip-headers-6.1.0-1025/drivers/gpu/arm/bifrost/csf
8.0K	/usr/src/linux-rockchip-headers-6.1.0-1025/drivers/gpu/arm/bifrost/tl
8.0K	/usr/src/linux-rockchip-headers-6.1.0-1025/drivers/gpu/arm/bifrost/hwcnt
8.0K	/usr/src/linux-rockchip-headers-6.1.0-1025/drivers/gpu/arm/bifrost/mmu
8.0K	/usr/src/linux-rockchip-headers-6.1.0-1025/drivers/gpu/arm/bifrost/tests/kutf
8.0K	/usr/src/linux-rockchip-headers-6.1.0-1025/drivers/gpu/arm/bifrost/tests/mali_kutf_clk_rate_trace/kernel
12K	/usr/src/linux-rockchip-headers-6.1.0-1025/drivers/gpu/arm/bifrost/tests/mali_kutf_clk_rate_trace
8.0K	/usr/src/linux-rockchip-headers-6.1.0-1025/drivers/gpu/arm/bifrost/tests/mali_kutf_irq_test
8.0K	/usr/src/linux-rockchip-headers-6.1.0-1025/drivers/gpu/arm/bifrost/tests/mali_kutf_mgm_integration_test
48K	/usr/src/linux-rockchip-headers-6.1.0-1025/drivers/gpu/arm/bifrost/tests
8.0K	/usr/src/linux-rockchip-headers-6.1.0-1025/drivers/gpu/arm/bifrost/debug
8.0K	/usr/src/linux-rockchip-headers-6.1.0-1025/drivers/gpu/arm/bifrost/context
8.0K	/usr/src/linux-rockchip-headers-6.1.0-1025/drivers/gpu/arm/bifrost/gpu
252K	/usr/src/linux-rockchip-headers-6.1.0-1025/drivers/gpu/arm/bifrost
472K	/usr/src/linux-rockchip-headers-6.1.0-1025/drivers/gpu/arm
8.0K	/usr/src/linux-rockchip-headers-6.1.0-1025/drivers/gpu/drm/r128
12K	/usr/src/linux-rockchip-headers-6.1.0-1025/drivers/gpu/drm/tilcdc
12K	/usr/src/linux-rockchip-headers-6.1.0-1025/drivers/gpu/drm/tidss
12K	/usr/src/linux-rockchip-headers-6.1.0-1025/drivers/gpu/drm/panfrost
12K	/usr/src/linux-rockchip-headers-6.1.0-1025/drivers/gpu/drm/bridge/cadence
12K	/usr/src/linux-rockchip-headers-6.1.0-1025/drivers/gpu/drm/bridge/imx
12K	/usr/src/linux-rockchip-headers-6.1.0-1025/drivers/gpu/drm/bridge/synopsys
12K	/usr/src/linux-rockchip-headers-6.1.0-1025/drivers/gpu/drm/bridge/adv7511
12K	/usr/src/linux-rockchip-headers-6.1.0-1025/drivers/gpu/drm/bridge/analogix
80K	/usr/src/linux-rockchip-headers-6.1.0-1025/drivers/gpu/drm/bridge
12K	/usr/src/linux-rockchip-headers-6.1.0-1025/drivers/gpu/drm/xlnx
12K	/usr/src/linux-rockchip-headers-6.1.0-1025/drivers/gpu/drm/gud
16K	/usr/src/linux-rockchip-headers-6.1.0-1025/drivers/gpu/drm/amd/amdgpu
12K	/usr/src/linux-rockchip-headers-6.1.0-1025/drivers/gpu/drm/amd/acp
8.0K	/usr/src/linux-rockchip-headers-6.1.0-1025/drivers/gpu/drm/amd/display/dc/dcn316
8.0K	/usr/src/linux-rockchip-headers-6.1.0-1025/drivers/gpu/drm/amd/display/dc/virtual
8.0K	/usr/src/linux-rockchip-headers-6.1.0-1025/drivers/gpu/drm/amd/display/dc/dcn314
8.0K	/usr/src/linux-rockchip-headers-6.1.0-1025/drivers/gpu/drm/amd/display/dc/dcn10
8.0K	/usr/src/linux-rockchip-headers-6.1.0-1025/drivers/gpu/drm/amd/display/dc/dcn31
8.0K	/usr/src/linux-rockchip-headers-6.1.0-1025/drivers/gpu/drm/amd/display/dc/dce100
8.0K	/usr/src/linux-rockchip-headers-6.1.0-1025/drivers/gpu/drm/amd/display/dc/dce
8.0K	/usr/src/linux-rockchip-headers-6.1.0-1025/drivers/gpu/drm/amd/display/dc/bios
8.0K	/usr/src/linux-rockchip-headers-6.1.0-1025/drivers/gpu/drm/amd/display/dc/dcn201
8.0K	/usr/src/linux-rockchip-headers-6.1.0-1025/drivers/gpu/drm/amd/display/dc/link
8.0K	/usr/src/linux-rockchip-headers-6.1.0-1025/drivers/gpu/drm/amd/display/dc/dcn21
8.0K	/usr/src/linux-rockchip-headers-6.1.0-1025/drivers/gpu/drm/amd/display/dc/dcn302
12K	/usr/src/linux-rockchip-headers-6.1.0-1025/drivers/gpu/drm/amd/display/dc/dml
12K	/usr/src/linux-rockchip-headers-6.1.0-1025/drivers/gpu/drm/amd/display/dc/irq
8.0K	/usr/src/linux-rockchip-headers-6.1.0-1025/drivers/gpu/drm/amd/display/dc/hdcp
8.0K	/usr/src/linux-rockchip-headers-6.1.0-1025/drivers/gpu/drm/amd/display/dc/dcn321
8.0K	/usr/src/linux-rockchip-headers-6.1.0-1025/drivers/gpu/drm/amd/display/dc/dce110
8.0K	/usr/src/linux-rockchip-headers-6.1.0-1025/drivers/gpu/drm/amd/display/dc/dcn32
8.0K	/usr/src/linux-rockchip-headers-6.1.0-1025/drivers/gpu/drm/amd/display/dc/dcn303
8.0K	/usr/src/linux-rockchip-headers-6.1.0-1025/drivers/gpu/drm/amd/display/dc/dce80
8.0K	/usr/src/linux-rockchip-headers-6.1.0-1025/drivers/gpu/drm/amd/display/dc/dce112
8.0K	/usr/src/linux-rockchip-headers-6.1.0-1025/drivers/gpu/drm/amd/display/dc/dsc
12K	/usr/src/linux-rockchip-headers-6.1.0-1025/drivers/gpu/drm/amd/display/dc/clk_mgr
8.0K	/usr/src/linux-rockchip-headers-6.1.0-1025/drivers/gpu/drm/amd/display/dc/dcn301
8.0K	/usr/src/linux-rockchip-headers-6.1.0-1025/drivers/gpu/drm/amd/display/dc/dcn30
8.0K	/usr/src/linux-rockchip-headers-6.1.0-1025/drivers/gpu/drm/amd/display/dc/basics
8.0K	/usr/src/linux-rockchip-headers-6.1.0-1025/drivers/gpu/drm/amd/display/dc/dcn20
8.0K	/usr/src/linux-rockchip-headers-6.1.0-1025/drivers/gpu/drm/amd/display/dc/dcn315
8.0K	/usr/src/linux-rockchip-headers-6.1.0-1025/drivers/gpu/drm/amd/display/dc/dce60
8.0K	/usr/src/linux-rockchip-headers-6.1.0-1025/drivers/gpu/drm/amd/display/dc/dce120
12K	/usr/src/linux-rockchip-headers-6.1.0-1025/drivers/gpu/drm/amd/display/dc/gpio
272K	/usr/src/linux-rockchip-headers-6.1.0-1025/drivers/gpu/drm/amd/display/dc
8.0K	/usr/src/linux-rockchip-headers-6.1.0-1025/drivers/gpu/drm/amd/display/modules/info_packet
8.0K	/usr/src/linux-rockchip-headers-6.1.0-1025/drivers/gpu/drm/amd/display/modules/power
8.0K	/usr/src/linux-rockchip-headers-6.1.0-1025/drivers/gpu/drm/amd/display/modules/hdcp
8.0K	/usr/src/linux-rockchip-headers-6.1.0-1025/drivers/gpu/drm/amd/display/modules/color
8.0K	/usr/src/linux-rockchip-headers-6.1.0-1025/drivers/gpu/drm/amd/display/modules/freesync
44K	/usr/src/linux-rockchip-headers-6.1.0-1025/drivers/gpu/drm/amd/display/modules
8.0K	/usr/src/linux-rockchip-headers-6.1.0-1025/drivers/gpu/drm/amd/display/amdgpu_dm
8.0K	/usr/src/linux-rockchip-headers-6.1.0-1025/drivers/gpu/drm/amd/display/dmub/src
12K	/usr/src/linux-rockchip-headers-6.1.0-1025/drivers/gpu/drm/amd/display/dmub
348K	/usr/src/linux-rockchip-headers-6.1.0-1025/drivers/gpu/drm/amd/display
12K	/usr/src/linux-rockchip-headers-6.1.0-1025/drivers/gpu/drm/amd/amdkfd
8.0K	/usr/src/linux-rockchip-headers-6.1.0-1025/drivers/gpu/drm/amd/pm/legacy-dpm
8.0K	/usr/src/linux-rockchip-headers-6.1.0-1025/drivers/gpu/drm/amd/pm/powerplay/hwmgr
8.0K	/usr/src/linux-rockchip-headers-6.1.0-1025/drivers/gpu/drm/amd/pm/powerplay/smumgr
24K	/usr/src/linux-rockchip-headers-6.1.0-1025/drivers/gpu/drm/amd/pm/powerplay
8.0K	/usr/src/linux-rockchip-headers-6.1.0-1025/drivers/gpu/drm/amd/pm/swsmu/smu13
8.0K	/usr/src/linux-rockchip-headers-6.1.0-1025/drivers/gpu/drm/amd/pm/swsmu/smu11
8.0K	/usr/src/linux-rockchip-headers-6.1.0-1025/drivers/gpu/drm/amd/pm/swsmu/smu12
32K	/usr/src/linux-rockchip-headers-6.1.0-1025/drivers/gpu/drm/amd/pm/swsmu
72K	/usr/src/linux-rockchip-headers-6.1.0-1025/drivers/gpu/drm/amd/pm
464K	/usr/src/linux-rockchip-headers-6.1.0-1025/drivers/gpu/drm/amd
8.0K	/usr/src/linux-rockchip-headers-6.1.0-1025/drivers/gpu/drm/i915/gvt
52K	/usr/src/linux-rockchip-headers-6.1.0-1025/drivers/gpu/drm/i915
12K	/usr/src/linux-rockchip-headers-6.1.0-1025/drivers/gpu/drm/armada
12K	/usr/src/linux-rockchip-headers-6.1.0-1025/drivers/gpu/drm/hisilicon/kirin
12K	/usr/src/linux-rockchip-headers-6.1.0-1025/drivers/gpu/drm/hisilicon/hibmc
36K	/usr/src/linux-rockchip-headers-6.1.0-1025/drivers/gpu/drm/hisilicon
12K	/usr/src/linux-rockchip-headers-6.1.0-1025/drivers/gpu/drm/etnaviv
12K	/usr/src/linux-rockchip-headers-6.1.0-1025/drivers/gpu/drm/display
12K	/usr/src/linux-rockchip-headers-6.1.0-1025/drivers/gpu/drm/exynos
12K	/usr/src/linux-rockchip-headers-6.1.0-1025/drivers/gpu/drm/meson
12K	/usr/src/linux-rockchip-headers-6.1.0-1025/drivers/gpu/drm/imx/dcss
24K	/usr/src/linux-rockchip-headers-6.1.0-1025/drivers/gpu/drm/imx
12K	/usr/src/linux-rockchip-headers-6.1.0-1025/drivers/gpu/drm/solomon
12K	/usr/src/linux-rockchip-headers-6.1.0-1025/drivers/gpu/drm/gma500
8.0K	/usr/src/linux-rockchip-headers-6.1.0-1025/drivers/gpu/drm/sis
12K	/usr/src/linux-rockchip-headers-6.1.0-1025/drivers/gpu/drm/ast
12K	/usr/src/linux-rockchip-headers-6.1.0-1025/drivers/gpu/drm/ingenic
12K	/usr/src/linux-rockchip-headers-6.1.0-1025/drivers/gpu/drm/atmel-hlcdc
12K	/usr/src/linux-rockchip-headers-6.1.0-1025/drivers/gpu/drm/rcar-du
8.0K	/usr/src/linux-rockchip-headers-6.1.0-1025/drivers/gpu/drm/hyperv
8.0K	/usr/src/linux-rockchip-headers-6.1.0-1025/drivers/gpu/drm/vkms
12K	/usr/src/linux-rockchip-headers-6.1.0-1025/drivers/gpu/drm/qxl
12K	/usr/src/linux-rockchip-headers-6.1.0-1025/drivers/gpu/drm/sun4i
8.0K	/usr/src/linux-rockchip-headers-6.1.0-1025/drivers/gpu/drm/tdfx
12K	/usr/src/linux-rockchip-headers-6.1.0-1025/drivers/gpu/drm/mgag200
8.0K	/usr/src/linux-rockchip-headers-6.1.0-1025/drivers/gpu/drm/arm/display/komeda
20K	/usr/src/linux-rockchip-headers-6.1.0-1025/drivers/gpu/drm/arm/display
32K	/usr/src/linux-rockchip-headers-6.1.0-1025/drivers/gpu/drm/arm
8.0K	/usr/src/linux-rockchip-headers-6.1.0-1025/drivers/gpu/drm/mga
16K	/usr/src/linux-rockchip-headers-6.1.0-1025/drivers/gpu/drm/msm
8.0K	/usr/src/linux-rockchip-headers-6.1.0-1025/drivers/gpu/drm/i810
12K	/usr/src/linux-rockchip-headers-6.1.0-1025/drivers/gpu/drm/stm
12K	/usr/src/linux-rockchip-headers-6.1.0-1025/drivers/gpu/drm/omapdrm
12K	/usr/src/linux-rockchip-headers-6.1.0-1025/drivers/gpu/drm/mediatek
16K	/usr/src/linux-rockchip-headers-6.1.0-1025/drivers/gpu/drm/tiny
8.0K	/usr/src/linux-rockchip-headers-6.1.0-1025/drivers/gpu/drm/rockchip/ebc-dev/bufmanage
8.0K	/usr/src/linux-rockchip-headers-6.1.0-1025/drivers/gpu/drm/rockchip/ebc-dev/epdlut
8.0K	/usr/src/linux-rockchip-headers-6.1.0-1025/drivers/gpu/drm/rockchip/ebc-dev/tcon
8.0K	/usr/src/linux-rockchip-headers-6.1.0-1025/drivers/gpu/drm/rockchip/ebc-dev/pmic
44K	/usr/src/linux-rockchip-headers-6.1.0-1025/drivers/gpu/drm/rockchip/ebc-dev
12K	/usr/src/linux-rockchip-headers-6.1.0-1025/drivers/gpu/drm/rockchip/rk618
72K	/usr/src/linux-rockchip-headers-6.1.0-1025/drivers/gpu/drm/rockchip
8.0K	/usr/src/linux-rockchip-headers-6.1.0-1025/drivers/gpu/drm/nouveau/nvif
8.0K	/usr/src/linux-rockchip-headers-6.1.0-1025/drivers/gpu/drm/nouveau/dispnv04
8.0K	/usr/src/linux-rockchip-headers-6.1.0-1025/drivers/gpu/drm/nouveau/dispnv50
8.0K	/usr/src/linux-rockchip-headers-6.1.0-1025/drivers/gpu/drm/nouveau/nvkm/nvfw
8.0K	/usr/src/linux-rockchip-headers-6.1.0-1025/drivers/gpu/drm/nouveau/nvkm/core
8.0K	/usr/src/linux-rockchip-headers-6.1.0-1025/drivers/gpu/drm/nouveau/nvkm/falcon
8.0K	/usr/src/linux-rockchip-headers-6.1.0-1025/drivers/gpu/drm/nouveau/nvkm/engine/nvdec
8.0K	/usr/src/linux-rockchip-headers-6.1.0-1025/drivers/gpu/drm/nouveau/nvkm/engine/vic
8.0K	/usr/src/linux-rockchip-headers-6.1.0-1025/drivers/gpu/drm/nouveau/nvkm/engine/vp
8.0K	/usr/src/linux-rockchip-headers-6.1.0-1025/drivers/gpu/drm/nouveau/nvkm/engine/device
8.0K	/usr/src/linux-rockchip-headers-6.1.0-1025/drivers/gpu/drm/nouveau/nvkm/engine/gr
8.0K	/usr/src/linux-rockchip-headers-6.1.0-1025/drivers/gpu/drm/nouveau/nvkm/engine/bsp
8.0K	/usr/src/linux-rockchip-headers-6.1.0-1025/drivers/gpu/drm/nouveau/nvkm/engine/fifo
8.0K	/usr/src/linux-rockchip-headers-6.1.0-1025/drivers/gpu/drm/nouveau/nvkm/engine/pm
8.0K	/usr/src/linux-rockchip-headers-6.1.0-1025/drivers/gpu/drm/nouveau/nvkm/engine/sw
8.0K	/usr/src/linux-rockchip-headers-6.1.0-1025/drivers/gpu/drm/nouveau/nvkm/engine/msvld
8.0K	/usr/src/linux-rockchip-headers-6.1.0-1025/drivers/gpu/drm/nouveau/nvkm/engine/sec2
8.0K	/usr/src/linux-rockchip-headers-6.1.0-1025/drivers/gpu/drm/nouveau/nvkm/engine/disp
8.0K	/usr/src/linux-rockchip-headers-6.1.0-1025/drivers/gpu/drm/nouveau/nvkm/engine/cipher
8.0K	/usr/src/linux-rockchip-headers-6.1.0-1025/drivers/gpu/drm/nouveau/nvkm/engine/ce
8.0K	/usr/src/linux-rockchip-headers-6.1.0-1025/drivers/gpu/drm/nouveau/nvkm/engine/mpeg
8.0K	/usr/src/linux-rockchip-headers-6.1.0-1025/drivers/gpu/drm/nouveau/nvkm/engine/dma
8.0K	/usr/src/linux-rockchip-headers-6.1.0-1025/drivers/gpu/drm/nouveau/nvkm/engine/msppp
8.0K	/usr/src/linux-rockchip-headers-6.1.0-1025/drivers/gpu/drm/nouveau/nvkm/engine/nvenc
8.0K	/usr/src/linux-rockchip-headers-6.1.0-1025/drivers/gpu/drm/nouveau/nvkm/engine/mspdec
8.0K	/usr/src/linux-rockchip-headers-6.1.0-1025/drivers/gpu/drm/nouveau/nvkm/engine/msenc
8.0K	/usr/src/linux-rockchip-headers-6.1.0-1025/drivers/gpu/drm/nouveau/nvkm/engine/sec
176K	/usr/src/linux-rockchip-headers-6.1.0-1025/drivers/gpu/drm/nouveau/nvkm/engine
8.0K	/usr/src/linux-rockchip-headers-6.1.0-1025/drivers/gpu/drm/nouveau/nvkm/subdev/pci
8.0K	/usr/src/linux-rockchip-headers-6.1.0-1025/drivers/gpu/drm/nouveau/nvkm/subdev/privring
8.0K	/usr/src/linux-rockchip-headers-6.1.0-1025/drivers/gpu/drm/nouveau/nvkm/subdev/bios
8.0K	/usr/src/linux-rockchip-headers-6.1.0-1025/drivers/gpu/drm/nouveau/nvkm/subdev/clk
8.0K	/usr/src/linux-rockchip-headers-6.1.0-1025/drivers/gpu/drm/nouveau/nvkm/subdev/iccsense
8.0K	/usr/src/linux-rockchip-headers-6.1.0-1025/drivers/gpu/drm/nouveau/nvkm/subdev/bus
8.0K	/usr/src/linux-rockchip-headers-6.1.0-1025/drivers/gpu/drm/nouveau/nvkm/subdev/devinit
8.0K	/usr/src/linux-rockchip-headers-6.1.0-1025/drivers/gpu/drm/nouveau/nvkm/subdev/fuse
8.0K	/usr/src/linux-rockchip-headers-6.1.0-1025/drivers/gpu/drm/nouveau/nvkm/subdev/top
8.0K	/usr/src/linux-rockchip-headers-6.1.0-1025/drivers/gpu/drm/nouveau/nvkm/subdev/timer
8.0K	/usr/src/linux-rockchip-headers-6.1.0-1025/drivers/gpu/drm/nouveau/nvkm/subdev/pmu
8.0K	/usr/src/linux-rockchip-headers-6.1.0-1025/drivers/gpu/drm/nouveau/nvkm/subdev/ltc
8.0K	/usr/src/linux-rockchip-headers-6.1.0-1025/drivers/gpu/drm/nouveau/nvkm/subdev/bar
8.0K	/usr/src/linux-rockchip-headers-6.1.0-1025/drivers/gpu/drm/nouveau/nvkm/subdev/acr
8.0K	/usr/src/linux-rockchip-headers-6.1.0-1025/drivers/gpu/drm/nouveau/nvkm/subdev/fault
8.0K	/usr/src/linux-rockchip-headers-6.1.0-1025/drivers/gpu/drm/nouveau/nvkm/subdev/fb
8.0K	/usr/src/linux-rockchip-headers-6.1.0-1025/drivers/gpu/drm/nouveau/nvkm/subdev/mc
8.0K	/usr/src/linux-rockchip-headers-6.1.0-1025/drivers/gpu/drm/nouveau/nvkm/subdev/instmem
8.0K	/usr/src/linux-rockchip-headers-6.1.0-1025/drivers/gpu/drm/nouveau/nvkm/subdev/mmu
8.0K	/usr/src/linux-rockchip-headers-6.1.0-1025/drivers/gpu/drm/nouveau/nvkm/subdev/i2c
8.0K	/usr/src/linux-rockchip-headers-6.1.0-1025/drivers/gpu/drm/nouveau/nvkm/subdev/therm
8.0K	/usr/src/linux-rockchip-headers-6.1.0-1025/drivers/gpu/drm/nouveau/nvkm/subdev/volt
8.0K	/usr/src/linux-rockchip-headers-6.1.0-1025/drivers/gpu/drm/nouveau/nvkm/subdev/mxm
8.0K	/usr/src/linux-rockchip-headers-6.1.0-1025/drivers/gpu/drm/nouveau/nvkm/subdev/gsp
8.0K	/usr/src/linux-rockchip-headers-6.1.0-1025/drivers/gpu/drm/nouveau/nvkm/subdev/gpio
208K	/usr/src/linux-rockchip-headers-6.1.0-1025/drivers/gpu/drm/nouveau/nvkm/subdev
416K	/usr/src/linux-rockchip-headers-6.1.0-1025/drivers/gpu/drm/nouveau/nvkm
452K	/usr/src/linux-rockchip-headers-6.1.0-1025/drivers/gpu/drm/nouveau
12K	/usr/src/linux-rockchip-headers-6.1.0-1025/drivers/gpu/drm/udl
12K	/usr/src/linux-rockchip-headers-6.1.0-1025/drivers/gpu/drm/sti
8.0K	/usr/src/linux-rockchip-headers-6.1.0-1025/drivers/gpu/drm/vgem
12K	/usr/src/linux-rockchip-headers-6.1.0-1025/drivers/gpu/drm/sprd
8.0K	/usr/src/linux-rockchip-headers-6.1.0-1025/drivers/gpu/drm/scheduler
12K	/usr/src/linux-rockchip-headers-6.1.0-1025/drivers/gpu/drm/kmb
12K	/usr/src/linux-rockchip-headers-6.1.0-1025/drivers/gpu/drm/v3d
12K	/usr/src/linux-rockchip-headers-6.1.0-1025/drivers/gpu/drm/aspeed
12K	/usr/src/linux-rockchip-headers-6.1.0-1025/drivers/gpu/drm/shmobile
8.0K	/usr/src/linux-rockchip-headers-6.1.0-1025/drivers/gpu/drm/tests
12K	/usr/src/linux-rockchip-headers-6.1.0-1025/drivers/gpu/drm/tve200
12K	/usr/src/linux-rockchip-headers-6.1.0-1025/drivers/gpu/drm/i2c
12K	/usr/src/linux-rockchip-headers-6.1.0-1025/drivers/gpu/drm/tegra
12K	/usr/src/linux-rockchip-headers-6.1.0-1025/drivers/gpu/drm/xen
12K	/usr/src/linux-rockchip-headers-6.1.0-1025/drivers/gpu/drm/logicvc
12K	/usr/src/linux-rockchip-headers-6.1.0-1025/drivers/gpu/drm/mxsfb
8.0K	/usr/src/linux-rockchip-headers-6.1.0-1025/drivers/gpu/drm/ttm
12K	/usr/src/linux-rockchip-headers-6.1.0-1025/drivers/gpu/drm/vboxvideo
8.0K	/usr/src/linux-rockchip-headers-6.1.0-1025/drivers/gpu/drm/savage
12K	/usr/src/linux-rockchip-headers-6.1.0-1025/drivers/gpu/drm/fsl-dcu
12K	/usr/src/linux-rockchip-headers-6.1.0-1025/drivers/gpu/drm/pl111
12K	/usr/src/linux-rockchip-headers-6.1.0-1025/drivers/gpu/drm/vmwgfx
12K	/usr/src/linux-rockchip-headers-6.1.0-1025/drivers/gpu/drm/lima
8.0K	/usr/src/linux-rockchip-headers-6.1.0-1025/drivers/gpu/drm/via
12K	/usr/src/linux-rockchip-headers-6.1.0-1025/drivers/gpu/drm/virtio
12K	/usr/src/linux-rockchip-headers-6.1.0-1025/drivers/gpu/drm/radeon
36K	/usr/src/linux-rockchip-headers-6.1.0-1025/drivers/gpu/drm/panel
12K	/usr/src/linux-rockchip-headers-6.1.0-1025/drivers/gpu/drm/vc4
12K	/usr/src/linux-rockchip-headers-6.1.0-1025/drivers/gpu/drm/mcde
1.9M	/usr/src/linux-rockchip-headers-6.1.0-1025/drivers/gpu/drm
2.5M	/usr/src/linux-rockchip-headers-6.1.0-1025/drivers/gpu
16K	/usr/src/linux-rockchip-headers-6.1.0-1025/drivers/extcon
12K	/usr/src/linux-rockchip-headers-6.1.0-1025/drivers/slimbus
16K	/usr/src/linux-rockchip-headers-6.1.0-1025/drivers/nvdimm
68K	/usr/src/linux-rockchip-headers-6.1.0-1025/drivers/gpio
32K	/usr/src/linux-rockchip-headers-6.1.0-1025/drivers/pwm
28K	/usr/src/linux-rockchip-headers-6.1.0-1025/drivers/edac
23M	/usr/src/linux-rockchip-headers-6.1.0-1025/drivers
8.0K	/usr/src/linux-rockchip-headers-6.1.0-1025/ipc
12K	/usr/src/linux-rockchip-headers-6.1.0-1025/security/integrity/evm
20K	/usr/src/linux-rockchip-headers-6.1.0-1025/security/integrity/ima
44K	/usr/src/linux-rockchip-headers-6.1.0-1025/security/integrity
12K	/usr/src/linux-rockchip-headers-6.1.0-1025/security/smack
12K	/usr/src/linux-rockchip-headers-6.1.0-1025/security/yama
12K	/usr/src/linux-rockchip-headers-6.1.0-1025/security/landlock
8.0K	/usr/src/linux-rockchip-headers-6.1.0-1025/security/keys/encrypted-keys
12K	/usr/src/linux-rockchip-headers-6.1.0-1025/security/keys/trusted-keys
36K	/usr/src/linux-rockchip-headers-6.1.0-1025/security/keys
12K	/usr/src/linux-rockchip-headers-6.1.0-1025/security/tomoyo
12K	/usr/src/linux-rockchip-headers-6.1.0-1025/security/safesetid
16K	/usr/src/linux-rockchip-headers-6.1.0-1025/security/selinux
12K	/usr/src/linux-rockchip-headers-6.1.0-1025/security/loadpin
8.0K	/usr/src/linux-rockchip-headers-6.1.0-1025/security/bpf
12K	/usr/src/linux-rockchip-headers-6.1.0-1025/security/lockdown
20K	/usr/src/linux-rockchip-headers-6.1.0-1025/security/apparmor
244K	/usr/src/linux-rockchip-headers-6.1.0-1025/security
16K	/usr/src/linux-rockchip-headers-6.1.0-1025/certs
20K	/usr/src/linux-rockchip-headers-6.1.0-1025/block/partitions
40K	/usr/src/linux-rockchip-headers-6.1.0-1025/block
76K	/usr/src/linux-rockchip-headers-6.1.0-1025/init
8.0K	/usr/src/linux-rockchip-headers-6.1.0-1025/sound/aoa/soundbus/i2sbus
20K	/usr/src/linux-rockchip-headers-6.1.0-1025/sound/aoa/soundbus
12K	/usr/src/linux-rockchip-headers-6.1.0-1025/sound/aoa/codecs
8.0K	/usr/src/linux-rockchip-headers-6.1.0-1025/sound/aoa/core
12K	/usr/src/linux-rockchip-headers-6.1.0-1025/sound/aoa/fabrics
64K	/usr/src/linux-rockchip-headers-6.1.0-1025/sound/aoa
8.0K	/usr/src/linux-rockchip-headers-6.1.0-1025/sound/pcmcia/vx
8.0K	/usr/src/linux-rockchip-headers-6.1.0-1025/sound/pcmcia/pdaudiocf
28K	/usr/src/linux-rockchip-headers-6.1.0-1025/sound/pcmcia
8.0K	/usr/src/linux-rockchip-headers-6.1.0-1025/sound/pci/korg1212
8.0K	/usr/src/linux-rockchip-headers-6.1.0-1025/sound/pci/lola
8.0K	/usr/src/linux-rockchip-headers-6.1.0-1025/sound/pci/lx6464es
8.0K	/usr/src/linux-rockchip-headers-6.1.0-1025/sound/pci/riptide
8.0K	/usr/src/linux-rockchip-headers-6.1.0-1025/sound/pci/cs46xx
8.0K	/usr/src/linux-rockchip-headers-6.1.0-1025/sound/pci/ac97
8.0K	/usr/src/linux-rockchip-headers-6.1.0-1025/sound/pci/aw2
8.0K	/usr/src/linux-rockchip-headers-6.1.0-1025/sound/pci/ctxfi
8.0K	/usr/src/linux-rockchip-headers-6.1.0-1025/sound/pci/cs5535audio
8.0K	/usr/src/linux-rockchip-headers-6.1.0-1025/sound/pci/ymfpci
8.0K	/usr/src/linux-rockchip-headers-6.1.0-1025/sound/pci/ice1712
8.0K	/usr/src/linux-rockchip-headers-6.1.0-1025/sound/pci/pcxhr
8.0K	/usr/src/linux-rockchip-headers-6.1.0-1025/sound/pci/ali5451
8.0K	/usr/src/linux-rockchip-headers-6.1.0-1025/sound/pci/echoaudio
8.0K	/usr/src/linux-rockchip-headers-6.1.0-1025/sound/pci/emu10k1
8.0K	/usr/src/linux-rockchip-headers-6.1.0-1025/sound/pci/rme9652
8.0K	/usr/src/linux-rockchip-headers-6.1.0-1025/sound/pci/asihpi
8.0K	/usr/src/linux-rockchip-headers-6.1.0-1025/sound/pci/ca0106
8.0K	/usr/src/linux-rockchip-headers-6.1.0-1025/sound/pci/oxygen
8.0K	/usr/src/linux-rockchip-headers-6.1.0-1025/sound/pci/au88x0
8.0K	/usr/src/linux-rockchip-headers-6.1.0-1025/sound/pci/vx222
8.0K	/usr/src/linux-rockchip-headers-6.1.0-1025/sound/pci/nm256
8.0K	/usr/src/linux-rockchip-headers-6.1.0-1025/sound/pci/mixart
8.0K	/usr/src/linux-rockchip-headers-6.1.0-1025/sound/pci/trident
20K	/usr/src/linux-rockchip-headers-6.1.0-1025/sound/pci/hda
248K	/usr/src/linux-rockchip-headers-6.1.0-1025/sound/pci
8.0K	/usr/src/linux-rockchip-headers-6.1.0-1025/sound/synth/emux
20K	/usr/src/linux-rockchip-headers-6.1.0-1025/sound/synth
12K	/usr/src/linux-rockchip-headers-6.1.0-1025/sound/ppc
12K	/usr/src/linux-rockchip-headers-6.1.0-1025/sound/mips
8.0K	/usr/src/linux-rockchip-headers-6.1.0-1025/sound/isa/wss
8.0K	/usr/src/linux-rockchip-headers-6.1.0-1025/sound/isa/ad1816a
8.0K	/usr/src/linux-rockchip-headers-6.1.0-1025/sound/isa/ad1848
8.0K	/usr/src/linux-rockchip-headers-6.1.0-1025/sound/isa/galaxy
8.0K	/usr/src/linux-rockchip-headers-6.1.0-1025/sound/isa/opti9xx
8.0K	/usr/src/linux-rockchip-headers-6.1.0-1025/sound/isa/es1688
8.0K	/usr/src/linux-rockchip-headers-6.1.0-1025/sound/isa/gus
8.0K	/usr/src/linux-rockchip-headers-6.1.0-1025/sound/isa/msnd
8.0K	/usr/src/linux-rockchip-headers-6.1.0-1025/sound/isa/sb
8.0K	/usr/src/linux-rockchip-headers-6.1.0-1025/sound/isa/wavefront
8.0K	/usr/src/linux-rockchip-headers-6.1.0-1025/sound/isa/cs423x
112K	/usr/src/linux-rockchip-headers-6.1.0-1025/sound/isa
12K	/usr/src/linux-rockchip-headers-6.1.0-1025/sound/spi
8.0K	/usr/src/linux-rockchip-headers-6.1.0-1025/sound/drivers/opl4
8.0K	/usr/src/linux-rockchip-headers-6.1.0-1025/sound/drivers/opl3
8.0K	/usr/src/linux-rockchip-headers-6.1.0-1025/sound/drivers/pcsp
8.0K	/usr/src/linux-rockchip-headers-6.1.0-1025/sound/drivers/vx
8.0K	/usr/src/linux-rockchip-headers-6.1.0-1025/sound/drivers/mpu401
56K	/usr/src/linux-rockchip-headers-6.1.0-1025/sound/drivers
12K	/usr/src/linux-rockchip-headers-6.1.0-1025/sound/ac97
12K	/usr/src/linux-rockchip-headers-6.1.0-1025/sound/sh
8.0K	/usr/src/linux-rockchip-headers-6.1.0-1025/sound/firewire/fireworks
8.0K	/usr/src/linux-rockchip-headers-6.1.0-1025/sound/firewire/fireface
8.0K	/usr/src/linux-rockchip-headers-6.1.0-1025/sound/firewire/bebob
8.0K	/usr/src/linux-rockchip-headers-6.1.0-1025/sound/firewire/motu
8.0K	/usr/src/linux-rockchip-headers-6.1.0-1025/sound/firewire/oxfw
8.0K	/usr/src/linux-rockchip-headers-6.1.0-1025/sound/firewire/digi00x
8.0K	/usr/src/linux-rockchip-headers-6.1.0-1025/sound/firewire/dice
8.0K	/usr/src/linux-rockchip-headers-6.1.0-1025/sound/firewire/tascam
80K	/usr/src/linux-rockchip-headers-6.1.0-1025/sound/firewire
8.0K	/usr/src/linux-rockchip-headers-6.1.0-1025/sound/core/seq/oss
20K	/usr/src/linux-rockchip-headers-6.1.0-1025/sound/core/seq
8.0K	/usr/src/linux-rockchip-headers-6.1.0-1025/sound/core/oss
44K	/usr/src/linux-rockchip-headers-6.1.0-1025/sound/core
12K	/usr/src/linux-rockchip-headers-6.1.0-1025/sound/arm
12K	/usr/src/linux-rockchip-headers-6.1.0-1025/sound/parisc
8.0K	/usr/src/linux-rockchip-headers-6.1.0-1025/sound/i2c/other
16K	/usr/src/linux-rockchip-headers-6.1.0-1025/sound/i2c
12K	/usr/src/linux-rockchip-headers-6.1.0-1025/sound/xen
20K	/usr/src/linux-rockchip-headers-6.1.0-1025/sound/soc/fsl
12K	/usr/src/linux-rockchip-headers-6.1.0-1025/sound/soc/au1x
12K	/usr/src/linux-rockchip-headers-6.1.0-1025/sound/soc/jz4740
8.0K	/usr/src/linux-rockchip-headers-6.1.0-1025/sound/soc/amd/vangogh
8.0K	/usr/src/linux-rockchip-headers-6.1.0-1025/sound/soc/amd/rpl
12K	/usr/src/linux-rockchip-headers-6.1.0-1025/sound/soc/amd/acp
8.0K	/usr/src/linux-rockchip-headers-6.1.0-1025/sound/soc/amd/ps
8.0K	/usr/src/linux-rockchip-headers-6.1.0-1025/sound/soc/amd/renoir
8.0K	/usr/src/linux-rockchip-headers-6.1.0-1025/sound/soc/amd/yc
8.0K	/usr/src/linux-rockchip-headers-6.1.0-1025/sound/soc/amd/raven
76K	/usr/src/linux-rockchip-headers-6.1.0-1025/sound/soc/amd
12K	/usr/src/linux-rockchip-headers-6.1.0-1025/sound/soc/sunxi
8.0K	/usr/src/linux-rockchip-headers-6.1.0-1025/sound/soc/qcom/qdsp6
24K	/usr/src/linux-rockchip-headers-6.1.0-1025/sound/soc/qcom
12K	/usr/src/linux-rockchip-headers-6.1.0-1025/sound/soc/hisilicon
12K	/usr/src/linux-rockchip-headers-6.1.0-1025/sound/soc/apple
12K	/usr/src/linux-rockchip-headers-6.1.0-1025/sound/soc/meson
12K	/usr/src/linux-rockchip-headers-6.1.0-1025/sound/soc/kirkwood
12K	/usr/src/linux-rockchip-headers-6.1.0-1025/sound/soc/uniphier
12K	/usr/src/linux-rockchip-headers-6.1.0-1025/sound/soc/xtensa
12K	/usr/src/linux-rockchip-headers-6.1.0-1025/sound/soc/img
8.0K	/usr/src/linux-rockchip-headers-6.1.0-1025/sound/soc/intel/common
8.0K	/usr/src/linux-rockchip-headers-6.1.0-1025/sound/soc/intel/catpt
8.0K	/usr/src/linux-rockchip-headers-6.1.0-1025/sound/soc/intel/atom/sst
16K	/usr/src/linux-rockchip-headers-6.1.0-1025/sound/soc/intel/atom
12K	/usr/src/linux-rockchip-headers-6.1.0-1025/sound/soc/intel/avs/boards
20K	/usr/src/linux-rockchip-headers-6.1.0-1025/sound/soc/intel/avs
8.0K	/usr/src/linux-rockchip-headers-6.1.0-1025/sound/soc/intel/keembay
36K	/usr/src/linux-rockchip-headers-6.1.0-1025/sound/soc/intel/boards
8.0K	/usr/src/linux-rockchip-headers-6.1.0-1025/sound/soc/intel/skylake
120K	/usr/src/linux-rockchip-headers-6.1.0-1025/sound/soc/intel
12K	/usr/src/linux-rockchip-headers-6.1.0-1025/sound/soc/codecs/aw87xxx
12K	/usr/src/linux-rockchip-headers-6.1.0-1025/sound/soc/codecs/it6621
12K	/usr/src/linux-rockchip-headers-6.1.0-1025/sound/soc/codecs/aw882xx
12K	/usr/src/linux-rockchip-headers-6.1.0-1025/sound/soc/codecs/aw883xx
140K	/usr/src/linux-rockchip-headers-6.1.0-1025/sound/soc/codecs
12K	/usr/src/linux-rockchip-headers-6.1.0-1025/sound/soc/xilinx
8.0K	/usr/src/linux-rockchip-headers-6.1.0-1025/sound/soc/sh/rcar
20K	/usr/src/linux-rockchip-headers-6.1.0-1025/sound/soc/sh
12K	/usr/src/linux-rockchip-headers-6.1.0-1025/sound/soc/dwc
16K	/usr/src/linux-rockchip-headers-6.1.0-1025/sound/soc/ti
12K	/usr/src/linux-rockchip-headers-6.1.0-1025/sound/soc/cirrus
12K	/usr/src/linux-rockchip-headers-6.1.0-1025/sound/soc/bcm
12K	/usr/src/linux-rockchip-headers-6.1.0-1025/sound/soc/stm
12K	/usr/src/linux-rockchip-headers-6.1.0-1025/sound/soc/generic
8.0K	/usr/src/linux-rockchip-headers-6.1.0-1025/sound/soc/mediatek/common
8.0K	/usr/src/linux-rockchip-headers-6.1.0-1025/sound/soc/mediatek/mt8192
8.0K	/usr/src/linux-rockchip-headers-6.1.0-1025/sound/soc/mediatek/mt6797
8.0K	/usr/src/linux-rockchip-headers-6.1.0-1025/sound/soc/mediatek/mt8173
8.0K	/usr/src/linux-rockchip-headers-6.1.0-1025/sound/soc/mediatek/mt2701
8.0K	/usr/src/linux-rockchip-headers-6.1.0-1025/sound/soc/mediatek/mt8195
8.0K	/usr/src/linux-rockchip-headers-6.1.0-1025/sound/soc/mediatek/mt8186
8.0K	/usr/src/linux-rockchip-headers-6.1.0-1025/sound/soc/mediatek/mt8183
80K	/usr/src/linux-rockchip-headers-6.1.0-1025/sound/soc/mediatek
12K	/usr/src/linux-rockchip-headers-6.1.0-1025/sound/soc/ux500
12K	/usr/src/linux-rockchip-headers-6.1.0-1025/sound/soc/mxs
16K	/usr/src/linux-rockchip-headers-6.1.0-1025/sound/soc/rockchip
12K	/usr/src/linux-rockchip-headers-6.1.0-1025/sound/soc/sti
12K	/usr/src/linux-rockchip-headers-6.1.0-1025/sound/soc/sprd
12K	/usr/src/linux-rockchip-headers-6.1.0-1025/sound/soc/sof/amd
12K	/usr/src/linux-rockchip-headers-6.1.0-1025/sound/soc/sof/imx
12K	/usr/src/linux-rockchip-headers-6.1.0-1025/sound/soc/sof/xtensa
20K	/usr/src/linux-rockchip-headers-6.1.0-1025/sound/soc/sof/intel
8.0K	/usr/src/linux-rockchip-headers-6.1.0-1025/sound/soc/sof/mediatek/mt8195
8.0K	/usr/src/linux-rockchip-headers-6.1.0-1025/sound/soc/sof/mediatek/mt8186
28K	/usr/src/linux-rockchip-headers-6.1.0-1025/sound/soc/sof/mediatek
104K	/usr/src/linux-rockchip-headers-6.1.0-1025/sound/soc/sof
12K	/usr/src/linux-rockchip-headers-6.1.0-1025/sound/soc/spear
12K	/usr/src/linux-rockchip-headers-6.1.0-1025/sound/soc/adi
16K	/usr/src/linux-rockchip-headers-6.1.0-1025/sound/soc/pxa
20K	/usr/src/linux-rockchip-headers-6.1.0-1025/sound/soc/tegra
16K	/usr/src/linux-rockchip-headers-6.1.0-1025/sound/soc/samsung
16K	/usr/src/linux-rockchip-headers-6.1.0-1025/sound/soc/atmel
960K	/usr/src/linux-rockchip-headers-6.1.0-1025/sound/soc
12K	/usr/src/linux-rockchip-headers-6.1.0-1025/sound/atmel
12K	/usr/src/linux-rockchip-headers-6.1.0-1025/sound/oss/dmasound
16K	/usr/src/linux-rockchip-headers-6.1.0-1025/sound/oss
12K	/usr/src/linux-rockchip-headers-6.1.0-1025/sound/sparc
12K	/usr/src/linux-rockchip-headers-6.1.0-1025/sound/virtio
8.0K	/usr/src/linux-rockchip-headers-6.1.0-1025/sound/usb/hiface
12K	/usr/src/linux-rockchip-headers-6.1.0-1025/sound/usb/line6
8.0K	/usr/src/linux-rockchip-headers-6.1.0-1025/sound/usb/6fire
8.0K	/usr/src/linux-rockchip-headers-6.1.0-1025/sound/usb/bcd2000
8.0K	/usr/src/linux-rockchip-headers-6.1.0-1025/sound/usb/misc
8.0K	/usr/src/linux-rockchip-headers-6.1.0-1025/sound/usb/usx2y
8.0K	/usr/src/linux-rockchip-headers-6.1.0-1025/sound/usb/caiaq
76K	/usr/src/linux-rockchip-headers-6.1.0-1025/sound/usb
12K	/usr/src/linux-rockchip-headers-6.1.0-1025/sound/x86
8.0K	/usr/src/linux-rockchip-headers-6.1.0-1025/sound/hda/ext
20K	/usr/src/linux-rockchip-headers-6.1.0-1025/sound/hda
1.9M	/usr/src/linux-rockchip-headers-6.1.0-1025/sound
8.0K	/usr/src/linux-rockchip-headers-6.1.0-1025/tools/thermal/thermal-engine
8.0K	/usr/src/linux-rockchip-headers-6.1.0-1025/tools/thermal/tmon
8.0K	/usr/src/linux-rockchip-headers-6.1.0-1025/tools/thermal/thermometer
12K	/usr/src/linux-rockchip-headers-6.1.0-1025/tools/thermal/lib
40K	/usr/src/linux-rockchip-headers-6.1.0-1025/tools/thermal
8.0K	/usr/src/linux-rockchip-headers-6.1.0-1025/tools/pcmcia
20K	/usr/src/linux-rockchip-headers-6.1.0-1025/tools/hv
12K	/usr/src/linux-rockchip-headers-6.1.0-1025/tools/testing/fault-injection
8.0K	/usr/src/linux-rockchip-headers-6.1.0-1025/tools/testing/scatterlist
12K	/usr/src/linux-rockchip-headers-6.1.0-1025/tools/testing/crypto/chacha20-s390
16K	/usr/src/linux-rockchip-headers-6.1.0-1025/tools/testing/crypto
8.0K	/usr/src/linux-rockchip-headers-6.1.0-1025/tools/testing/memblock/scripts
16K	/usr/src/linux-rockchip-headers-6.1.0-1025/tools/testing/memblock
8.0K	/usr/src/linux-rockchip-headers-6.1.0-1025/tools/testing/cxl/test
16K	/usr/src/linux-rockchip-headers-6.1.0-1025/tools/testing/cxl
8.0K	/usr/src/linux-rockchip-headers-6.1.0-1025/tools/testing/vsock
8.0K	/usr/src/linux-rockchip-headers-6.1.0-1025/tools/testing/radix-tree
16K	/usr/src/linux-rockchip-headers-6.1.0-1025/tools/testing/ktest/examples/bootconfigs
20K	/usr/src/linux-rockchip-headers-6.1.0-1025/tools/testing/ktest/examples
152K	/usr/src/linux-rockchip-headers-6.1.0-1025/tools/testing/ktest
12K	/usr/src/linux-rockchip-headers-6.1.0-1025/tools/testing/selftests/rseq
12K	/usr/src/linux-rockchip-headers-6.1.0-1025/tools/testing/selftests/nolibc
996K	/usr/src/linux-rockchip-headers-6.1.0-1025/tools/testing/selftests/net/forwarding
16K	/usr/src/linux-rockchip-headers-6.1.0-1025/tools/testing/selftests/net/openvswitch
8.0K	/usr/src/linux-rockchip-headers-6.1.0-1025/tools/testing/selftests/net/af_unix
180K	/usr/src/linux-rockchip-headers-6.1.0-1025/tools/testing/selftests/net/mptcp
2.2M	/usr/src/linux-rockchip-headers-6.1.0-1025/tools/testing/selftests/net
8.0K	/usr/src/linux-rockchip-headers-6.1.0-1025/tools/testing/selftests/proc
12K	/usr/src/linux-rockchip-headers-6.1.0-1025/tools/testing/selftests/sgx
12K	/usr/src/linux-rockchip-headers-6.1.0-1025/tools/testing/selftests/ptp
8.0K	/usr/src/linux-rockchip-headers-6.1.0-1025/tools/testing/selftests/timers
12K	/usr/src/linux-rockchip-headers-6.1.0-1025/tools/testing/selftests/efivarfs
8.0K	/usr/src/linux-rockchip-headers-6.1.0-1025/tools/testing/selftests/pidfd
8.0K	/usr/src/linux-rockchip-headers-6.1.0-1025/tools/testing/selftests/mount_setattr
8.0K	/usr/src/linux-rockchip-headers-6.1.0-1025/tools/testing/selftests/clone3
8.0K	/usr/src/linux-rockchip-headers-6.1.0-1025/tools/testing/selftests/size
28K	/usr/src/linux-rockchip-headers-6.1.0-1025/tools/testing/selftests/kexec
20K	/usr/src/linux-rockchip-headers-6.1.0-1025/tools/testing/selftests/media_tests
12K	/usr/src/linux-rockchip-headers-6.1.0-1025/tools/testing/selftests/intel_pstate
8.0K	/usr/src/linux-rockchip-headers-6.1.0-1025/tools/testing/selftests/capabilities
12K	/usr/src/linux-rockchip-headers-6.1.0-1025/tools/testing/selftests/sparc64/drivers
24K	/usr/src/linux-rockchip-headers-6.1.0-1025/tools/testing/selftests/sparc64
8.0K	/usr/src/linux-rockchip-headers-6.1.0-1025/tools/testing/selftests/nci
16K	/usr/src/linux-rockchip-headers-6.1.0-1025/tools/testing/selftests/ntb
16K	/usr/src/linux-rockchip-headers-6.1.0-1025/tools/testing/selftests/tpm2
8.0K	/usr/src/linux-rockchip-headers-6.1.0-1025/tools/testing/selftests/sched
8.0K	/usr/src/linux-rockchip-headers-6.1.0-1025/tools/testing/selftests/openat2
36K	/usr/src/linux-rockchip-headers-6.1.0-1025/tools/testing/selftests/cgroup
84K	/usr/src/linux-rockchip-headers-6.1.0-1025/tools/testing/selftests/drivers/net/mlxsw/spectrum-2
60K	/usr/src/linux-rockchip-headers-6.1.0-1025/tools/testing/selftests/drivers/net/mlxsw/spectrum
696K	/usr/src/linux-rockchip-headers-6.1.0-1025/tools/testing/selftests/drivers/net/mlxsw
28K	/usr/src/linux-rockchip-headers-6.1.0-1025/tools/testing/selftests/drivers/net/bonding
156K	/usr/src/linux-rockchip-headers-6.1.0-1025/tools/testing/selftests/drivers/net/netdevsim
12K	/usr/src/linux-rockchip-headers-6.1.0-1025/tools/testing/selftests/drivers/net/dsa
32K	/usr/src/linux-rockchip-headers-6.1.0-1025/tools/testing/selftests/drivers/net/ocelot
12K	/usr/src/linux-rockchip-headers-6.1.0-1025/tools/testing/selftests/drivers/net/team
940K	/usr/src/linux-rockchip-headers-6.1.0-1025/tools/testing/selftests/drivers/net
8.0K	/usr/src/linux-rockchip-headers-6.1.0-1025/tools/testing/selftests/drivers/s390x/uvdevice
12K	/usr/src/linux-rockchip-headers-6.1.0-1025/tools/testing/selftests/drivers/s390x
8.0K	/usr/src/linux-rockchip-headers-6.1.0-1025/tools/testing/selftests/drivers/sdsi
8.0K	/usr/src/linux-rockchip-headers-6.1.0-1025/tools/testing/selftests/drivers/dma-buf
12K	/usr/src/linux-rockchip-headers-6.1.0-1025/tools/testing/selftests/drivers/usb/usbip
16K	/usr/src/linux-rockchip-headers-6.1.0-1025/tools/testing/selftests/drivers/usb
12K	/usr/src/linux-rockchip-headers-6.1.0-1025/tools/testing/selftests/drivers/gpu
1000K	/usr/src/linux-rockchip-headers-6.1.0-1025/tools/testing/selftests/drivers
8.0K	/usr/src/linux-rockchip-headers-6.1.0-1025/tools/testing/selftests/kcmp
16K	/usr/src/linux-rockchip-headers-6.1.0-1025/tools/testing/selftests/kselftest
68K	/usr/src/linux-rockchip-headers-6.1.0-1025/tools/testing/selftests/vm
28K	/usr/src/linux-rockchip-headers-6.1.0-1025/tools/testing/selftests/zram
16K	/usr/src/linux-rockchip-headers-6.1.0-1025/tools/testing/selftests/memory-hotplug
24K	/usr/src/linux-rockchip-headers-6.1.0-1025/tools/testing/selftests/wireguard/qemu
60K	/usr/src/linux-rockchip-headers-6.1.0-1025/tools/testing/selftests/wireguard
8.0K	/usr/src/linux-rockchip-headers-6.1.0-1025/tools/testing/selftests/ipc
72K	/usr/src/linux-rockchip-headers-6.1.0-1025/tools/testing/selftests/livepatch
8.0K	/usr/src/linux-rockchip-headers-6.1.0-1025/tools/testing/selftests/landlock
16K	/usr/src/linux-rockchip-headers-6.1.0-1025/tools/testing/selftests/splice
8.0K	/usr/src/linux-rockchip-headers-6.1.0-1025/tools/testing/selftests/rkpinctrl
8.0K	/usr/src/linux-rockchip-headers-6.1.0-1025/tools/testing/selftests/membarrier
8.0K	/usr/src/linux-rockchip-headers-6.1.0-1025/tools/testing/selftests/ptrace
8.0K	/usr/src/linux-rockchip-headers-6.1.0-1025/tools/testing/selftests/move_mount_set_group
8.0K	/usr/src/linux-rockchip-headers-6.1.0-1025/tools/testing/selftests/core
220K	/usr/src/linux-rockchip-headers-6.1.0-1025/tools/testing/selftests/netfilter
44K	/usr/src/linux-rockchip-headers-6.1.0-1025/tools/testing/selftests/firmware
16K	/usr/src/linux-rockchip-headers-6.1.0-1025/tools/testing/selftests/mount
8.0K	/usr/src/linux-rockchip-headers-6.1.0-1025/tools/testing/selftests/rcutorture/formal/srcu-cbmc/tests/store_buffering
16K	/usr/src/linux-rockchip-headers-6.1.0-1025/tools/testing/selftests/rcutorture/formal/srcu-cbmc/tests
24K	/usr/src/linux-rockchip-headers-6.1.0-1025/tools/testing/selftests/rcutorture/formal/srcu-cbmc
28K	/usr/src/linux-rockchip-headers-6.1.0-1025/tools/testing/selftests/rcutorture/formal
208K	/usr/src/linux-rockchip-headers-6.1.0-1025/tools/testing/selftests/rcutorture/bin
8.0K	/usr/src/linux-rockchip-headers-6.1.0-1025/tools/testing/selftests/rcutorture/configs/scf
8.0K	/usr/src/linux-rockchip-headers-6.1.0-1025/tools/testing/selftests/rcutorture/configs/lock
8.0K	/usr/src/linux-rockchip-headers-6.1.0-1025/tools/testing/selftests/rcutorture/configs/rcu
8.0K	/usr/src/linux-rockchip-headers-6.1.0-1025/tools/testing/selftests/rcutorture/configs/rcuscale
8.0K	/usr/src/linux-rockchip-headers-6.1.0-1025/tools/testing/selftests/rcutorture/configs/refscale
44K	/usr/src/linux-rockchip-headers-6.1.0-1025/tools/testing/selftests/rcutorture/configs
288K	/usr/src/linux-rockchip-headers-6.1.0-1025/tools/testing/selftests/rcutorture
12K	/usr/src/linux-rockchip-headers-6.1.0-1025/tools/testing/selftests/amd-pstate
8.0K	/usr/src/linux-rockchip-headers-6.1.0-1025/tools/testing/selftests/uevent
8.0K	/usr/src/linux-rockchip-headers-6.1.0-1025/tools/testing/selftests/mincore
8.0K	/usr/src/linux-rockchip-headers-6.1.0-1025/tools/testing/selftests/filesystems/epoll
12K	/usr/src/linux-rockchip-headers-6.1.0-1025/tools/testing/selftests/filesystems/fat
8.0K	/usr/src/linux-rockchip-headers-6.1.0-1025/tools/testing/selftests/filesystems/binderfs
36K	/usr/src/linux-rockchip-headers-6.1.0-1025/tools/testing/selftests/filesystems
8.0K	/usr/src/linux-rockchip-headers-6.1.0-1025/tools/testing/selftests/powerpc/vphn
8.0K	/usr/src/linux-rockchip-headers-6.1.0-1025/tools/testing/selftests/powerpc/primitives
12K	/usr/src/linux-rockchip-headers-6.1.0-1025/tools/testing/selftests/powerpc/nx-gzip
12K	/usr/src/linux-rockchip-headers-6.1.0-1025/tools/testing/selftests/powerpc/mm
8.0K	/usr/src/linux-rockchip-headers-6.1.0-1025/tools/testing/selftests/powerpc/scripts
8.0K	/usr/src/linux-rockchip-headers-6.1.0-1025/tools/testing/selftests/powerpc/math
8.0K	/usr/src/linux-rockchip-headers-6.1.0-1025/tools/testing/selftests/powerpc/mce
8.0K	/usr/src/linux-rockchip-headers-6.1.0-1025/tools/testing/selftests/powerpc/copyloops
8.0K	/usr/src/linux-rockchip-headers-6.1.0-1025/tools/testing/selftests/powerpc/signal
8.0K	/usr/src/linux-rockchip-headers-6.1.0-1025/tools/testing/selftests/powerpc/benchmarks
8.0K	/usr/src/linux-rockchip-headers-6.1.0-1025/tools/testing/selftests/powerpc/papr_attributes
28K	/usr/src/linux-rockchip-headers-6.1.0-1025/tools/testing/selftests/powerpc/eeh
8.0K	/usr/src/linux-rockchip-headers-6.1.0-1025/tools/testing/selftests/powerpc/alignment
8.0K	/usr/src/linux-rockchip-headers-6.1.0-1025/tools/testing/selftests/powerpc/cache_shape
8.0K	/usr/src/linux-rockchip-headers-6.1.0-1025/tools/testing/selftests/powerpc/pmu/event_code_tests
8.0K	/usr/src/linux-rockchip-headers-6.1.0-1025/tools/testing/selftests/powerpc/pmu/sampling_tests
8.0K	/usr/src/linux-rockchip-headers-6.1.0-1025/tools/testing/selftests/powerpc/pmu/ebb
32K	/usr/src/linux-rockchip-headers-6.1.0-1025/tools/testing/selftests/powerpc/pmu
8.0K	/usr/src/linux-rockchip-headers-6.1.0-1025/tools/testing/selftests/powerpc/ptrace
8.0K	/usr/src/linux-rockchip-headers-6.1.0-1025/tools/testing/selftests/powerpc/syscalls
8.0K	/usr/src/linux-rockchip-headers-6.1.0-1025/tools/testing/selftests/powerpc/stringloops
12K	/usr/src/linux-rockchip-headers-6.1.0-1025/tools/testing/selftests/powerpc/security
8.0K	/usr/src/linux-rockchip-headers-6.1.0-1025/tools/testing/selftests/powerpc/dscr
8.0K	/usr/src/linux-rockchip-headers-6.1.0-1025/tools/testing/selftests/powerpc/switch_endian
8.0K	/usr/src/linux-rockchip-headers-6.1.0-1025/tools/testing/selftests/powerpc/tm
240K	/usr/src/linux-rockchip-headers-6.1.0-1025/tools/testing/selftests/powerpc
12K	/usr/src/linux-rockchip-headers-6.1.0-1025/tools/testing/selftests/ir
8.0K	/usr/src/linux-rockchip-headers-6.1.0-1025/tools/testing/selftests/rlimits
8.0K	/usr/src/linux-rockchip-headers-6.1.0-1025/tools/testing/selftests/watchdog
8.0K	/usr/src/linux-rockchip-headers-6.1.0-1025/tools/testing/selftests/syscall_user_dispatch
16K	/usr/src/linux-rockchip-headers-6.1.0-1025/tools/testing/selftests/lkdtm
12K	/usr/src/linux-rockchip-headers-6.1.0-1025/tools/testing/selftests/safesetid
8.0K	/usr/src/linux-rockchip-headers-6.1.0-1025/tools/testing/selftests/nsfs
48K	/usr/src/linux-rockchip-headers-6.1.0-1025/tools/testing/selftests/damon
40K	/usr/src/linux-rockchip-headers-6.1.0-1025/tools/testing/selftests/cpufreq
8.0K	/usr/src/linux-rockchip-headers-6.1.0-1025/tools/testing/selftests/ia64
8.0K	/usr/src/linux-rockchip-headers-6.1.0-1025/tools/testing/selftests/dmabuf-heaps
8.0K	/usr/src/linux-rockchip-headers-6.1.0-1025/tools/testing/selftests/arm64/signal
8.0K	/usr/src/linux-rockchip-headers-6.1.0-1025/tools/testing/selftests/arm64/abi
8.0K	/usr/src/linux-rockchip-headers-6.1.0-1025/tools/testing/selftests/arm64/fp
12K	/usr/src/linux-rockchip-headers-6.1.0-1025/tools/testing/selftests/arm64/tags
8.0K	/usr/src/linux-rockchip-headers-6.1.0-1025/tools/testing/selftests/arm64/pauth
8.0K	/usr/src/linux-rockchip-headers-6.1.0-1025/tools/testing/selftests/arm64/mte
8.0K	/usr/src/linux-rockchip-headers-6.1.0-1025/tools/testing/selftests/arm64/bti
68K	/usr/src/linux-rockchip-headers-6.1.0-1025/tools/testing/selftests/arm64
8.0K	/usr/src/linux-rockchip-headers-6.1.0-1025/tools/testing/selftests/seccomp
8.0K	/usr/src/linux-rockchip-headers-6.1.0-1025/tools/testing/selftests/exec
32K	/usr/src/linux-rockchip-headers-6.1.0-1025/tools/testing/selftests/sysctl
16K	/usr/src/linux-rockchip-headers-6.1.0-1025/tools/testing/selftests/cpu-hotplug
8.0K	/usr/src/linux-rockchip-headers-6.1.0-1025/tools/testing/selftests/pid_namespace
8.0K	/usr/src/linux-rockchip-headers-6.1.0-1025/tools/testing/selftests/timens
8.0K	/usr/src/linux-rockchip-headers-6.1.0-1025/tools/testing/selftests/pstore
8.0K	/usr/src/linux-rockchip-headers-6.1.0-1025/tools/testing/selftests/kvm/x86_64
24K	/usr/src/linux-rockchip-headers-6.1.0-1025/tools/testing/selftests/kvm
8.0K	/usr/src/linux-rockchip-headers-6.1.0-1025/tools/testing/selftests/rtc
12K	/usr/src/linux-rockchip-headers-6.1.0-1025/tools/testing/selftests/user
8.0K	/usr/src/linux-rockchip-headers-6.1.0-1025/tools/testing/selftests/perf_events
12K	/usr/src/linux-rockchip-headers-6.1.0-1025/tools/testing/selftests/static_keys
44K	/usr/src/linux-rockchip-headers-6.1.0-1025/tools/testing/selftests/bpf/benchs
8.0K	/usr/src/linux-rockchip-headers-6.1.0-1025/tools/testing/selftests/bpf/bpf_testmod
268K	/usr/src/linux-rockchip-headers-6.1.0-1025/tools/testing/selftests/bpf
8.0K	/usr/src/linux-rockchip-headers-6.1.0-1025/tools/testing/selftests/prctl
8.0K	/usr/src/linux-rockchip-headers-6.1.0-1025/tools/testing/selftests/dma
24K	/usr/src/linux-rockchip-headers-6.1.0-1025/tools/testing/selftests/kmod
12K	/usr/src/linux-rockchip-headers-6.1.0-1025/tools/testing/selftests/fpu
8.0K	/usr/src/linux-rockchip-headers-6.1.0-1025/tools/testing/selftests/tmpfs
8.0K	/usr/src/linux-rockchip-headers-6.1.0-1025/tools/testing/selftests/sigaltstack
12K	/usr/src/linux-rockchip-headers-6.1.0-1025/tools/testing/selftests/locking
8.0K	/usr/src/linux-rockchip-headers-6.1.0-1025/tools/testing/selftests/sync
28K	/usr/src/linux-rockchip-headers-6.1.0-1025/tools/testing/selftests/lib
12K	/usr/src/linux-rockchip-headers-6.1.0-1025/tools/testing/selftests/tc-testing
8.0K	/usr/src/linux-rockchip-headers-6.1.0-1025/tools/testing/selftests/breakpoints
12K	/usr/src/linux-rockchip-headers-6.1.0-1025/tools/testing/selftests/futex/functional
24K	/usr/src/linux-rockchip-headers-6.1.0-1025/tools/testing/selftests/futex
8.0K	/usr/src/linux-rockchip-headers-6.1.0-1025/tools/testing/selftests/ftrace
8.0K	/usr/src/linux-rockchip-headers-6.1.0-1025/tools/testing/selftests/vDSO
16K	/usr/src/linux-rockchip-headers-6.1.0-1025/tools/testing/selftests/memfd
8.0K	/usr/src/linux-rockchip-headers-6.1.0-1025/tools/testing/selftests/mqueue
8.0K	/usr/src/linux-rockchip-headers-6.1.0-1025/tools/testing/selftests/user_events
8.0K	/usr/src/linux-rockchip-headers-6.1.0-1025/tools/testing/selftests/resctrl
8.0K	/usr/src/linux-rockchip-headers-6.1.0-1025/tools/testing/selftests/alsa
36K	/usr/src/linux-rockchip-headers-6.1.0-1025/tools/testing/selftests/gpio
12K	/usr/src/linux-rockchip-headers-6.1.0-1025/tools/testing/selftests/x86
5.6M	/usr/src/linux-rockchip-headers-6.1.0-1025/tools/testing/selftests
8.0K	/usr/src/linux-rockchip-headers-6.1.0-1025/tools/testing/nvdimm/test
20K	/usr/src/linux-rockchip-headers-6.1.0-1025/tools/testing/nvdimm
5.8M	/usr/src/linux-rockchip-headers-6.1.0-1025/tools/testing
8.0K	/usr/src/linux-rockchip-headers-6.1.0-1025/tools/power/acpi/tools/acpidbg
8.0K	/usr/src/linux-rockchip-headers-6.1.0-1025/tools/power/acpi/tools/ec
8.0K	/usr/src/linux-rockchip-headers-6.1.0-1025/tools/power/acpi/tools/acpidump
8.0K	/usr/src/linux-rockchip-headers-6.1.0-1025/tools/power/acpi/tools/pfrut
36K	/usr/src/linux-rockchip-headers-6.1.0-1025/tools/power/acpi/tools
52K	/usr/src/linux-rockchip-headers-6.1.0-1025/tools/power/acpi
8.0K	/usr/src/linux-rockchip-headers-6.1.0-1025/tools/power/cpupower/utils
16K	/usr/src/linux-rockchip-headers-6.1.0-1025/tools/power/cpupower/bench
8.0K	/usr/src/linux-rockchip-headers-6.1.0-1025/tools/power/cpupower/debug/x86_64
8.0K	/usr/src/linux-rockchip-headers-6.1.0-1025/tools/power/cpupower/debug/kernel
8.0K	/usr/src/linux-rockchip-headers-6.1.0-1025/tools/power/cpupower/debug/i386
28K	/usr/src/linux-rockchip-headers-6.1.0-1025/tools/power/cpupower/debug
72K	/usr/src/linux-rockchip-headers-6.1.0-1025/tools/power/cpupower
8.0K	/usr/src/linux-rockchip-headers-6.1.0-1025/tools/power/pm-graph
8.0K	/usr/src/linux-rockchip-headers-6.1.0-1025/tools/power/x86/x86_energy_perf_policy
8.0K	/usr/src/linux-rockchip-headers-6.1.0-1025/tools/power/x86/turbostat
8.0K	/usr/src/linux-rockchip-headers-6.1.0-1025/tools/power/x86/intel-speed-select
28K	/usr/src/linux-rockchip-headers-6.1.0-1025/tools/power/x86
164K	/usr/src/linux-rockchip-headers-6.1.0-1025/tools/power
8.0K	/usr/src/linux-rockchip-headers-6.1.0-1025/tools/io_uring
12K	/usr/src/linux-rockchip-headers-6.1.0-1025/tools/pci
16K	/usr/src/linux-rockchip-headers-6.1.0-1025/tools/build/feature
8.0K	/usr/src/linux-rockchip-headers-6.1.0-1025/tools/build/tests/ex
16K	/usr/src/linux-rockchip-headers-6.1.0-1025/tools/build/tests
60K	/usr/src/linux-rockchip-headers-6.1.0-1025/tools/build
16K	/usr/src/linux-rockchip-headers-6.1.0-1025/tools/scripts
8.0K	/usr/src/linux-rockchip-headers-6.1.0-1025/tools/laptop/dslm
8.0K	/usr/src/linux-rockchip-headers-6.1.0-1025/tools/laptop/freefall
20K	/usr/src/linux-rockchip-headers-6.1.0-1025/tools/laptop
8.0K	/usr/src/linux-rockchip-headers-6.1.0-1025/tools/arch/x86/intel_sdsi
8.0K	/usr/src/linux-rockchip-headers-6.1.0-1025/tools/arch/x86/kcpuid
20K	/usr/src/linux-rockchip-headers-6.1.0-1025/tools/arch/x86
24K	/usr/src/linux-rockchip-headers-6.1.0-1025/tools/arch
8.0K	/usr/src/linux-rockchip-headers-6.1.0-1025/tools/iio
8.0K	/usr/src/linux-rockchip-headers-6.1.0-1025/tools/verification/dot2
12K	/usr/src/linux-rockchip-headers-6.1.0-1025/tools/verification
8.0K	/usr/src/linux-rockchip-headers-6.1.0-1025/tools/debugging
8.0K	/usr/src/linux-rockchip-headers-6.1.0-1025/tools/spi
8.0K	/usr/src/linux-rockchip-headers-6.1.0-1025/tools/cgroup
8.0K	/usr/src/linux-rockchip-headers-6.1.0-1025/tools/wmi
16K	/usr/src/linux-rockchip-headers-6.1.0-1025/tools/vm
8.0K	/usr/src/linux-rockchip-headers-6.1.0-1025/tools/counter
8.0K	/usr/src/linux-rockchip-headers-6.1.0-1025/tools/firewire
8.0K	/usr/src/linux-rockchip-headers-6.1.0-1025/tools/rcu
8.0K	/usr/src/linux-rockchip-headers-6.1.0-1025/tools/firmware
16K	/usr/src/linux-rockchip-headers-6.1.0-1025/tools/leds
8.0K	/usr/src/linux-rockchip-headers-6.1.0-1025/tools/certs
8.0K	/usr/src/linux-rockchip-headers-6.1.0-1025/tools/kvm/kvm_stat
12K	/usr/src/linux-rockchip-headers-6.1.0-1025/tools/kvm
8.0K	/usr/src/linux-rockchip-headers-6.1.0-1025/tools/bpf/bpftool/Documentation
24K	/usr/src/linux-rockchip-headers-6.1.0-1025/tools/bpf/bpftool
8.0K	/usr/src/linux-rockchip-headers-6.1.0-1025/tools/bpf/resolve_btfids
8.0K	/usr/src/linux-rockchip-headers-6.1.0-1025/tools/bpf/runqslower
48K	/usr/src/linux-rockchip-headers-6.1.0-1025/tools/bpf
8.0K	/usr/src/linux-rockchip-headers-6.1.0-1025/tools/tracing/latency
12K	/usr/src/linux-rockchip-headers-6.1.0-1025/tools/tracing/rtla
28K	/usr/src/linux-rockchip-headers-6.1.0-1025/tools/tracing
8.0K	/usr/src/linux-rockchip-headers-6.1.0-1025/tools/time
12K	/usr/src/linux-rockchip-headers-6.1.0-1025/tools/lib/thermal
8.0K	/usr/src/linux-rockchip-headers-6.1.0-1025/tools/lib/api
12K	/usr/src/linux-rockchip-headers-6.1.0-1025/tools/lib/traceevent/Documentation
12K	/usr/src/linux-rockchip-headers-6.1.0-1025/tools/lib/traceevent/plugins
40K	/usr/src/linux-rockchip-headers-6.1.0-1025/tools/lib/traceevent
16K	/usr/src/linux-rockchip-headers-6.1.0-1025/tools/lib/bpf
8.0K	/usr/src/linux-rockchip-headers-6.1.0-1025/tools/lib/subcmd
12K	/usr/src/linux-rockchip-headers-6.1.0-1025/tools/lib/perf/Documentation
24K	/usr/src/linux-rockchip-headers-6.1.0-1025/tools/lib/perf
112K	/usr/src/linux-rockchip-headers-6.1.0-1025/tools/lib
8.0K	/usr/src/linux-rockchip-headers-6.1.0-1025/tools/edid
8.0K	/usr/src/linux-rockchip-headers-6.1.0-1025/tools/accounting
44K	/usr/src/linux-rockchip-headers-6.1.0-1025/tools/memory-model/scripts
48K	/usr/src/linux-rockchip-headers-6.1.0-1025/tools/memory-model
12K	/usr/src/linux-rockchip-headers-6.1.0-1025/tools/objtool
28K	/usr/src/linux-rockchip-headers-6.1.0-1025/tools/bootconfig/scripts
44K	/usr/src/linux-rockchip-headers-6.1.0-1025/tools/bootconfig
8.0K	/usr/src/linux-rockchip-headers-6.1.0-1025/tools/include/nolibc
12K	/usr/src/linux-rockchip-headers-6.1.0-1025/tools/include
8.0K	/usr/src/linux-rockchip-headers-6.1.0-1025/tools/perf/scripts/perl/Perf-Trace-Util
44K	/usr/src/linux-rockchip-headers-6.1.0-1025/tools/perf/scripts/perl
48K	/usr/src/linux-rockchip-headers-6.1.0-1025/tools/perf/scripts
8.0K	/usr/src/linux-rockchip-headers-6.1.0-1025/tools/perf/arch/mips
8.0K	/usr/src/linux-rockchip-headers-6.1.0-1025/tools/perf/arch/s390
8.0K	/usr/src/linux-rockchip-headers-6.1.0-1025/tools/perf/arch/xtensa
8.0K	/usr/src/linux-rockchip-headers-6.1.0-1025/tools/perf/arch/sh
8.0K	/usr/src/linux-rockchip-headers-6.1.0-1025/tools/perf/arch/arm
8.0K	/usr/src/linux-rockchip-headers-6.1.0-1025/tools/perf/arch/powerpc
8.0K	/usr/src/linux-rockchip-headers-6.1.0-1025/tools/perf/arch/arm64
8.0K	/usr/src/linux-rockchip-headers-6.1.0-1025/tools/perf/arch/riscv
8.0K	/usr/src/linux-rockchip-headers-6.1.0-1025/tools/perf/arch/csky
8.0K	/usr/src/linux-rockchip-headers-6.1.0-1025/tools/perf/arch/sparc
8.0K	/usr/src/linux-rockchip-headers-6.1.0-1025/tools/perf/arch/x86/entry/syscalls
12K	/usr/src/linux-rockchip-headers-6.1.0-1025/tools/perf/arch/x86/entry
8.0K	/usr/src/linux-rockchip-headers-6.1.0-1025/tools/perf/arch/x86/tests
28K	/usr/src/linux-rockchip-headers-6.1.0-1025/tools/perf/arch/x86
112K	/usr/src/linux-rockchip-headers-6.1.0-1025/tools/perf/arch
16K	/usr/src/linux-rockchip-headers-6.1.0-1025/tools/perf/Documentation
12K	/usr/src/linux-rockchip-headers-6.1.0-1025/tools/perf/trace/beauty/tracepoints
120K	/usr/src/linux-rockchip-headers-6.1.0-1025/tools/perf/trace/beauty
124K	/usr/src/linux-rockchip-headers-6.1.0-1025/tools/perf/trace
8.0K	/usr/src/linux-rockchip-headers-6.1.0-1025/tools/perf/util
8.0K	/usr/src/linux-rockchip-headers-6.1.0-1025/tools/perf/tests/shell/coresight/thread_loop
8.0K	/usr/src/linux-rockchip-headers-6.1.0-1025/tools/perf/tests/shell/coresight/unroll_loop_thread
8.0K	/usr/src/linux-rockchip-headers-6.1.0-1025/tools/perf/tests/shell/coresight/memcpy_thread
8.0K	/usr/src/linux-rockchip-headers-6.1.0-1025/tools/perf/tests/shell/coresight/asm_pure_loop
64K	/usr/src/linux-rockchip-headers-6.1.0-1025/tools/perf/tests/shell/coresight
24K	/usr/src/linux-rockchip-headers-6.1.0-1025/tools/perf/tests/shell/lib
244K	/usr/src/linux-rockchip-headers-6.1.0-1025/tools/perf/tests/shell
248K	/usr/src/linux-rockchip-headers-6.1.0-1025/tools/perf/tests
676K	/usr/src/linux-rockchip-headers-6.1.0-1025/tools/perf
12K	/usr/src/linux-rockchip-headers-6.1.0-1025/tools/virtio/ringtest
8.0K	/usr/src/linux-rockchip-headers-6.1.0-1025/tools/virtio/vhost_test
8.0K	/usr/src/linux-rockchip-headers-6.1.0-1025/tools/virtio/virtio-trace
36K	/usr/src/linux-rockchip-headers-6.1.0-1025/tools/virtio
8.0K	/usr/src/linux-rockchip-headers-6.1.0-1025/tools/usb/ffs-aio-example/simple/host_app
12K	/usr/src/linux-rockchip-headers-6.1.0-1025/tools/usb/ffs-aio-example/simple
8.0K	/usr/src/linux-rockchip-headers-6.1.0-1025/tools/usb/ffs-aio-example/multibuff/host_app
12K	/usr/src/linux-rockchip-headers-6.1.0-1025/tools/usb/ffs-aio-example/multibuff
28K	/usr/src/linux-rockchip-headers-6.1.0-1025/tools/usb/ffs-aio-example
12K	/usr/src/linux-rockchip-headers-6.1.0-1025/tools/usb/usbip/vudc
8.0K	/usr/src/linux-rockchip-headers-6.1.0-1025/tools/usb/usbip/src
8.0K	/usr/src/linux-rockchip-headers-6.1.0-1025/tools/usb/usbip/libsrc
44K	/usr/src/linux-rockchip-headers-6.1.0-1025/tools/usb/usbip
88K	/usr/src/linux-rockchip-headers-6.1.0-1025/tools/usb
8.0K	/usr/src/linux-rockchip-headers-6.1.0-1025/tools/gpio
7.4M	/usr/src/linux-rockchip-headers-6.1.0-1025/tools
8.0K	/usr/src/linux-rockchip-headers-6.1.0-1025/lib/lz4
12K	/usr/src/linux-rockchip-headers-6.1.0-1025/lib/math
8.0K	/usr/src/linux-rockchip-headers-6.1.0-1025/lib/zlib_dfltcc
16K	/usr/src/linux-rockchip-headers-6.1.0-1025/lib/crypto
8.0K	/usr/src/linux-rockchip-headers-6.1.0-1025/lib/842
8.0K	/usr/src/linux-rockchip-headers-6.1.0-1025/lib/dim
8.0K	/usr/src/linux-rockchip-headers-6.1.0-1025/lib/lzo
12K	/usr/src/linux-rockchip-headers-6.1.0-1025/lib/xz
8.0K	/usr/src/linux-rockchip-headers-6.1.0-1025/lib/zstd
8.0K	/usr/src/linux-rockchip-headers-6.1.0-1025/lib/livepatch
12K	/usr/src/linux-rockchip-headers-6.1.0-1025/lib/kunit
8.0K	/usr/src/linux-rockchip-headers-6.1.0-1025/lib/zlib_deflate
8.0K	/usr/src/linux-rockchip-headers-6.1.0-1025/lib/raid6/test
16K	/usr/src/linux-rockchip-headers-6.1.0-1025/lib/raid6
8.0K	/usr/src/linux-rockchip-headers-6.1.0-1025/lib/pldmfw
8.0K	/usr/src/linux-rockchip-headers-6.1.0-1025/lib/mpi
12K	/usr/src/linux-rockchip-headers-6.1.0-1025/lib/vdso
16K	/usr/src/linux-rockchip-headers-6.1.0-1025/lib/fonts
8.0K	/usr/src/linux-rockchip-headers-6.1.0-1025/lib/zlib_inflate
8.0K	/usr/src/linux-rockchip-headers-6.1.0-1025/lib/reed_solomon
372K	/usr/src/linux-rockchip-headers-6.1.0-1025/lib
12K	/usr/src/linux-rockchip-headers-6.1.0-1025/usr/include
36K	/usr/src/linux-rockchip-headers-6.1.0-1025/usr
12K	/usr/src/linux-rockchip-headers-6.1.0-1025/virt/kvm
12K	/usr/src/linux-rockchip-headers-6.1.0-1025/virt/lib
32K	/usr/src/linux-rockchip-headers-6.1.0-1025/virt
20K	/usr/src/linux-rockchip-headers-6.1.0-1025/include/net/phonet
28K	/usr/src/linux-rockchip-headers-6.1.0-1025/include/net/iucv
88K	/usr/src/linux-rockchip-headers-6.1.0-1025/include/net/tc_act
100K	/usr/src/linux-rockchip-headers-6.1.0-1025/include/net/netns
36K	/usr/src/linux-rockchip-headers-6.1.0-1025/include/net/9p
176K	/usr/src/linux-rockchip-headers-6.1.0-1025/include/net/sctp
60K	/usr/src/linux-rockchip-headers-6.1.0-1025/include/net/caif
20K	/usr/src/linux-rockchip-headers-6.1.0-1025/include/net/netfilter/ipv4
20K	/usr/src/linux-rockchip-headers-6.1.0-1025/include/net/netfilter/ipv6
296K	/usr/src/linux-rockchip-headers-6.1.0-1025/include/net/netfilter
76K	/usr/src/linux-rockchip-headers-6.1.0-1025/include/net/nfc
244K	/usr/src/linux-rockchip-headers-6.1.0-1025/include/net/bluetooth
3.7M	/usr/src/linux-rockchip-headers-6.1.0-1025/include/net
60K	/usr/src/linux-rockchip-headers-6.1.0-1025/include/pcmcia
16K	/usr/src/linux-rockchip-headers-6.1.0-1025/include/linux/net/intel
20K	/usr/src/linux-rockchip-headers-6.1.0-1025/include/linux/net
320K	/usr/src/linux-rockchip-headers-6.1.0-1025/include/linux/qed
12K	/usr/src/linux-rockchip-headers-6.1.0-1025/include/linux/mux
84K	/usr/src/linux-rockchip-headers-6.1.0-1025/include/linux/power
24K	/usr/src/linux-rockchip-headers-6.1.0-1025/include/linux/crush
40K	/usr/src/linux-rockchip-headers-6.1.0-1025/include/linux/fsl/bestcomm
104K	/usr/src/linux-rockchip-headers-6.1.0-1025/include/linux/fsl
8.0K	/usr/src/linux-rockchip-headers-6.1.0-1025/include/linux/netfilter_ipv6
96K	/usr/src/linux-rockchip-headers-6.1.0-1025/include/linux/clk
68K	/usr/src/linux-rockchip-headers-6.1.0-1025/include/linux/soundwire
32K	/usr/src/linux-rockchip-headers-6.1.0-1025/include/linux/iio/common
20K	/usr/src/linux-rockchip-headers-6.1.0-1025/include/linux/iio/frequency
8.0K	/usr/src/linux-rockchip-headers-6.1.0-1025/include/linux/iio/afe
28K	/usr/src/linux-rockchip-headers-6.1.0-1025/include/linux/iio/adc
24K	/usr/src/linux-rockchip-headers-6.1.0-1025/include/linux/iio/dac
12K	/usr/src/linux-rockchip-headers-6.1.0-1025/include/linux/iio/timer
12K	/usr/src/linux-rockchip-headers-6.1.0-1025/include/linux/iio/gyro
20K	/usr/src/linux-rockchip-headers-6.1.0-1025/include/linux/iio/imu
8.0K	/usr/src/linux-rockchip-headers-6.1.0-1025/include/linux/iio/accel
308K	/usr/src/linux-rockchip-headers-6.1.0-1025/include/linux/iio
132K	/usr/src/linux-rockchip-headers-6.1.0-1025/include/linux/ssb
28K	/usr/src/linux-rockchip-headers-6.1.0-1025/include/linux/rpmsg
204K	/usr/src/linux-rockchip-headers-6.1.0-1025/include/linux/ceph
12K	/usr/src/linux-rockchip-headers-6.1.0-1025/include/linux/netfilter_bridge
16K	/usr/src/linux-rockchip-headers-6.1.0-1025/include/linux/can/platform
12K	/usr/src/linux-rockchip-headers-6.1.0-1025/include/linux/can/dev
76K	/usr/src/linux-rockchip-headers-6.1.0-1025/include/linux/can
8.0K	/usr/src/linux-rockchip-headers-6.1.0-1025/include/linux/unaligned
368K	/usr/src/linux-rockchip-headers-6.1.0-1025/include/linux/mtd
16K	/usr/src/linux-rockchip-headers-6.1.0-1025/include/linux/remoteproc
468K	/usr/src/linux-rockchip-headers-6.1.0-1025/include/linux/mlx5
40K	/usr/src/linux-rockchip-headers-6.1.0-1025/include/linux/device
40K	/usr/src/linux-rockchip-headers-6.1.0-1025/include/linux/lockd
116K	/usr/src/linux-rockchip-headers-6.1.0-1025/include/linux/greybus
196K	/usr/src/linux-rockchip-headers-6.1.0-1025/include/linux/spi
196K	/usr/src/linux-rockchip-headers-6.1.0-1025/include/linux/sched
20K	/usr/src/linux-rockchip-headers-6.1.0-1025/include/linux/raid
8.0K	/usr/src/linux-rockchip-headers-6.1.0-1025/include/linux/platform_data/txx9
32K	/usr/src/linux-rockchip-headers-6.1.0-1025/include/linux/platform_data/media
8.0K	/usr/src/linux-rockchip-headers-6.1.0-1025/include/linux/platform_data/gpio
56K	/usr/src/linux-rockchip-headers-6.1.0-1025/include/linux/platform_data/x86
1.2M	/usr/src/linux-rockchip-headers-6.1.0-1025/include/linux/platform_data
100K	/usr/src/linux-rockchip-headers-6.1.0-1025/include/linux/irqchip
256K	/usr/src/linux-rockchip-headers-6.1.0-1025/include/linux/sunrpc
56K	/usr/src/linux-rockchip-headers-6.1.0-1025/include/linux/i3c
308K	/usr/src/linux-rockchip-headers-6.1.0-1025/include/linux/mfd/wm8994
24K	/usr/src/linux-rockchip-headers-6.1.0-1025/include/linux/mfd/mt6397
88K	/usr/src/linux-rockchip-headers-6.1.0-1025/include/linux/mfd/mt6357
40K	/usr/src/linux-rockchip-headers-6.1.0-1025/include/linux/mfd/da9052
36K	/usr/src/linux-rockchip-headers-6.1.0-1025/include/linux/mfd/da9055
132K	/usr/src/linux-rockchip-headers-6.1.0-1025/include/linux/mfd/wm8350
44K	/usr/src/linux-rockchip-headers-6.1.0-1025/include/linux/mfd/da9063
208K	/usr/src/linux-rockchip-headers-6.1.0-1025/include/linux/mfd/wm831x
28K	/usr/src/linux-rockchip-headers-6.1.0-1025/include/linux/mfd/mt6331
40K	/usr/src/linux-rockchip-headers-6.1.0-1025/include/linux/mfd/abx500
36K	/usr/src/linux-rockchip-headers-6.1.0-1025/include/linux/mfd/mt6332
28K	/usr/src/linux-rockchip-headers-6.1.0-1025/include/linux/mfd/mt6323
36K	/usr/src/linux-rockchip-headers-6.1.0-1025/include/linux/mfd/wcd934x
148K	/usr/src/linux-rockchip-headers-6.1.0-1025/include/linux/mfd/madera
64K	/usr/src/linux-rockchip-headers-6.1.0-1025/include/linux/mfd/syscon
24K	/usr/src/linux-rockchip-headers-6.1.0-1025/include/linux/mfd/mt6358
500K	/usr/src/linux-rockchip-headers-6.1.0-1025/include/linux/mfd/arizona
32K	/usr/src/linux-rockchip-headers-6.1.0-1025/include/linux/mfd/pcf50633
44K	/usr/src/linux-rockchip-headers-6.1.0-1025/include/linux/mfd/da9062
40K	/usr/src/linux-rockchip-headers-6.1.0-1025/include/linux/mfd/mt6359
32K	/usr/src/linux-rockchip-headers-6.1.0-1025/include/linux/mfd/atc260x
64K	/usr/src/linux-rockchip-headers-6.1.0-1025/include/linux/mfd/samsung
48K	/usr/src/linux-rockchip-headers-6.1.0-1025/include/linux/mfd/da9150
20K	/usr/src/linux-rockchip-headers-6.1.0-1025/include/linux/mfd/mt6359p
3.5M	/usr/src/linux-rockchip-headers-6.1.0-1025/include/linux/mfd
16K	/usr/src/linux-rockchip-headers-6.1.0-1025/include/linux/mdio
20K	/usr/src/linux-rockchip-headers-6.1.0-1025/include/linux/reset
40K	/usr/src/linux-rockchip-headers-6.1.0-1025/include/linux/netfilter/ipset
180K	/usr/src/linux-rockchip-headers-6.1.0-1025/include/linux/netfilter
8.0K	/usr/src/linux-rockchip-headers-6.1.0-1025/include/linux/firmware/meson
16K	/usr/src/linux-rockchip-headers-6.1.0-1025/include/linux/firmware/imx/svc
36K	/usr/src/linux-rockchip-headers-6.1.0-1025/include/linux/firmware/imx
36K	/usr/src/linux-rockchip-headers-6.1.0-1025/include/linux/firmware/intel
20K	/usr/src/linux-rockchip-headers-6.1.0-1025/include/linux/firmware/cirrus
8.0K	/usr/src/linux-rockchip-headers-6.1.0-1025/include/linux/firmware/mediatek
8.0K	/usr/src/linux-rockchip-headers-6.1.0-1025/include/linux/firmware/broadcom
148K	/usr/src/linux-rockchip-headers-6.1.0-1025/include/linux/firmware
20K	/usr/src/linux-rockchip-headers-6.1.0-1025/include/linux/mailbox
32K	/usr/src/linux-rockchip-headers-6.1.0-1025/include/linux/fpga
8.0K	/usr/src/linux-rockchip-headers-6.1.0-1025/include/linux/netfilter_ipv4
144K	/usr/src/linux-rockchip-headers-6.1.0-1025/include/linux/atomic
84K	/usr/src/linux-rockchip-headers-6.1.0-1025/include/linux/input
8.0K	/usr/src/linux-rockchip-headers-6.1.0-1025/include/linux/pcs
212K	/usr/src/linux-rockchip-headers-6.1.0-1025/include/linux/regulator
20K	/usr/src/linux-rockchip-headers-6.1.0-1025/include/linux/byteorder
12K	/usr/src/linux-rockchip-headers-6.1.0-1025/include/linux/isdn
56K	/usr/src/linux-rockchip-headers-6.1.0-1025/include/linux/pinctrl
72K	/usr/src/linux-rockchip-headers-6.1.0-1025/include/linux/rockchip
36K	/usr/src/linux-rockchip-headers-6.1.0-1025/include/linux/rtc
44K	/usr/src/linux-rockchip-headers-6.1.0-1025/include/linux/dsa
8.0K	/usr/src/linux-rockchip-headers-6.1.0-1025/include/linux/pse-pd
96K	/usr/src/linux-rockchip-headers-6.1.0-1025/include/linux/mlx4
124K	/usr/src/linux-rockchip-headers-6.1.0-1025/include/linux/dma
108K	/usr/src/linux-rockchip-headers-6.1.0-1025/include/linux/mmc
8.0K	/usr/src/linux-rockchip-headers-6.1.0-1025/include/linux/soc/amlogic
16K	/usr/src/linux-rockchip-headers-6.1.0-1025/include/linux/soc/ixp4xx
8.0K	/usr/src/linux-rockchip-headers-6.1.0-1025/include/linux/soc/dove
8.0K	/usr/src/linux-rockchip-headers-6.1.0-1025/include/linux/soc/sunxi
60K	/usr/src/linux-rockchip-headers-6.1.0-1025/include/linux/soc/qcom
16K	/usr/src/linux-rockchip-headers-6.1.0-1025/include/linux/soc/apple
8.0K	/usr/src/linux-rockchip-headers-6.1.0-1025/include/linux/soc/nxp
8.0K	/usr/src/linux-rockchip-headers-6.1.0-1025/include/linux/soc/brcmstb
88K	/usr/src/linux-rockchip-headers-6.1.0-1025/include/linux/soc/ti
8.0K	/usr/src/linux-rockchip-headers-6.1.0-1025/include/linux/soc/cirrus
48K	/usr/src/linux-rockchip-headers-6.1.0-1025/include/linux/soc/mediatek
8.0K	/usr/src/linux-rockchip-headers-6.1.0-1025/include/linux/soc/marvell/octeontx2
12K	/usr/src/linux-rockchip-headers-6.1.0-1025/include/linux/soc/marvell
8.0K	/usr/src/linux-rockchip-headers-6.1.0-1025/include/linux/soc/actions
28K	/usr/src/linux-rockchip-headers-6.1.0-1025/include/linux/soc/rockchip
28K	/usr/src/linux-rockchip-headers-6.1.0-1025/include/linux/soc/pxa
16K	/usr/src/linux-rockchip-headers-6.1.0-1025/include/linux/soc/renesas
72K	/usr/src/linux-rockchip-headers-6.1.0-1025/include/linux/soc/samsung
8.0K	/usr/src/linux-rockchip-headers-6.1.0-1025/include/linux/soc/mmp
452K	/usr/src/linux-rockchip-headers-6.1.0-1025/include/linux/soc
56K	/usr/src/linux-rockchip-headers-6.1.0-1025/include/linux/avf
20K	/usr/src/linux-rockchip-headers-6.1.0-1025/include/linux/hsi
8.0K	/usr/src/linux-rockchip-headers-6.1.0-1025/include/linux/phy/tegra
64K	/usr/src/linux-rockchip-headers-6.1.0-1025/include/linux/phy
8.0K	/usr/src/linux-rockchip-headers-6.1.0-1025/include/linux/netfilter_arp
92K	/usr/src/linux-rockchip-headers-6.1.0-1025/include/linux/surface_aggregator
100K	/usr/src/linux-rockchip-headers-6.1.0-1025/include/linux/bcma
80K	/usr/src/linux-rockchip-headers-6.1.0-1025/include/linux/comedi
40K	/usr/src/linux-rockchip-headers-6.1.0-1025/include/linux/decompress
20K	/usr/src/linux-rockchip-headers-6.1.0-1025/include/linux/ulpi
16K	/usr/src/linux-rockchip-headers-6.1.0-1025/include/linux/perf
76K	/usr/src/linux-rockchip-headers-6.1.0-1025/include/linux/amba
516K	/usr/src/linux-rockchip-headers-6.1.0-1025/include/linux/usb
8.0K	/usr/src/linux-rockchip-headers-6.1.0-1025/include/linux/extcon
76K	/usr/src/linux-rockchip-headers-6.1.0-1025/include/linux/gpio
25M	/usr/src/linux-rockchip-headers-6.1.0-1025/include/linux
108K	/usr/src/linux-rockchip-headers-6.1.0-1025/include/crypto/internal
500K	/usr/src/linux-rockchip-headers-6.1.0-1025/include/crypto
524K	/usr/src/linux-rockchip-headers-6.1.0-1025/include/rdma
8.0K	/usr/src/linux-rockchip-headers-6.1.0-1025/include/memory
40K	/usr/src/linux-rockchip-headers-6.1.0-1025/include/scsi/fc
452K	/usr/src/linux-rockchip-headers-6.1.0-1025/include/scsi
1.5M	/usr/src/linux-rockchip-headers-6.1.0-1025/include/trace/events
36K	/usr/src/linux-rockchip-headers-6.1.0-1025/include/trace/stages
1.6M	/usr/src/linux-rockchip-headers-6.1.0-1025/include/trace
100K	/usr/src/linux-rockchip-headers-6.1.0-1025/include/ufs
44K	/usr/src/linux-rockchip-headers-6.1.0-1025/include/acpi/platform
488K	/usr/src/linux-rockchip-headers-6.1.0-1025/include/acpi
32K	/usr/src/linux-rockchip-headers-6.1.0-1025/include/rv
44K	/usr/src/linux-rockchip-headers-6.1.0-1025/include/target/iscsi
100K	/usr/src/linux-rockchip-headers-6.1.0-1025/include/target
52K	/usr/src/linux-rockchip-headers-6.1.0-1025/include/misc
552K	/usr/src/linux-rockchip-headers-6.1.0-1025/include/video
88K	/usr/src/linux-rockchip-headers-6.1.0-1025/include/kunit
68K	/usr/src/linux-rockchip-headers-6.1.0-1025/include/keys
84K	/usr/src/linux-rockchip-headers-6.1.0-1025/include/uapi/linux/dvb
12K	/usr/src/linux-rockchip-headers-6.1.0-1025/include/uapi/linux/cifs
24K	/usr/src/linux-rockchip-headers-6.1.0-1025/include/uapi/linux/genwqe
60K	/usr/src/linux-rockchip-headers-6.1.0-1025/include/uapi/linux/netfilter_ipv6
16K	/usr/src/linux-rockchip-headers-6.1.0-1025/include/uapi/linux/iio
8.0K	/usr/src/linux-rockchip-headers-6.1.0-1025/include/uapi/linux/hdlc
80K	/usr/src/linux-rockchip-headers-6.1.0-1025/include/uapi/linux/netfilter_bridge
56K	/usr/src/linux-rockchip-headers-6.1.0-1025/include/uapi/linux/can
16K	/usr/src/linux-rockchip-headers-6.1.0-1025/include/uapi/linux/spi
80K	/usr/src/linux-rockchip-headers-6.1.0-1025/include/uapi/linux/tc_act
12K	/usr/src/linux-rockchip-headers-6.1.0-1025/include/uapi/linux/sched
28K	/usr/src/linux-rockchip-headers-6.1.0-1025/include/uapi/linux/raid
8.0K	/usr/src/linux-rockchip-headers-6.1.0-1025/include/uapi/linux/sunrpc
8.0K	/usr/src/linux-rockchip-headers-6.1.0-1025/include/uapi/linux/misc
16K	/usr/src/linux-rockchip-headers-6.1.0-1025/include/uapi/linux/caif
20K	/usr/src/linux-rockchip-headers-6.1.0-1025/include/uapi/linux/nfsd
28K	/usr/src/linux-rockchip-headers-6.1.0-1025/include/uapi/linux/netfilter/ipset
456K	/usr/src/linux-rockchip-headers-6.1.0-1025/include/uapi/linux/netfilter
24K	/usr/src/linux-rockchip-headers-6.1.0-1025/include/uapi/linux/android
24K	/usr/src/linux-rockchip-headers-6.1.0-1025/include/uapi/linux/tc_ematch
44K	/usr/src/linux-rockchip-headers-6.1.0-1025/include/uapi/linux/netfilter_ipv4
12K	/usr/src/linux-rockchip-headers-6.1.0-1025/include/uapi/linux/byteorder
12K	/usr/src/linux-rockchip-headers-6.1.0-1025/include/uapi/linux/isdn
8.0K	/usr/src/linux-rockchip-headers-6.1.0-1025/include/uapi/linux/mmc
12K	/usr/src/linux-rockchip-headers-6.1.0-1025/include/uapi/linux/hsi
16K	/usr/src/linux-rockchip-headers-6.1.0-1025/include/uapi/linux/netfilter_arp
20K	/usr/src/linux-rockchip-headers-6.1.0-1025/include/uapi/linux/surface_aggregator
168K	/usr/src/linux-rockchip-headers-6.1.0-1025/include/uapi/linux/usb
6.8M	/usr/src/linux-rockchip-headers-6.1.0-1025/include/uapi/linux
24K	/usr/src/linux-rockchip-headers-6.1.0-1025/include/uapi/rdma/hfi
232K	/usr/src/linux-rockchip-headers-6.1.0-1025/include/uapi/rdma
68K	/usr/src/linux-rockchip-headers-6.1.0-1025/include/uapi/scsi/fc
120K	/usr/src/linux-rockchip-headers-6.1.0-1025/include/uapi/scsi
48K	/usr/src/linux-rockchip-headers-6.1.0-1025/include/uapi/mtd
12K	/usr/src/linux-rockchip-headers-6.1.0-1025/include/uapi/misc/uacce
132K	/usr/src/linux-rockchip-headers-6.1.0-1025/include/uapi/misc
20K	/usr/src/linux-rockchip-headers-6.1.0-1025/include/uapi/video
12K	/usr/src/linux-rockchip-headers-6.1.0-1025/include/uapi/sound/intel/avs
16K	/usr/src/linux-rockchip-headers-6.1.0-1025/include/uapi/sound/intel
24K	/usr/src/linux-rockchip-headers-6.1.0-1025/include/uapi/sound/sof
268K	/usr/src/linux-rockchip-headers-6.1.0-1025/include/uapi/sound
200K	/usr/src/linux-rockchip-headers-6.1.0-1025/include/uapi/asm-generic
32K	/usr/src/linux-rockchip-headers-6.1.0-1025/include/uapi/xen
64K	/usr/src/linux-rockchip-headers-6.1.0-1025/include/uapi/gpu/arm/bifrost/jm
12K	/usr/src/linux-rockchip-headers-6.1.0-1025/include/uapi/gpu/arm/bifrost/backend/gpu
16K	/usr/src/linux-rockchip-headers-6.1.0-1025/include/uapi/gpu/arm/bifrost/backend
56K	/usr/src/linux-rockchip-headers-6.1.0-1025/include/uapi/gpu/arm/bifrost/csf
12K	/usr/src/linux-rockchip-headers-6.1.0-1025/include/uapi/gpu/arm/bifrost/gpu/backend
36K	/usr/src/linux-rockchip-headers-6.1.0-1025/include/uapi/gpu/arm/bifrost/gpu
268K	/usr/src/linux-rockchip-headers-6.1.0-1025/include/uapi/gpu/arm/bifrost
272K	/usr/src/linux-rockchip-headers-6.1.0-1025/include/uapi/gpu/arm
276K	/usr/src/linux-rockchip-headers-6.1.0-1025/include/uapi/gpu
616K	/usr/src/linux-rockchip-headers-6.1.0-1025/include/uapi/drm
8.7M	/usr/src/linux-rockchip-headers-6.1.0-1025/include/uapi
28K	/usr/src/linux-rockchip-headers-6.1.0-1025/include/dt-bindings/net
28K	/usr/src/linux-rockchip-headers-6.1.0-1025/include/dt-bindings/thermal
12K	/usr/src/linux-rockchip-headers-6.1.0-1025/include/dt-bindings/mux
336K	/usr/src/linux-rockchip-headers-6.1.0-1025/include/dt-bindings/power
36K	/usr/src/linux-rockchip-headers-6.1.0-1025/include/dt-bindings/interrupt-controller
144K	/usr/src/linux-rockchip-headers-6.1.0-1025/include/dt-bindings/interconnect
8.0K	/usr/src/linux-rockchip-headers-6.1.0-1025/include/dt-bindings/mips
20K	/usr/src/linux-rockchip-headers-6.1.0-1025/include/dt-bindings/iio/adc
8.0K	/usr/src/linux-rockchip-headers-6.1.0-1025/include/dt-bindings/iio/temperature
8.0K	/usr/src/linux-rockchip-headers-6.1.0-1025/include/dt-bindings/iio/addac
80K	/usr/src/linux-rockchip-headers-6.1.0-1025/include/dt-bindings/iio
92K	/usr/src/linux-rockchip-headers-6.1.0-1025/include/dt-bindings/gce
216K	/usr/src/linux-rockchip-headers-6.1.0-1025/include/dt-bindings/memory
32K	/usr/src/linux-rockchip-headers-6.1.0-1025/include/dt-bindings/display
2.6M	/usr/src/linux-rockchip-headers-6.1.0-1025/include/dt-bindings/clock
8.0K	/usr/src/linux-rockchip-headers-6.1.0-1025/include/dt-bindings/dram
12K	/usr/src/linux-rockchip-headers-6.1.0-1025/include/dt-bindings/bus
88K	/usr/src/linux-rockchip-headers-6.1.0-1025/include/dt-bindings/mfd
480K	/usr/src/linux-rockchip-headers-6.1.0-1025/include/dt-bindings/reset
8.0K	/usr/src/linux-rockchip-headers-6.1.0-1025/include/dt-bindings/spmi
8.0K	/usr/src/linux-rockchip-headers-6.1.0-1025/include/dt-bindings/pmu
24K	/usr/src/linux-rockchip-headers-6.1.0-1025/include/dt-bindings/firmware/imx
28K	/usr/src/linux-rockchip-headers-6.1.0-1025/include/dt-bindings/firmware
12K	/usr/src/linux-rockchip-headers-6.1.0-1025/include/dt-bindings/arm
12K	/usr/src/linux-rockchip-headers-6.1.0-1025/include/dt-bindings/mailbox
28K	/usr/src/linux-rockchip-headers-6.1.0-1025/include/dt-bindings/leds
52K	/usr/src/linux-rockchip-headers-6.1.0-1025/include/dt-bindings/input
48K	/usr/src/linux-rockchip-headers-6.1.0-1025/include/dt-bindings/regulator
1012K	/usr/src/linux-rockchip-headers-6.1.0-1025/include/dt-bindings/pinctrl
104K	/usr/src/linux-rockchip-headers-6.1.0-1025/include/dt-bindings/sound
8.0K	/usr/src/linux-rockchip-headers-6.1.0-1025/include/dt-bindings/i2c
52K	/usr/src/linux-rockchip-headers-6.1.0-1025/include/dt-bindings/dma
8.0K	/usr/src/linux-rockchip-headers-6.1.0-1025/include/dt-bindings/ata
80K	/usr/src/linux-rockchip-headers-6.1.0-1025/include/dt-bindings/soc
24K	/usr/src/linux-rockchip-headers-6.1.0-1025/include/dt-bindings/media
48K	/usr/src/linux-rockchip-headers-6.1.0-1025/include/dt-bindings/phy
8.0K	/usr/src/linux-rockchip-headers-6.1.0-1025/include/dt-bindings/nvmem
64K	/usr/src/linux-rockchip-headers-6.1.0-1025/include/dt-bindings/suspend
20K	/usr/src/linux-rockchip-headers-6.1.0-1025/include/dt-bindings/usb
76K	/usr/src/linux-rockchip-headers-6.1.0-1025/include/dt-bindings/gpio
12K	/usr/src/linux-rockchip-headers-6.1.0-1025/include/dt-bindings/pwm
5.9M	/usr/src/linux-rockchip-headers-6.1.0-1025/include/dt-bindings
32K	/usr/src/linux-rockchip-headers-6.1.0-1025/include/sound/ac97
20K	/usr/src/linux-rockchip-headers-6.1.0-1025/include/sound/sof/ipc4
120K	/usr/src/linux-rockchip-headers-6.1.0-1025/include/sound/sof
1.5M	/usr/src/linux-rockchip-headers-6.1.0-1025/include/sound
40K	/usr/src/linux-rockchip-headers-6.1.0-1025/include/kvm
112K	/usr/src/linux-rockchip-headers-6.1.0-1025/include/asm-generic/bitops
8.0K	/usr/src/linux-rockchip-headers-6.1.0-1025/include/asm-generic/vdso
772K	/usr/src/linux-rockchip-headers-6.1.0-1025/include/asm-generic
16K	/usr/src/linux-rockchip-headers-6.1.0-1025/include/ras
268K	/usr/src/linux-rockchip-headers-6.1.0-1025/include/xen/interface/io
28K	/usr/src/linux-rockchip-headers-6.1.0-1025/include/xen/interface/hvm
456K	/usr/src/linux-rockchip-headers-6.1.0-1025/include/xen/interface
28K	/usr/src/linux-rockchip-headers-6.1.0-1025/include/xen/arm
580K	/usr/src/linux-rockchip-headers-6.1.0-1025/include/xen
80K	/usr/src/linux-rockchip-headers-6.1.0-1025/include/soc/fsl/qe
184K	/usr/src/linux-rockchip-headers-6.1.0-1025/include/soc/fsl
8.0K	/usr/src/linux-rockchip-headers-6.1.0-1025/include/soc/microchip
8.0K	/usr/src/linux-rockchip-headers-6.1.0-1025/include/soc/sifive
32K	/usr/src/linux-rockchip-headers-6.1.0-1025/include/soc/qcom
16K	/usr/src/linux-rockchip-headers-6.1.0-1025/include/soc/arc
208K	/usr/src/linux-rockchip-headers-6.1.0-1025/include/soc/mscc
20K	/usr/src/linux-rockchip-headers-6.1.0-1025/include/soc/imx
8.0K	/usr/src/linux-rockchip-headers-6.1.0-1025/include/soc/canaan
8.0K	/usr/src/linux-rockchip-headers-6.1.0-1025/include/soc/mediatek
8.0K	/usr/src/linux-rockchip-headers-6.1.0-1025/include/soc/sa1100
48K	/usr/src/linux-rockchip-headers-6.1.0-1025/include/soc/at91
92K	/usr/src/linux-rockchip-headers-6.1.0-1025/include/soc/rockchip
16K	/usr/src/linux-rockchip-headers-6.1.0-1025/include/soc/bcm2835
148K	/usr/src/linux-rockchip-headers-6.1.0-1025/include/soc/tegra
808K	/usr/src/linux-rockchip-headers-6.1.0-1025/include/soc
64K	/usr/src/linux-rockchip-headers-6.1.0-1025/include/vdso
60K	/usr/src/linux-rockchip-headers-6.1.0-1025/include/media/davinci
60K	/usr/src/linux-rockchip-headers-6.1.0-1025/include/media/drv-intf
20K	/usr/src/linux-rockchip-headers-6.1.0-1025/include/media/tpg
204K	/usr/src/linux-rockchip-headers-6.1.0-1025/include/media/i2c
1.2M	/usr/src/linux-rockchip-headers-6.1.0-1025/include/media
44K	/usr/src/linux-rockchip-headers-6.1.0-1025/include/clocksource
120K	/usr/src/linux-rockchip-headers-6.1.0-1025/include/math-emu
40K	/usr/src/linux-rockchip-headers-6.1.0-1025/include/drm/bridge
196K	/usr/src/linux-rockchip-headers-6.1.0-1025/include/drm/display
16K	/usr/src/linux-rockchip-headers-6.1.0-1025/include/drm/i2c
96K	/usr/src/linux-rockchip-headers-6.1.0-1025/include/drm/ttm
1.4M	/usr/src/linux-rockchip-headers-6.1.0-1025/include/drm
54M	/usr/src/linux-rockchip-headers-6.1.0-1025/include
20K	/usr/src/linux-rockchip-headers-6.1.0-1025/rust
126M	/usr/src/linux-rockchip-headers-6.1.0-1025
147M	/usr/src
120K	/usr/libexec/neomutt
72K	/usr/libexec/coreutils
8.0K	/usr/libexec/xfsprogs
208K	/usr/libexec/man-db
3.5M	/usr/libexec/samba
1.6M	/usr/libexec/bluetooth
140K	/usr/libexec/netplan
76K	/usr/libexec/fwupd/efi
80K	/usr/libexec/fwupd
12K	/usr/libexec/dpkg
1.2M	/usr/libexec/sudo
79M	/usr/libexec/gcc/aarch64-linux-gnu/13
79M	/usr/libexec/gcc/aarch64-linux-gnu
79M	/usr/libexec/gcc
588K	/usr/libexec/udisks2
104K	/usr/libexec/plymouth
90M	/usr/libexec
4.0K	/usr/local/games
16K	/usr/local/sbin
4.0K	/usr/local/share/man
4.0K	/usr/local/share/ca-certificates
4.0K	/usr/local/share/xml/entities
4.0K	/usr/local/share/xml/declaration
4.0K	/usr/local/share/xml/misc
4.0K	/usr/local/share/xml/schema
20K	/usr/local/share/xml
4.0K	/usr/local/share/sgml/entities
4.0K	/usr/local/share/sgml/declaration
4.0K	/usr/local/share/sgml/misc
4.0K	/usr/local/share/sgml/stylesheet
4.0K	/usr/local/share/sgml/dtd
24K	/usr/local/share/sgml
4.0K	/usr/local/share/fonts
60K	/usr/local/share
28K	/usr/local/bin
4.0K	/usr/local/etc
4.0K	/usr/local/src
4.0K	/usr/local/lib/python3.12/dist-packages
8.0K	/usr/local/lib/python3.12
716K	/usr/local/lib/node_modules/@earendil-works/pi-coding-agent/dist/utils
52K	/usr/local/lib/node_modules/@earendil-works/pi-coding-agent/dist/bun
220K	/usr/local/lib/node_modules/@earendil-works/pi-coding-agent/dist/cli
168K	/usr/local/lib/node_modules/@earendil-works/pi-coding-agent/dist/core/export-html/vendor
400K	/usr/local/lib/node_modules/@earendil-works/pi-coding-agent/dist/core/export-html
532K	/usr/local/lib/node_modules/@earendil-works/pi-coding-agent/dist/core/extensions
736K	/usr/local/lib/node_modules/@earendil-works/pi-coding-agent/dist/core/tools
212K	/usr/local/lib/node_modules/@earendil-works/pi-coding-agent/dist/core/compaction
4.6M	/usr/local/lib/node_modules/@earendil-works/pi-coding-agent/dist/core
264K	/usr/local/lib/node_modules/@earendil-works/pi-coding-agent/dist/modes/rpc
532K	/usr/local/lib/node_modules/@earendil-works/pi-coding-agent/dist/modes/interactive/assets
1.7M	/usr/local/lib/node_modules/@earendil-works/pi-coding-agent/dist/modes/interactive/components
228K	/usr/local/lib/node_modules/@earendil-works/pi-coding-agent/dist/modes/interactive/theme
3.3M	/usr/local/lib/node_modules/@earendil-works/pi-coding-agent/dist/modes/interactive
3.7M	/usr/local/lib/node_modules/@earendil-works/pi-coding-agent/dist/modes
9.7M	/usr/local/lib/node_modules/@earendil-works/pi-coding-agent/dist
16K	/usr/local/lib/node_modules/@earendil-works/pi-coding-agent/examples/extensions/subagent/prompts
20K	/usr/local/lib/node_modules/@earendil-works/pi-coding-agent/examples/extensions/subagent/agents
88K	/usr/local/lib/node_modules/@earendil-works/pi-coding-agent/examples/extensions/subagent
20K	/usr/local/lib/node_modules/@earendil-works/pi-coding-agent/examples/extensions/dynamic-resources
16K	/usr/local/lib/node_modules/@earendil-works/pi-coding-agent/examples/extensions/with-deps
24K	/usr/local/lib/node_modules/@earendil-works/pi-coding-agent/examples/extensions/custom-provider-gitlab-duo
28K	/usr/local/lib/node_modules/@earendil-works/pi-coding-agent/examples/extensions/plan-mode
32K	/usr/local/lib/node_modules/@earendil-works/pi-coding-agent/examples/extensions/custom-provider-anthropic
24K	/usr/local/lib/node_modules/@earendil-works/pi-coding-agent/examples/extensions/sandbox
440K	/usr/local/lib/node_modules/@earendil-works/pi-coding-agent/examples/extensions/doom-overlay/doom/build
452K	/usr/local/lib/node_modules/@earendil-works/pi-coding-agent/examples/extensions/doom-overlay/doom
484K	/usr/local/lib/node_modules/@earendil-works/pi-coding-agent/examples/extensions/doom-overlay
36K	/usr/local/lib/node_modules/@earendil-works/pi-coding-agent/examples/extensions/gondolin
1.3M	/usr/local/lib/node_modules/@earendil-works/pi-coding-agent/examples/extensions
64K	/usr/local/lib/node_modules/@earendil-works/pi-coding-agent/examples/sdk
1.4M	/usr/local/lib/node_modules/@earendil-works/pi-coding-agent/examples
2.2M	/usr/local/lib/node_modules/@earendil-works/pi-coding-agent/docs/images
2.7M	/usr/local/lib/node_modules/@earendil-works/pi-coding-agent/docs
1.7M	/usr/local/lib/node_modules/@earendil-works/pi-coding-agent/node_modules/jiti/dist
56K	/usr/local/lib/node_modules/@earendil-works/pi-coding-agent/node_modules/jiti/lib
1.8M	/usr/local/lib/node_modules/@earendil-works/pi-coding-agent/node_modules/jiti
80K	/usr/local/lib/node_modules/@earendil-works/pi-coding-agent/node_modules/google-logging-utils/build/src
84K	/usr/local/lib/node_modules/@earendil-works/pi-coding-agent/node_modules/google-logging-utils/build
112K	/usr/local/lib/node_modules/@earendil-works/pi-coding-agent/node_modules/google-logging-utils
832K	/usr/local/lib/node_modules/@earendil-works/pi-coding-agent/node_modules/glob/dist/esm
836K	/usr/local/lib/node_modules/@earendil-works/pi-coding-agent/node_modules/glob/dist/commonjs
1.7M	/usr/local/lib/node_modules/@earendil-works/pi-coding-agent/node_modules/glob/dist
1.7M	/usr/local/lib/node_modules/@earendil-works/pi-coding-agent/node_modules/glob
16K	/usr/local/lib/node_modules/@earendil-works/pi-coding-agent/node_modules/@aws-sdk/credential-provider-web-identity/dist-es
16K	/usr/local/lib/node_modules/@earendil-works/pi-coding-agent/node_modules/@aws-sdk/credential-provider-web-identity/dist-types/ts3.4
40K	/usr/local/lib/node_modules/@earendil-works/pi-coding-agent/node_modules/@aws-sdk/credential-provider-web-identity/dist-types
16K	/usr/local/lib/node_modules/@earendil-works/pi-coding-agent/node_modules/@aws-sdk/credential-provider-web-identity/dist-cjs
96K	/usr/local/lib/node_modules/@earendil-works/pi-coding-agent/node_modules/@aws-sdk/credential-provider-web-identity
48K	/usr/local/lib/node_modules/@earendil-works/pi-coding-agent/node_modules/@aws-sdk/credential-provider-ini/dist-es
44K	/usr/local/lib/node_modules/@earendil-works/pi-coding-agent/node_modules/@aws-sdk/credential-provider-ini/dist-types/ts3.4
88K	/usr/local/lib/node_modules/@earendil-works/pi-coding-agent/node_modules/@aws-sdk/credential-provider-ini/dist-types
16K	/usr/local/lib/node_modules/@earendil-works/pi-coding-agent/node_modules/@aws-sdk/credential-provider-ini/dist-cjs
176K	/usr/local/lib/node_modules/@earendil-works/pi-coding-agent/node_modules/@aws-sdk/credential-provider-ini
12K	/usr/local/lib/node_modules/@earendil-works/pi-coding-agent/node_modules/@aws-sdk/client-bedrock-runtime/dist-es/auth
28K	/usr/local/lib/node_modules/@earendil-works/pi-coding-agent/node_modules/@aws-sdk/client-bedrock-runtime/dist-es/models
48K	/usr/local/lib/node_modules/@earendil-works/pi-coding-agent/node_modules/@aws-sdk/client-bedrock-runtime/dist-es/commands
16K	/usr/local/lib/node_modules/@earendil-works/pi-coding-agent/node_modules/@aws-sdk/client-bedrock-runtime/dist-es/endpoint
16K	/usr/local/lib/node_modules/@earendil-works/pi-coding-agent/node_modules/@aws-sdk/client-bedrock-runtime/dist-es/pagination
52K	/usr/local/lib/node_modules/@earendil-works/pi-coding-agent/node_modules/@aws-sdk/client-bedrock-runtime/dist-es/schemas
216K	/usr/local/lib/node_modules/@earendil-works/pi-coding-agent/node_modules/@aws-sdk/client-bedrock-runtime/dist-es
12K	/usr/local/lib/node_modules/@earendil-works/pi-coding-agent/node_modules/@aws-sdk/client-bedrock-runtime/dist-types/ts3.4/auth
92K	/usr/local/lib/node_modules/@earendil-works/pi-coding-agent/node_modules/@aws-sdk/client-bedrock-runtime/dist-types/ts3.4/models
48K	/usr/local/lib/node_modules/@earendil-works/pi-coding-agent/node_modules/@aws-sdk/client-bedrock-runtime/dist-types/ts3.4/commands
16K	/usr/local/lib/node_modules/@earendil-works/pi-coding-agent/node_modules/@aws-sdk/client-bedrock-runtime/dist-types/ts3.4/endpoint
16K	/usr/local/lib/node_modules/@earendil-works/pi-coding-agent/node_modules/@aws-sdk/client-bedrock-runtime/dist-types/ts3.4/pagination
16K	/usr/local/lib/node_modules/@earendil-works/pi-coding-agent/node_modules/@aws-sdk/client-bedrock-runtime/dist-types/ts3.4/schemas
260K	/usr/local/lib/node_modules/@earendil-works/pi-coding-agent/node_modules/@aws-sdk/client-bedrock-runtime/dist-types/ts3.4
12K	/usr/local/lib/node_modules/@earendil-works/pi-coding-agent/node_modules/@aws-sdk/client-bedrock-runtime/dist-types/auth
200K	/usr/local/lib/node_modules/@earendil-works/pi-coding-agent/node_modules/@aws-sdk/client-bedrock-runtime/dist-types/models
220K	/usr/local/lib/node_modules/@earendil-works/pi-coding-agent/node_modules/@aws-sdk/client-bedrock-runtime/dist-types/commands
16K	/usr/local/lib/node_modules/@earendil-works/pi-coding-agent/node_modules/@aws-sdk/client-bedrock-runtime/dist-types/endpoint
16K	/usr/local/lib/node_modules/@earendil-works/pi-coding-agent/node_modules/@aws-sdk/client-bedrock-runtime/dist-types/pagination
16K	/usr/local/lib/node_modules/@earendil-works/pi-coding-agent/node_modules/@aws-sdk/client-bedrock-runtime/dist-types/schemas
804K	/usr/local/lib/node_modules/@earendil-works/pi-coding-agent/node_modules/@aws-sdk/client-bedrock-runtime/dist-types
8.0K	/usr/local/lib/node_modules/@earendil-works/pi-coding-agent/node_modules/@aws-sdk/client-bedrock-runtime/dist-cjs/auth
16K	/usr/local/lib/node_modules/@earendil-works/pi-coding-agent/node_modules/@aws-sdk/client-bedrock-runtime/dist-cjs/models
12K	/usr/local/lib/node_modules/@earendil-works/pi-coding-agent/node_modules/@aws-sdk/client-bedrock-runtime/dist-cjs/endpoint
60K	/usr/local/lib/node_modules/@earendil-works/pi-coding-agent/node_modules/@aws-sdk/client-bedrock-runtime/dist-cjs/schemas
144K	/usr/local/lib/node_modules/@earendil-works/pi-coding-agent/node_modules/@aws-sdk/client-bedrock-runtime/dist-cjs
1.2M	/usr/local/lib/node_modules/@earendil-works/pi-coding-agent/node_modules/@aws-sdk/client-bedrock-runtime
16K	/usr/local/lib/node_modules/@earendil-works/pi-coding-agent/node_modules/@aws-sdk/xml-builder/dist-es/xml-external
52K	/usr/local/lib/node_modules/@earendil-works/pi-coding-agent/node_modules/@aws-sdk/xml-builder/dist-es
8.0K	/usr/local/lib/node_modules/@earendil-works/pi-coding-agent/node_modules/@aws-sdk/xml-builder/dist-types/ts3.4/xml-external
44K	/usr/local/lib/node_modules/@earendil-works/pi-coding-agent/node_modules/@aws-sdk/xml-builder/dist-types/ts3.4
8.0K	/usr/local/lib/node_modules/@earendil-works/pi-coding-agent/node_modules/@aws-sdk/xml-builder/dist-types/xml-external
88K	/usr/local/lib/node_modules/@earendil-works/pi-coding-agent/node_modules/@aws-sdk/xml-builder/dist-types
16K	/usr/local/lib/node_modules/@earendil-works/pi-coding-agent/node_modules/@aws-sdk/xml-builder/dist-cjs/xml-external
32K	/usr/local/lib/node_modules/@earendil-works/pi-coding-agent/node_modules/@aws-sdk/xml-builder/dist-cjs
196K	/usr/local/lib/node_modules/@earendil-works/pi-coding-agent/node_modules/@aws-sdk/xml-builder
48K	/usr/local/lib/node_modules/@earendil-works/pi-coding-agent/node_modules/@aws-sdk/token-providers/dist-es
48K	/usr/local/lib/node_modules/@earendil-works/pi-coding-agent/node_modules/@aws-sdk/token-providers/dist-types/ts3.4
96K	/usr/local/lib/node_modules/@earendil-works/pi-coding-agent/node_modules/@aws-sdk/token-providers/dist-types
12K	/usr/local/lib/node_modules/@earendil-works/pi-coding-agent/node_modules/@aws-sdk/token-providers/dist-cjs
180K	/usr/local/lib/node_modules/@earendil-works/pi-coding-agent/node_modules/@aws-sdk/token-providers
24K	/usr/local/lib/node_modules/@earendil-works/pi-coding-agent/node_modules/@aws-sdk/middleware-eventstream/dist-es
24K	/usr/local/lib/node_modules/@earendil-works/pi-coding-agent/node_modules/@aws-sdk/middleware-eventstream/dist-types/ts3.4
48K	/usr/local/lib/node_modules/@earendil-works/pi-coding-agent/node_modules/@aws-sdk/middleware-eventstream/dist-types
8.0K	/usr/local/lib/node_modules/@earendil-works/pi-coding-agent/node_modules/@aws-sdk/middleware-eventstream/dist-cjs
104K	/usr/local/lib/node_modules/@earendil-works/pi-coding-agent/node_modules/@aws-sdk/middleware-eventstream
32K	/usr/local/lib/node_modules/@earendil-works/pi-coding-agent/node_modules/@aws-sdk/credential-provider-sso/dist-es
32K	/usr/local/lib/node_modules/@earendil-works/pi-coding-agent/node_modules/@aws-sdk/credential-provider-sso/dist-types/ts3.4
64K	/usr/local/lib/node_modules/@earendil-works/pi-coding-agent/node_modules/@aws-sdk/credential-provider-sso/dist-types
20K	/usr/local/lib/node_modules/@earendil-works/pi-coding-agent/node_modules/@aws-sdk/credential-provider-sso/dist-cjs
140K	/usr/local/lib/node_modules/@earendil-works/pi-coding-agent/node_modules/@aws-sdk/credential-provider-sso
8.0K	/usr/local/lib/node_modules/@earendil-works/pi-coding-agent/node_modules/@aws-sdk/credential-provider-node/dist-es/runtime
24K	/usr/local/lib/node_modules/@earendil-works/pi-coding-agent/node_modules/@aws-sdk/credential-provider-node/dist-es
8.0K	/usr/local/lib/node_modules/@earendil-works/pi-coding-agent/node_modules/@aws-sdk/credential-provider-node/dist-types/ts3.4/runtime
24K	/usr/local/lib/node_modules/@earendil-works/pi-coding-agent/node_modules/@aws-sdk/credential-provider-node/dist-types/ts3.4
8.0K	/usr/local/lib/node_modules/@earendil-works/pi-coding-agent/node_modules/@aws-sdk/credential-provider-node/dist-types/runtime
48K	/usr/local/lib/node_modules/@earendil-works/pi-coding-agent/node_modules/@aws-sdk/credential-provider-node/dist-types
12K	/usr/local/lib/node_modules/@earendil-works/pi-coding-agent/node_modules/@aws-sdk/credential-provider-node/dist-cjs
112K	/usr/local/lib/node_modules/@earendil-works/pi-coding-agent/node_modules/@aws-sdk/credential-provider-node
20K	/usr/local/lib/node_modules/@earendil-works/pi-coding-agent/node_modules/@aws-sdk/eventstream-handler-node/dist-es
20K	/usr/local/lib/node_modules/@earendil-works/pi-coding-agent/node_modules/@aws-sdk/eventstream-handler-node/dist-types/ts3.4
40K	/usr/local/lib/node_modules/@earendil-works/pi-coding-agent/node_modules/@aws-sdk/eventstream-handler-node/dist-types
12K	/usr/local/lib/node_modules/@earendil-works/pi-coding-agent/node_modules/@aws-sdk/eventstream-handler-node/dist-cjs
96K	/usr/local/lib/node_modules/@earendil-works/pi-coding-agent/node_modules/@aws-sdk/eventstream-handler-node
12K	/usr/local/lib/node_modules/@earendil-works/pi-coding-agent/node_modules/@aws-sdk/credential-provider-env/dist-es
12K	/usr/local/lib/node_modules/@earendil-works/pi-coding-agent/node_modules/@aws-sdk/credential-provider-env/dist-types/ts3.4
24K	/usr/local/lib/node_modules/@earendil-works/pi-coding-agent/node_modules/@aws-sdk/credential-provider-env/dist-types
8.0K	/usr/local/lib/node_modules/@earendil-works/pi-coding-agent/node_modules/@aws-sdk/credential-provider-env/dist-cjs
68K	/usr/local/lib/node_modules/@earendil-works/pi-coding-agent/node_modules/@aws-sdk/credential-provider-env
12K	/usr/local/lib/node_modules/@earendil-works/pi-coding-agent/node_modules/@aws-sdk/middleware-websocket/dist-es/middlewares
16K	/usr/local/lib/node_modules/@earendil-works/pi-coding-agent/node_modules/@aws-sdk/middleware-websocket/dist-es/ws-eventstream
60K	/usr/local/lib/node_modules/@earendil-works/pi-coding-agent/node_modules/@aws-sdk/middleware-websocket/dist-es
12K	/usr/local/lib/node_modules/@earendil-works/pi-coding-agent/node_modules/@aws-sdk/middleware-websocket/dist-types/ts3.4/middlewares
16K	/usr/local/lib/node_modules/@earendil-works/pi-coding-agent/node_modules/@aws-sdk/middleware-websocket/dist-types/ts3.4/ws-eventstream
56K	/usr/local/lib/node_modules/@earendil-works/pi-coding-agent/node_modules/@aws-sdk/middleware-websocket/dist-types/ts3.4
12K	/usr/local/lib/node_modules/@earendil-works/pi-coding-agent/node_modules/@aws-sdk/middleware-websocket/dist-types/middlewares
16K	/usr/local/lib/node_modules/@earendil-works/pi-coding-agent/node_modules/@aws-sdk/middleware-websocket/dist-types/ws-eventstream
112K	/usr/local/lib/node_modules/@earendil-works/pi-coding-agent/node_modules/@aws-sdk/middleware-websocket/dist-types
20K	/usr/local/lib/node_modules/@earendil-works/pi-coding-agent/node_modules/@aws-sdk/middleware-websocket/dist-cjs
216K	/usr/local/lib/node_modules/@earendil-works/pi-coding-agent/node_modules/@aws-sdk/middleware-websocket
28K	/usr/local/lib/node_modules/@earendil-works/pi-coding-agent/node_modules/@aws-sdk/credential-provider-http/dist-es/fromHttp
40K	/usr/local/lib/node_modules/@earendil-works/pi-coding-agent/node_modules/@aws-sdk/credential-provider-http/dist-es
28K	/usr/local/lib/node_modules/@earendil-works/pi-coding-agent/node_modules/@aws-sdk/credential-provider-http/dist-types/ts3.4/fromHttp
40K	/usr/local/lib/node_modules/@earendil-works/pi-coding-agent/node_modules/@aws-sdk/credential-provider-http/dist-types/ts3.4
28K	/usr/local/lib/node_modules/@earendil-works/pi-coding-agent/node_modules/@aws-sdk/credential-provider-http/dist-types/fromHttp
80K	/usr/local/lib/node_modules/@earendil-works/pi-coding-agent/node_modules/@aws-sdk/credential-provider-http/dist-types
24K	/usr/local/lib/node_modules/@earendil-works/pi-coding-agent/node_modules/@aws-sdk/credential-provider-http/dist-cjs/fromHttp
36K	/usr/local/lib/node_modules/@earendil-works/pi-coding-agent/node_modules/@aws-sdk/credential-provider-http/dist-cjs
168K	/usr/local/lib/node_modules/@earendil-works/pi-coding-agent/node_modules/@aws-sdk/credential-provider-http
12K	/usr/local/lib/node_modules/@earendil-works/pi-coding-agent/node_modules/@aws-sdk/core/dist-es/submodules/protocols/json/experimental
68K	/usr/local/lib/node_modules/@earendil-works/pi-coding-agent/node_modules/@aws-sdk/core/dist-es/submodules/protocols/json
48K	/usr/local/lib/node_modules/@earendil-works/pi-coding-agent/node_modules/@aws-sdk/core/dist-es/submodules/protocols/xml
8.0K	/usr/local/lib/node_modules/@earendil-works/pi-coding-agent/node_modules/@aws-sdk/core/dist-es/submodules/protocols/cbor
28K	/usr/local/lib/node_modules/@earendil-works/pi-coding-agent/node_modules/@aws-sdk/core/dist-es/submodules/protocols/query
184K	/usr/local/lib/node_modules/@earendil-works/pi-coding-agent/node_modules/@aws-sdk/core/dist-es/submodules/protocols
20K	/usr/local/lib/node_modules/@earendil-works/pi-coding-agent/node_modules/@aws-sdk/core/dist-es/submodules/account-id-endpoint
8.0K	/usr/local/lib/node_modules/@earendil-works/pi-coding-agent/node_modules/@aws-sdk/core/dist-es/submodules/util/util-format-url
8.0K	/usr/local/lib/node_modules/@earendil-works/pi-coding-agent/node_modules/@aws-sdk/core/dist-es/submodules/util/util-arn-parser
24K	/usr/local/lib/node_modules/@earendil-works/pi-coding-agent/node_modules/@aws-sdk/core/dist-es/submodules/util
32K	/usr/local/lib/node_modules/@earendil-works/pi-coding-agent/node_modules/@aws-sdk/core/dist-es/submodules/httpAuthSchemes/utils
32K	/usr/local/lib/node_modules/@earendil-works/pi-coding-agent/node_modules/@aws-sdk/core/dist-es/submodules/httpAuthSchemes/aws_sdk
72K	/usr/local/lib/node_modules/@earendil-works/pi-coding-agent/node_modules/@aws-sdk/core/dist-es/submodules/httpAuthSchemes
8.0K	/usr/local/lib/node_modules/@earendil-works/pi-coding-agent/node_modules/@aws-sdk/core/dist-es/submodules/client/middleware-host-header
8.0K	/usr/local/lib/node_modules/@earendil-works/pi-coding-agent/node_modules/@aws-sdk/core/dist-es/submodules/client/middleware-logger
40K	/usr/local/lib/node_modules/@earendil-works/pi-coding-agent/node_modules/@aws-sdk/core/dist-es/submodules/client/util-user-agent-node
28K	/usr/local/lib/node_modules/@earendil-works/pi-coding-agent/node_modules/@aws-sdk/core/dist-es/submodules/client/util-endpoints/types
24K	/usr/local/lib/node_modules/@earendil-works/pi-coding-agent/node_modules/@aws-sdk/core/dist-es/submodules/client/util-endpoints/lib/aws
32K	/usr/local/lib/node_modules/@earendil-works/pi-coding-agent/node_modules/@aws-sdk/core/dist-es/submodules/client/util-endpoints/lib
76K	/usr/local/lib/node_modules/@earendil-works/pi-coding-agent/node_modules/@aws-sdk/core/dist-es/submodules/client/util-endpoints
24K	/usr/local/lib/node_modules/@earendil-works/pi-coding-agent/node_modules/@aws-sdk/core/dist-es/submodules/client/util-user-agent-browser
24K	/usr/local/lib/node_modules/@earendil-works/pi-coding-agent/node_modules/@aws-sdk/core/dist-es/submodules/client/middleware-user-agent
24K	/usr/local/lib/node_modules/@earendil-works/pi-coding-agent/node_modules/@aws-sdk/core/dist-es/submodules/client/region-config-resolver
28K	/usr/local/lib/node_modules/@earendil-works/pi-coding-agent/node_modules/@aws-sdk/core/dist-es/submodules/client/middleware-recursion-detection
268K	/usr/local/lib/node_modules/@earendil-works/pi-coding-agent/node_modules/@aws-sdk/core/dist-es/submodules/client
572K	/usr/local/lib/node_modules/@earendil-works/pi-coding-agent/node_modules/@aws-sdk/core/dist-es/submodules
580K	/usr/local/lib/node_modules/@earendil-works/pi-coding-agent/node_modules/@aws-sdk/core/dist-es
8.0K	/usr/local/lib/node_modules/@earendil-works/pi-coding-agent/node_modules/@aws-sdk/core/dist-types/submodules/protocols/json/experimental
56K	/usr/local/lib/node_modules/@earendil-works/pi-coding-agent/node_modules/@aws-sdk/core/dist-types/submodules/protocols/json
28K	/usr/local/lib/node_modules/@earendil-works/pi-coding-agent/node_modules/@aws-sdk/core/dist-types/submodules/protocols/xml
8.0K	/usr/local/lib/node_modules/@earendil-works/pi-coding-agent/node_modules/@aws-sdk/core/dist-types/submodules/protocols/cbor
20K	/usr/local/lib/node_modules/@earendil-works/pi-coding-agent/node_modules/@aws-sdk/core/dist-types/submodules/protocols/query
140K	/usr/local/lib/node_modules/@earendil-works/pi-coding-agent/node_modules/@aws-sdk/core/dist-types/submodules/protocols
20K	/usr/local/lib/node_modules/@earendil-works/pi-coding-agent/node_modules/@aws-sdk/core/dist-types/submodules/account-id-endpoint
8.0K	/usr/local/lib/node_modules/@earendil-works/pi-coding-agent/node_modules/@aws-sdk/core/dist-types/submodules/util/util-format-url
8.0K	/usr/local/lib/node_modules/@earendil-works/pi-coding-agent/node_modules/@aws-sdk/core/dist-types/submodules/util/util-arn-parser
24K	/usr/local/lib/node_modules/@earendil-works/pi-coding-agent/node_modules/@aws-sdk/core/dist-types/submodules/util
32K	/usr/local/lib/node_modules/@earendil-works/pi-coding-agent/node_modules/@aws-sdk/core/dist-types/submodules/httpAuthSchemes/utils
28K	/usr/local/lib/node_modules/@earendil-works/pi-coding-agent/node_modules/@aws-sdk/core/dist-types/submodules/httpAuthSchemes/aws_sdk
68K	/usr/local/lib/node_modules/@earendil-works/pi-coding-agent/node_modules/@aws-sdk/core/dist-types/submodules/httpAuthSchemes
8.0K	/usr/local/lib/node_modules/@earendil-works/pi-coding-agent/node_modules/@aws-sdk/core/dist-types/submodules/client/middleware-host-header
8.0K	/usr/local/lib/node_modules/@earendil-works/pi-coding-agent/node_modules/@aws-sdk/core/dist-types/submodules/client/middleware-logger
40K	/usr/local/lib/node_modules/@earendil-works/pi-coding-agent/node_modules/@aws-sdk/core/dist-types/submodules/client/util-user-agent-node
28K	/usr/local/lib/node_modules/@earendil-works/pi-coding-agent/node_modules/@aws-sdk/core/dist-types/submodules/client/util-endpoints/types
40K	/usr/local/lib/node_modules/@earendil-works/pi-coding-agent/node_modules/@aws-sdk/core/dist-types/submodules/client/util-endpoints/lib/aws
48K	/usr/local/lib/node_modules/@earendil-works/pi-coding-agent/node_modules/@aws-sdk/core/dist-types/submodules/client/util-endpoints/lib
92K	/usr/local/lib/node_modules/@earendil-works/pi-coding-agent/node_modules/@aws-sdk/core/dist-types/submodules/client/util-endpoints
24K	/usr/local/lib/node_modules/@earendil-works/pi-coding-agent/node_modules/@aws-sdk/core/dist-types/submodules/client/util-user-agent-browser
24K	/usr/local/lib/node_modules/@earendil-works/pi-coding-agent/node_modules/@aws-sdk/core/dist-types/submodules/client/middleware-user-agent
24K	/usr/local/lib/node_modules/@earendil-works/pi-coding-agent/node_modules/@aws-sdk/core/dist-types/submodules/client/region-config-resolver
28K	/usr/local/lib/node_modules/@earendil-works/pi-coding-agent/node_modules/@aws-sdk/core/dist-types/submodules/client/middleware-recursion-detection
296K	/usr/local/lib/node_modules/@earendil-works/pi-coding-agent/node_modules/@aws-sdk/core/dist-types/submodules/client
552K	/usr/local/lib/node_modules/@earendil-works/pi-coding-agent/node_modules/@aws-sdk/core/dist-types/submodules
8.0K	/usr/local/lib/node_modules/@earendil-works/pi-coding-agent/node_modules/@aws-sdk/core/dist-types/ts3.4/submodules/protocols/json/experimental
56K	/usr/local/lib/node_modules/@earendil-works/pi-coding-agent/node_modules/@aws-sdk/core/dist-types/ts3.4/submodules/protocols/json
28K	/usr/local/lib/node_modules/@earendil-works/pi-coding-agent/node_modules/@aws-sdk/core/dist-types/ts3.4/submodules/protocols/xml
8.0K	/usr/local/lib/node_modules/@earendil-works/pi-coding-agent/node_modules/@aws-sdk/core/dist-types/ts3.4/submodules/protocols/cbor
20K	/usr/local/lib/node_modules/@earendil-works/pi-coding-agent/node_modules/@aws-sdk/core/dist-types/ts3.4/submodules/protocols/query
140K	/usr/local/lib/node_modules/@earendil-works/pi-coding-agent/node_modules/@aws-sdk/core/dist-types/ts3.4/submodules/protocols
20K	/usr/local/lib/node_modules/@earendil-works/pi-coding-agent/node_modules/@aws-sdk/core/dist-types/ts3.4/submodules/account-id-endpoint
8.0K	/usr/local/lib/node_modules/@earendil-works/pi-coding-agent/node_modules/@aws-sdk/core/dist-types/ts3.4/submodules/util/util-format-url
8.0K	/usr/local/lib/node_modules/@earendil-works/pi-coding-agent/node_modules/@aws-sdk/core/dist-types/ts3.4/submodules/util/util-arn-parser
24K	/usr/local/lib/node_modules/@earendil-works/pi-coding-agent/node_modules/@aws-sdk/core/dist-types/ts3.4/submodules/util
32K	/usr/local/lib/node_modules/@earendil-works/pi-coding-agent/node_modules/@aws-sdk/core/dist-types/ts3.4/submodules/httpAuthSchemes/utils
28K	/usr/local/lib/node_modules/@earendil-works/pi-coding-agent/node_modules/@aws-sdk/core/dist-types/ts3.4/submodules/httpAuthSchemes/aws_sdk
68K	/usr/local/lib/node_modules/@earendil-works/pi-coding-agent/node_modules/@aws-sdk/core/dist-types/ts3.4/submodules/httpAuthSchemes
8.0K	/usr/local/lib/node_modules/@earendil-works/pi-coding-agent/node_modules/@aws-sdk/core/dist-types/ts3.4/submodules/client/middleware-host-header
8.0K	/usr/local/lib/node_modules/@earendil-works/pi-coding-agent/node_modules/@aws-sdk/core/dist-types/ts3.4/submodules/client/middleware-logger
40K	/usr/local/lib/node_modules/@earendil-works/pi-coding-agent/node_modules/@aws-sdk/core/dist-types/ts3.4/submodules/client/util-user-agent-node
28K	/usr/local/lib/node_modules/@earendil-works/pi-coding-agent/node_modules/@aws-sdk/core/dist-types/ts3.4/submodules/client/util-endpoints/types
40K	/usr/local/lib/node_modules/@earendil-works/pi-coding-agent/node_modules/@aws-sdk/core/dist-types/ts3.4/submodules/client/util-endpoints/lib/aws
48K	/usr/local/lib/node_modules/@earendil-works/pi-coding-agent/node_modules/@aws-sdk/core/dist-types/ts3.4/submodules/client/util-endpoints/lib
92K	/usr/local/lib/node_modules/@earendil-works/pi-coding-agent/node_modules/@aws-sdk/core/dist-types/ts3.4/submodules/client/util-endpoints
24K	/usr/local/lib/node_modules/@earendil-works/pi-coding-agent/node_modules/@aws-sdk/core/dist-types/ts3.4/submodules/client/util-user-agent-browser
24K	/usr/local/lib/node_modules/@earendil-works/pi-coding-agent/node_modules/@aws-sdk/core/dist-types/ts3.4/submodules/client/middleware-user-agent
24K	/usr/local/lib/node_modules/@earendil-works/pi-coding-agent/node_modules/@aws-sdk/core/dist-types/ts3.4/submodules/client/region-config-resolver
28K	/usr/local/lib/node_modules/@earendil-works/pi-coding-agent/node_modules/@aws-sdk/core/dist-types/ts3.4/submodules/client/middleware-recursion-detection
296K	/usr/local/lib/node_modules/@earendil-works/pi-coding-agent/node_modules/@aws-sdk/core/dist-types/ts3.4/submodules/client
552K	/usr/local/lib/node_modules/@earendil-works/pi-coding-agent/node_modules/@aws-sdk/core/dist-types/ts3.4/submodules
564K	/usr/local/lib/node_modules/@earendil-works/pi-coding-agent/node_modules/@aws-sdk/core/dist-types/ts3.4
1.2M	/usr/local/lib/node_modules/@earendil-works/pi-coding-agent/node_modules/@aws-sdk/core/dist-types
80K	/usr/local/lib/node_modules/@earendil-works/pi-coding-agent/node_modules/@aws-sdk/core/dist-cjs/submodules/protocols
8.0K	/usr/local/lib/node_modules/@earendil-works/pi-coding-agent/node_modules/@aws-sdk/core/dist-cjs/submodules/account-id-endpoint
8.0K	/usr/local/lib/node_modules/@earendil-works/pi-coding-agent/node_modules/@aws-sdk/core/dist-cjs/submodules/util
20K	/usr/local/lib/node_modules/@earendil-works/pi-coding-agent/node_modules/@aws-sdk/core/dist-cjs/submodules/httpAuthSchemes
96K	/usr/local/lib/node_modules/@earendil-works/pi-coding-agent/node_modules/@aws-sdk/core/dist-cjs/submodules/client
216K	/usr/local/lib/node_modules/@earendil-works/pi-coding-agent/node_modules/@aws-sdk/core/dist-cjs/submodules
312K	/usr/local/lib/node_modules/@earendil-works/pi-coding-agent/node_modules/@aws-sdk/core/dist-cjs
2.1M	/usr/local/lib/node_modules/@earendil-works/pi-coding-agent/node_modules/@aws-sdk/core
8.0K	/usr/local/lib/node_modules/@earendil-works/pi-coding-agent/node_modules/@aws-sdk/types/dist-es/blob
8.0K	/usr/local/lib/node_modules/@earendil-works/pi-coding-agent/node_modules/@aws-sdk/types/dist-es/extensions
28K	/usr/local/lib/node_modules/@earendil-works/pi-coding-agent/node_modules/@aws-sdk/types/dist-es/identity
176K	/usr/local/lib/node_modules/@earendil-works/pi-coding-agent/node_modules/@aws-sdk/types/dist-es
8.0K	/usr/local/lib/node_modules/@earendil-works/pi-coding-agent/node_modules/@aws-sdk/types/dist-types/blob
8.0K	/usr/local/lib/node_modules/@earendil-works/pi-coding-agent/node_modules/@aws-sdk/types/dist-types/extensions
8.0K	/usr/local/lib/node_modules/@earendil-works/pi-coding-agent/node_modules/@aws-sdk/types/dist-types/ts3.4/blob
8.0K	/usr/local/lib/node_modules/@earendil-works/pi-coding-agent/node_modules/@aws-sdk/types/dist-types/ts3.4/extensions
28K	/usr/local/lib/node_modules/@earendil-works/pi-coding-agent/node_modules/@aws-sdk/types/dist-types/ts3.4/identity
176K	/usr/local/lib/node_modules/@earendil-works/pi-coding-agent/node_modules/@aws-sdk/types/dist-types/ts3.4
28K	/usr/local/lib/node_modules/@earendil-works/pi-coding-agent/node_modules/@aws-sdk/types/dist-types/identity
352K	/usr/local/lib/node_modules/@earendil-works/pi-coding-agent/node_modules/@aws-sdk/types/dist-types
8.0K	/usr/local/lib/node_modules/@earendil-works/pi-coding-agent/node_modules/@aws-sdk/types/dist-cjs
560K	/usr/local/lib/node_modules/@earendil-works/pi-coding-agent/node_modules/@aws-sdk/types
28K	/usr/local/lib/node_modules/@earendil-works/pi-coding-agent/node_modules/@aws-sdk/credential-provider-login/dist-es
20K	/usr/local/lib/node_modules/@earendil-works/pi-coding-agent/node_modules/@aws-sdk/credential-provider-login/dist-types/ts3.4
40K	/usr/local/lib/node_modules/@earendil-works/pi-coding-agent/node_modules/@aws-sdk/credential-provider-login/dist-types
20K	/usr/local/lib/node_modules/@earendil-works/pi-coding-agent/node_modules/@aws-sdk/credential-provider-login/dist-cjs
100K	/usr/local/lib/node_modules/@earendil-works/pi-coding-agent/node_modules/@aws-sdk/credential-provider-login
12K	/usr/local/lib/node_modules/@earendil-works/pi-coding-agent/node_modules/@aws-sdk/nested-clients/dist-es/submodules/sso-oidc/auth
24K	/usr/local/lib/node_modules/@earendil-works/pi-coding-agent/node_modules/@aws-sdk/nested-clients/dist-es/submodules/sso-oidc/models
12K	/usr/local/lib/node_modules/@earendil-works/pi-coding-agent/node_modules/@aws-sdk/nested-clients/dist-es/submodules/sso-oidc/commands
16K	/usr/local/lib/node_modules/@earendil-works/pi-coding-agent/node_modules/@aws-sdk/nested-clients/dist-es/submodules/sso-oidc/endpoint
12K	/usr/local/lib/node_modules/@earendil-works/pi-coding-agent/node_modules/@aws-sdk/nested-clients/dist-es/submodules/sso-oidc/schemas
116K	/usr/local/lib/node_modules/@earendil-works/pi-coding-agent/node_modules/@aws-sdk/nested-clients/dist-es/submodules/sso-oidc
12K	/usr/local/lib/node_modules/@earendil-works/pi-coding-agent/node_modules/@aws-sdk/nested-clients/dist-es/submodules/signin/auth
20K	/usr/local/lib/node_modules/@earendil-works/pi-coding-agent/node_modules/@aws-sdk/nested-clients/dist-es/submodules/signin/models
12K	/usr/local/lib/node_modules/@earendil-works/pi-coding-agent/node_modules/@aws-sdk/nested-clients/dist-es/submodules/signin/commands
16K	/usr/local/lib/node_modules/@earendil-works/pi-coding-agent/node_modules/@aws-sdk/nested-clients/dist-es/submodules/signin/endpoint
8.0K	/usr/local/lib/node_modules/@earendil-works/pi-coding-agent/node_modules/@aws-sdk/nested-clients/dist-es/submodules/signin/schemas
108K	/usr/local/lib/node_modules/@earendil-works/pi-coding-agent/node_modules/@aws-sdk/nested-clients/dist-es/submodules/signin
12K	/usr/local/lib/node_modules/@earendil-works/pi-coding-agent/node_modules/@aws-sdk/nested-clients/dist-es/submodules/sso/auth
16K	/usr/local/lib/node_modules/@earendil-works/pi-coding-agent/node_modules/@aws-sdk/nested-clients/dist-es/submodules/sso/models
12K	/usr/local/lib/node_modules/@earendil-works/pi-coding-agent/node_modules/@aws-sdk/nested-clients/dist-es/submodules/sso/commands
16K	/usr/local/lib/node_modules/@earendil-works/pi-coding-agent/node_modules/@aws-sdk/nested-clients/dist-es/submodules/sso/endpoint
8.0K	/usr/local/lib/node_modules/@earendil-works/pi-coding-agent/node_modules/@aws-sdk/nested-clients/dist-es/submodules/sso/schemas
104K	/usr/local/lib/node_modules/@earendil-works/pi-coding-agent/node_modules/@aws-sdk/nested-clients/dist-es/submodules/sso
16K	/usr/local/lib/node_modules/@earendil-works/pi-coding-agent/node_modules/@aws-sdk/nested-clients/dist-es/submodules/sts/auth
16K	/usr/local/lib/node_modules/@earendil-works/pi-coding-agent/node_modules/@aws-sdk/nested-clients/dist-es/submodules/sts/models
16K	/usr/local/lib/node_modules/@earendil-works/pi-coding-agent/node_modules/@aws-sdk/nested-clients/dist-es/submodules/sts/commands
16K	/usr/local/lib/node_modules/@earendil-works/pi-coding-agent/node_modules/@aws-sdk/nested-clients/dist-es/submodules/sts/endpoint
12K	/usr/local/lib/node_modules/@earendil-works/pi-coding-agent/node_modules/@aws-sdk/nested-clients/dist-es/submodules/sts/schemas
132K	/usr/local/lib/node_modules/@earendil-works/pi-coding-agent/node_modules/@aws-sdk/nested-clients/dist-es/submodules/sts
12K	/usr/local/lib/node_modules/@earendil-works/pi-coding-agent/node_modules/@aws-sdk/nested-clients/dist-es/submodules/cognito-identity/auth
16K	/usr/local/lib/node_modules/@earendil-works/pi-coding-agent/node_modules/@aws-sdk/nested-clients/dist-es/submodules/cognito-identity/models
16K	/usr/local/lib/node_modules/@earendil-works/pi-coding-agent/node_modules/@aws-sdk/nested-clients/dist-es/submodules/cognito-identity/commands
16K	/usr/local/lib/node_modules/@earendil-works/pi-coding-agent/node_modules/@aws-sdk/nested-clients/dist-es/submodules/cognito-identity/endpoint
12K	/usr/local/lib/node_modules/@earendil-works/pi-coding-agent/node_modules/@aws-sdk/nested-clients/dist-es/submodules/cognito-identity/schemas
112K	/usr/local/lib/node_modules/@earendil-works/pi-coding-agent/node_modules/@aws-sdk/nested-clients/dist-es/submodules/cognito-identity
576K	/usr/local/lib/node_modules/@earendil-works/pi-coding-agent/node_modules/@aws-sdk/nested-clients/dist-es/submodules
584K	/usr/local/lib/node_modules/@earendil-works/pi-coding-agent/node_modules/@aws-sdk/nested-clients/dist-es
12K	/usr/local/lib/node_modules/@earendil-works/pi-coding-agent/node_modules/@aws-sdk/nested-clients/dist-types/submodules/sso-oidc/auth
32K	/usr/local/lib/node_modules/@earendil-works/pi-coding-agent/node_modules/@aws-sdk/nested-clients/dist-types/submodules/sso-oidc/models
16K	/usr/local/lib/node_modules/@earendil-works/pi-coding-agent/node_modules/@aws-sdk/nested-clients/dist-types/submodules/sso-oidc/commands
16K	/usr/local/lib/node_modules/@earendil-works/pi-coding-agent/node_modules/@aws-sdk/nested-clients/dist-types/submodules/sso-oidc/endpoint
8.0K	/usr/local/lib/node_modules/@earendil-works/pi-coding-agent/node_modules/@aws-sdk/nested-clients/dist-types/submodules/sso-oidc/schemas
144K	/usr/local/lib/node_modules/@earendil-works/pi-coding-agent/node_modules/@aws-sdk/nested-clients/dist-types/submodules/sso-oidc
12K	/usr/local/lib/node_modules/@earendil-works/pi-coding-agent/node_modules/@aws-sdk/nested-clients/dist-types/submodules/signin/auth
24K	/usr/local/lib/node_modules/@earendil-works/pi-coding-agent/node_modules/@aws-sdk/nested-clients/dist-types/submodules/signin/models
16K	/usr/local/lib/node_modules/@earendil-works/pi-coding-agent/node_modules/@aws-sdk/nested-clients/dist-types/submodules/signin/commands
16K	/usr/local/lib/node_modules/@earendil-works/pi-coding-agent/node_modules/@aws-sdk/nested-clients/dist-types/submodules/signin/endpoint
8.0K	/usr/local/lib/node_modules/@earendil-works/pi-coding-agent/node_modules/@aws-sdk/nested-clients/dist-types/submodules/signin/schemas
136K	/usr/local/lib/node_modules/@earendil-works/pi-coding-agent/node_modules/@aws-sdk/nested-clients/dist-types/submodules/signin
12K	/usr/local/lib/node_modules/@earendil-works/pi-coding-agent/node_modules/@aws-sdk/nested-clients/dist-types/submodules/sso/auth
16K	/usr/local/lib/node_modules/@earendil-works/pi-coding-agent/node_modules/@aws-sdk/nested-clients/dist-types/submodules/sso/models
16K	/usr/local/lib/node_modules/@earendil-works/pi-coding-agent/node_modules/@aws-sdk/nested-clients/dist-types/submodules/sso/commands
16K	/usr/local/lib/node_modules/@earendil-works/pi-coding-agent/node_modules/@aws-sdk/nested-clients/dist-types/submodules/sso/endpoint
8.0K	/usr/local/lib/node_modules/@earendil-works/pi-coding-agent/node_modules/@aws-sdk/nested-clients/dist-types/submodules/sso/schemas
128K	/usr/local/lib/node_modules/@earendil-works/pi-coding-agent/node_modules/@aws-sdk/nested-clients/dist-types/submodules/sso
12K	/usr/local/lib/node_modules/@earendil-works/pi-coding-agent/node_modules/@aws-sdk/nested-clients/dist-types/submodules/sts/auth
56K	/usr/local/lib/node_modules/@earendil-works/pi-coding-agent/node_modules/@aws-sdk/nested-clients/dist-types/submodules/sts/models
44K	/usr/local/lib/node_modules/@earendil-works/pi-coding-agent/node_modules/@aws-sdk/nested-clients/dist-types/submodules/sts/commands
16K	/usr/local/lib/node_modules/@earendil-works/pi-coding-agent/node_modules/@aws-sdk/nested-clients/dist-types/submodules/sts/endpoint
8.0K	/usr/local/lib/node_modules/@earendil-works/pi-coding-agent/node_modules/@aws-sdk/nested-clients/dist-types/submodules/sts/schemas
204K	/usr/local/lib/node_modules/@earendil-works/pi-coding-agent/node_modules/@aws-sdk/nested-clients/dist-types/submodules/sts
12K	/usr/local/lib/node_modules/@earendil-works/pi-coding-agent/node_modules/@aws-sdk/nested-clients/dist-types/submodules/cognito-identity/auth
24K	/usr/local/lib/node_modules/@earendil-works/pi-coding-agent/node_modules/@aws-sdk/nested-clients/dist-types/submodules/cognito-identity/models
24K	/usr/local/lib/node_modules/@earendil-works/pi-coding-agent/node_modules/@aws-sdk/nested-clients/dist-types/submodules/cognito-identity/commands
16K	/usr/local/lib/node_modules/@earendil-works/pi-coding-agent/node_modules/@aws-sdk/nested-clients/dist-types/submodules/cognito-identity/endpoint
8.0K	/usr/local/lib/node_modules/@earendil-works/pi-coding-agent/node_modules/@aws-sdk/nested-clients/dist-types/submodules/cognito-identity/schemas
144K	/usr/local/lib/node_modules/@earendil-works/pi-coding-agent/node_modules/@aws-sdk/nested-clients/dist-types/submodules/cognito-identity
760K	/usr/local/lib/node_modules/@earendil-works/pi-coding-agent/node_modules/@aws-sdk/nested-clients/dist-types/submodules
12K	/usr/local/lib/node_modules/@earendil-works/pi-coding-agent/node_modules/@aws-sdk/nested-clients/dist-types/ts3.4/submodules/sso-oidc/auth
20K	/usr/local/lib/node_modules/@earendil-works/pi-coding-agent/node_modules/@aws-sdk/nested-clients/dist-types/ts3.4/submodules/sso-oidc/models
12K	/usr/local/lib/node_modules/@earendil-works/pi-coding-agent/node_modules/@aws-sdk/nested-clients/dist-types/ts3.4/submodules/sso-oidc/commands
16K	/usr/local/lib/node_modules/@earendil-works/pi-coding-agent/node_modules/@aws-sdk/nested-clients/dist-types/ts3.4/submodules/sso-oidc/endpoint
8.0K	/usr/local/lib/node_modules/@earendil-works/pi-coding-agent/node_modules/@aws-sdk/nested-clients/dist-types/ts3.4/submodules/sso-oidc/schemas
120K	/usr/local/lib/node_modules/@earendil-works/pi-coding-agent/node_modules/@aws-sdk/nested-clients/dist-types/ts3.4/submodules/sso-oidc
12K	/usr/local/lib/node_modules/@earendil-works/pi-coding-agent/node_modules/@aws-sdk/nested-clients/dist-types/ts3.4/submodules/signin/auth
20K	/usr/local/lib/node_modules/@earendil-works/pi-coding-agent/node_modules/@aws-sdk/nested-clients/dist-types/ts3.4/submodules/signin/models
12K	/usr/local/lib/node_modules/@earendil-works/pi-coding-agent/node_modules/@aws-sdk/nested-clients/dist-types/ts3.4/submodules/signin/commands
16K	/usr/local/lib/node_modules/@earendil-works/pi-coding-agent/node_modules/@aws-sdk/nested-clients/dist-types/ts3.4/submodules/signin/endpoint
8.0K	/usr/local/lib/node_modules/@earendil-works/pi-coding-agent/node_modules/@aws-sdk/nested-clients/dist-types/ts3.4/submodules/signin/schemas
120K	/usr/local/lib/node_modules/@earendil-works/pi-coding-agent/node_modules/@aws-sdk/nested-clients/dist-types/ts3.4/submodules/signin
12K	/usr/local/lib/node_modules/@earendil-works/pi-coding-agent/node_modules/@aws-sdk/nested-clients/dist-types/ts3.4/submodules/sso/auth
16K	/usr/local/lib/node_modules/@earendil-works/pi-coding-agent/node_modules/@aws-sdk/nested-clients/dist-types/ts3.4/submodules/sso/models
12K	/usr/local/lib/node_modules/@earendil-works/pi-coding-agent/node_modules/@aws-sdk/nested-clients/dist-types/ts3.4/submodules/sso/commands
16K	/usr/local/lib/node_modules/@earendil-works/pi-coding-agent/node_modules/@aws-sdk/nested-clients/dist-types/ts3.4/submodules/sso/endpoint
8.0K	/usr/local/lib/node_modules/@earendil-works/pi-coding-agent/node_modules/@aws-sdk/nested-clients/dist-types/ts3.4/submodules/sso/schemas
116K	/usr/local/lib/node_modules/@earendil-works/pi-coding-agent/node_modules/@aws-sdk/nested-clients/dist-types/ts3.4/submodules/sso
12K	/usr/local/lib/node_modules/@earendil-works/pi-coding-agent/node_modules/@aws-sdk/nested-clients/dist-types/ts3.4/submodules/sts/auth
16K	/usr/local/lib/node_modules/@earendil-works/pi-coding-agent/node_modules/@aws-sdk/nested-clients/dist-types/ts3.4/submodules/sts/models
16K	/usr/local/lib/node_modules/@earendil-works/pi-coding-agent/node_modules/@aws-sdk/nested-clients/dist-types/ts3.4/submodules/sts/commands
16K	/usr/local/lib/node_modules/@earendil-works/pi-coding-agent/node_modules/@aws-sdk/nested-clients/dist-types/ts3.4/submodules/sts/endpoint
8.0K	/usr/local/lib/node_modules/@earendil-works/pi-coding-agent/node_modules/@aws-sdk/nested-clients/dist-types/ts3.4/submodules/sts/schemas
132K	/usr/local/lib/node_modules/@earendil-works/pi-coding-agent/node_modules/@aws-sdk/nested-clients/dist-types/ts3.4/submodules/sts
12K	/usr/local/lib/node_modules/@earendil-works/pi-coding-agent/node_modules/@aws-sdk/nested-clients/dist-types/ts3.4/submodules/cognito-identity/auth
16K	/usr/local/lib/node_modules/@earendil-works/pi-coding-agent/node_modules/@aws-sdk/nested-clients/dist-types/ts3.4/submodules/cognito-identity/models
16K	/usr/local/lib/node_modules/@earendil-works/pi-coding-agent/node_modules/@aws-sdk/nested-clients/dist-types/ts3.4/submodules/cognito-identity/commands
16K	/usr/local/lib/node_modules/@earendil-works/pi-coding-agent/node_modules/@aws-sdk/nested-clients/dist-types/ts3.4/submodules/cognito-identity/endpoint
8.0K	/usr/local/lib/node_modules/@earendil-works/pi-coding-agent/node_modules/@aws-sdk/nested-clients/dist-types/ts3.4/submodules/cognito-identity/schemas
124K	/usr/local/lib/node_modules/@earendil-works/pi-coding-agent/node_modules/@aws-sdk/nested-clients/dist-types/ts3.4/submodules/cognito-identity
616K	/usr/local/lib/node_modules/@earendil-works/pi-coding-agent/node_modules/@aws-sdk/nested-clients/dist-types/ts3.4/submodules
624K	/usr/local/lib/node_modules/@earendil-works/pi-coding-agent/node_modules/@aws-sdk/nested-clients/dist-types/ts3.4
1.4M	/usr/local/lib/node_modules/@earendil-works/pi-coding-agent/node_modules/@aws-sdk/nested-clients/dist-types
32K	/usr/local/lib/node_modules/@earendil-works/pi-coding-agent/node_modules/@aws-sdk/nested-clients/dist-cjs/submodules/sso-oidc
24K	/usr/local/lib/node_modules/@earendil-works/pi-coding-agent/node_modules/@aws-sdk/nested-clients/dist-cjs/submodules/signin
24K	/usr/local/lib/node_modules/@earendil-works/pi-coding-agent/node_modules/@aws-sdk/nested-clients/dist-cjs/submodules/sso
44K	/usr/local/lib/node_modules/@earendil-works/pi-coding-agent/node_modules/@aws-sdk/nested-clients/dist-cjs/submodules/sts
28K	/usr/local/lib/node_modules/@earendil-works/pi-coding-agent/node_modules/@aws-sdk/nested-clients/dist-cjs/submodules/cognito-identity
156K	/usr/local/lib/node_modules/@earendil-works/pi-coding-agent/node_modules/@aws-sdk/nested-clients/dist-cjs/submodules
164K	/usr/local/lib/node_modules/@earendil-works/pi-coding-agent/node_modules/@aws-sdk/nested-clients/dist-cjs
2.2M	/usr/local/lib/node_modules/@earendil-works/pi-coding-agent/node_modules/@aws-sdk/nested-clients
24K	/usr/local/lib/node_modules/@earendil-works/pi-coding-agent/node_modules/@aws-sdk/signature-v4-multi-region/dist-es
20K	/usr/local/lib/node_modules/@earendil-works/pi-coding-agent/node_modules/@aws-sdk/signature-v4-multi-region/dist-types/ts3.4
40K	/usr/local/lib/node_modules/@earendil-works/pi-coding-agent/node_modules/@aws-sdk/signature-v4-multi-region/dist-types
12K	/usr/local/lib/node_modules/@earendil-works/pi-coding-agent/node_modules/@aws-sdk/signature-v4-multi-region/dist-cjs
100K	/usr/local/lib/node_modules/@earendil-works/pi-coding-agent/node_modules/@aws-sdk/signature-v4-multi-region
24K	/usr/local/lib/node_modules/@earendil-works/pi-coding-agent/node_modules/@aws-sdk/credential-provider-process/dist-es
24K	/usr/local/lib/node_modules/@earendil-works/pi-coding-agent/node_modules/@aws-sdk/credential-provider-process/dist-types/ts3.4
48K	/usr/local/lib/node_modules/@earendil-works/pi-coding-agent/node_modules/@aws-sdk/credential-provider-process/dist-types
8.0K	/usr/local/lib/node_modules/@earendil-works/pi-coding-agent/node_modules/@aws-sdk/credential-provider-process/dist-cjs
104K	/usr/local/lib/node_modules/@earendil-works/pi-coding-agent/node_modules/@aws-sdk/credential-provider-process
8.0K	/usr/local/lib/node_modules/@earendil-works/pi-coding-agent/node_modules/@aws-sdk/util-locate-window/dist-es
8.0K	/usr/local/lib/node_modules/@earendil-works/pi-coding-agent/node_modules/@aws-sdk/util-locate-window/dist-types/ts3.4
16K	/usr/local/lib/node_modules/@earendil-works/pi-coding-agent/node_modules/@aws-sdk/util-locate-window/dist-types
8.0K	/usr/local/lib/node_modules/@earendil-works/pi-coding-agent/node_modules/@aws-sdk/util-locate-window/dist-cjs
56K	/usr/local/lib/node_modules/@earendil-works/pi-coding-agent/node_modules/@aws-sdk/util-locate-window
7.8M	/usr/local/lib/node_modules/@earendil-works/pi-coding-agent/node_modules/@aws-sdk
8.0K	/usr/local/lib/node_modules/@earendil-works/pi-coding-agent/node_modules/@smithy/is-array-buffer/dist-es
8.0K	/usr/local/lib/node_modules/@earendil-works/pi-coding-agent/node_modules/@smithy/is-array-buffer/dist-types/ts3.4
16K	/usr/local/lib/node_modules/@earendil-works/pi-coding-agent/node_modules/@smithy/is-array-buffer/dist-types
8.0K	/usr/local/lib/node_modules/@earendil-works/pi-coding-agent/node_modules/@smithy/is-array-buffer/dist-cjs
56K	/usr/local/lib/node_modules/@earendil-works/pi-coding-agent/node_modules/@smithy/is-array-buffer
84K	/usr/local/lib/node_modules/@earendil-works/pi-coding-agent/node_modules/@smithy/signature-v4/dist-es
64K	/usr/local/lib/node_modules/@earendil-works/pi-coding-agent/node_modules/@smithy/signature-v4/dist-types
28K	/usr/local/lib/node_modules/@earendil-works/pi-coding-agent/node_modules/@smithy/signature-v4/dist-cjs
200K	/usr/local/lib/node_modules/@earendil-works/pi-coding-agent/node_modules/@smithy/signature-v4
28K	/usr/local/lib/node_modules/@earendil-works/pi-coding-agent/node_modules/@smithy/fetch-http-handler/dist-es
24K	/usr/local/lib/node_modules/@earendil-works/pi-coding-agent/node_modules/@smithy/fetch-http-handler/dist-types
16K	/usr/local/lib/node_modules/@earendil-works/pi-coding-agent/node_modules/@smithy/fetch-http-handler/dist-cjs
92K	/usr/local/lib/node_modules/@earendil-works/pi-coding-agent/node_modules/@smithy/fetch-http-handler
8.0K	/usr/local/lib/node_modules/@earendil-works/pi-coding-agent/node_modules/@smithy/node-http-handler/dist-es/http2
16K	/usr/local/lib/node_modules/@earendil-works/pi-coding-agent/node_modules/@smithy/node-http-handler/dist-es/stream-collector
108K	/usr/local/lib/node_modules/@earendil-works/pi-coding-agent/node_modules/@smithy/node-http-handler/dist-es
8.0K	/usr/local/lib/node_modules/@earendil-works/pi-coding-agent/node_modules/@smithy/node-http-handler/dist-types/http2
16K	/usr/local/lib/node_modules/@earendil-works/pi-coding-agent/node_modules/@smithy/node-http-handler/dist-types/stream-collector
92K	/usr/local/lib/node_modules/@earendil-works/pi-coding-agent/node_modules/@smithy/node-http-handler/dist-types
40K	/usr/local/lib/node_modules/@earendil-works/pi-coding-agent/node_modules/@smithy/node-http-handler/dist-cjs
264K	/usr/local/lib/node_modules/@earendil-works/pi-coding-agent/node_modules/@smithy/node-http-handler
8.0K	/usr/local/lib/node_modules/@earendil-works/pi-coding-agent/node_modules/@smithy/core/dist-es/request-builder
24K	/usr/local/lib/node_modules/@earendil-works/pi-coding-agent/node_modules/@smithy/core/dist-es/middleware-http-auth-scheme
56K	/usr/local/lib/node_modules/@earendil-works/pi-coding-agent/node_modules/@smithy/core/dist-es/submodules/event-streams/eventstream-codec
16K	/usr/local/lib/node_modules/@earendil-works/pi-coding-agent/node_modules/@smithy/core/dist-es/submodules/event-streams/eventstream-serde
16K	/usr/local/lib/node_modules/@earendil-works/pi-coding-agent/node_modules/@smithy/core/dist-es/submodules/event-streams/eventstream-serde-universal
8.0K	/usr/local/lib/node_modules/@earendil-works/pi-coding-agent/node_modules/@smithy/core/dist-es/submodules/event-streams/eventstream-serde-config-resolver
120K	/usr/local/lib/node_modules/@earendil-works/pi-coding-agent/node_modules/@smithy/core/dist-es/submodules/event-streams
8.0K	/usr/local/lib/node_modules/@earendil-works/pi-coding-agent/node_modules/@smithy/core/dist-es/submodules/serde/util-stream/blob
20K	/usr/local/lib/node_modules/@earendil-works/pi-coding-agent/node_modules/@smithy/core/dist-es/submodules/serde/util-stream/checksum
88K	/usr/local/lib/node_modules/@earendil-works/pi-coding-agent/node_modules/@smithy/core/dist-es/submodules/serde/util-stream
8.0K	/usr/local/lib/node_modules/@earendil-works/pi-coding-agent/node_modules/@smithy/core/dist-es/submodules/serde/is-array-buffer
8.0K	/usr/local/lib/node_modules/@earendil-works/pi-coding-agent/node_modules/@smithy/core/dist-es/submodules/serde/value
16K	/usr/local/lib/node_modules/@earendil-works/pi-coding-agent/node_modules/@smithy/core/dist-es/submodules/serde/middleware-serde
28K	/usr/local/lib/node_modules/@earendil-works/pi-coding-agent/node_modules/@smithy/core/dist-es/submodules/serde/util-utf8
8.0K	/usr/local/lib/node_modules/@earendil-works/pi-coding-agent/node_modules/@smithy/core/dist-es/submodules/serde/uuid
24K	/usr/local/lib/node_modules/@earendil-works/pi-coding-agent/node_modules/@smithy/core/dist-es/submodules/serde/util-base64
8.0K	/usr/local/lib/node_modules/@earendil-works/pi-coding-agent/node_modules/@smithy/core/dist-es/submodules/serde/util-hex-encoding
8.0K	/usr/local/lib/node_modules/@earendil-works/pi-coding-agent/node_modules/@smithy/core/dist-es/submodules/serde/hash-node
12K	/usr/local/lib/node_modules/@earendil-works/pi-coding-agent/node_modules/@smithy/core/dist-es/submodules/serde/util-body-length
8.0K	/usr/local/lib/node_modules/@earendil-works/pi-coding-agent/node_modules/@smithy/core/dist-es/submodules/serde/util-buffer-from
8.0K	/usr/local/lib/node_modules/@earendil-works/pi-coding-agent/node_modules/@smithy/core/dist-es/submodules/serde/schema-serde-lib
280K	/usr/local/lib/node_modules/@earendil-works/pi-coding-agent/node_modules/@smithy/core/dist-es/submodules/serde
8.0K	/usr/local/lib/node_modules/@earendil-works/pi-coding-agent/node_modules/@smithy/core/dist-es/submodules/protocols/protocol-http/extensions
40K	/usr/local/lib/node_modules/@earendil-works/pi-coding-agent/node_modules/@smithy/core/dist-es/submodules/protocols/protocol-http
8.0K	/usr/local/lib/node_modules/@earendil-works/pi-coding-agent/node_modules/@smithy/core/dist-es/submodules/protocols/url-parser
24K	/usr/local/lib/node_modules/@earendil-works/pi-coding-agent/node_modules/@smithy/core/dist-es/submodules/protocols/serde
12K	/usr/local/lib/node_modules/@earendil-works/pi-coding-agent/node_modules/@smithy/core/dist-es/submodules/protocols/util-uri-escape
8.0K	/usr/local/lib/node_modules/@earendil-works/pi-coding-agent/node_modules/@smithy/core/dist-es/submodules/protocols/querystring-builder
8.0K	/usr/local/lib/node_modules/@earendil-works/pi-coding-agent/node_modules/@smithy/core/dist-es/submodules/protocols/querystring-parser
8.0K	/usr/local/lib/node_modules/@earendil-works/pi-coding-agent/node_modules/@smithy/core/dist-es/submodules/protocols/middleware-content-length
164K	/usr/local/lib/node_modules/@earendil-works/pi-coding-agent/node_modules/@smithy/core/dist-es/submodules/protocols
28K	/usr/local/lib/node_modules/@earendil-works/pi-coding-agent/node_modules/@smithy/core/dist-es/submodules/config/property-provider
24K	/usr/local/lib/node_modules/@earendil-works/pi-coding-agent/node_modules/@smithy/core/dist-es/submodules/config/node-config-provider
24K	/usr/local/lib/node_modules/@earendil-works/pi-coding-agent/node_modules/@smithy/core/dist-es/submodules/config/defaults-mode
72K	/usr/local/lib/node_modules/@earendil-works/pi-coding-agent/node_modules/@smithy/core/dist-es/submodules/config/shared-ini-file-loader
24K	/usr/local/lib/node_modules/@earendil-works/pi-coding-agent/node_modules/@smithy/core/dist-es/submodules/config/config-resolver/regionConfig
40K	/usr/local/lib/node_modules/@earendil-works/pi-coding-agent/node_modules/@smithy/core/dist-es/submodules/config/config-resolver/regionInfo
8.0K	/usr/local/lib/node_modules/@earendil-works/pi-coding-agent/node_modules/@smithy/core/dist-es/submodules/config/config-resolver/endpointsConfig/utils
28K	/usr/local/lib/node_modules/@earendil-works/pi-coding-agent/node_modules/@smithy/core/dist-es/submodules/config/config-resolver/endpointsConfig
96K	/usr/local/lib/node_modules/@earendil-works/pi-coding-agent/node_modules/@smithy/core/dist-es/submodules/config/config-resolver
16K	/usr/local/lib/node_modules/@earendil-works/pi-coding-agent/node_modules/@smithy/core/dist-es/submodules/config/util-config-provider
276K	/usr/local/lib/node_modules/@earendil-works/pi-coding-agent/node_modules/@smithy/core/dist-es/submodules/config
64K	/usr/local/lib/node_modules/@earendil-works/pi-coding-agent/node_modules/@smithy/core/dist-es/submodules/cbor
16K	/usr/local/lib/node_modules/@earendil-works/pi-coding-agent/node_modules/@smithy/core/dist-es/submodules/checksum/md5-js
12K	/usr/local/lib/node_modules/@earendil-works/pi-coding-agent/node_modules/@smithy/core/dist-es/submodules/checksum/chunked-blob-reader
16K	/usr/local/lib/node_modules/@earendil-works/pi-coding-agent/node_modules/@smithy/core/dist-es/submodules/checksum/hash-stream-node
8.0K	/usr/local/lib/node_modules/@earendil-works/pi-coding-agent/node_modules/@smithy/core/dist-es/submodules/checksum/hash-blob-browser
68K	/usr/local/lib/node_modules/@earendil-works/pi-coding-agent/node_modules/@smithy/core/dist-es/submodules/checksum
20K	/usr/local/lib/node_modules/@earendil-works/pi-coding-agent/node_modules/@smithy/core/dist-es/submodules/schema/middleware
56K	/usr/local/lib/node_modules/@earendil-works/pi-coding-agent/node_modules/@smithy/core/dist-es/submodules/schema/schemas
92K	/usr/local/lib/node_modules/@earendil-works/pi-coding-agent/node_modules/@smithy/core/dist-es/submodules/schema
12K	/usr/local/lib/node_modules/@earendil-works/pi-coding-agent/node_modules/@smithy/core/dist-es/submodules/retry/middleware-retry/isStreamingPayload
32K	/usr/local/lib/node_modules/@earendil-works/pi-coding-agent/node_modules/@smithy/core/dist-es/submodules/retry/middleware-retry/retry-pre-sra-deprecated
76K	/usr/local/lib/node_modules/@earendil-works/pi-coding-agent/node_modules/@smithy/core/dist-es/submodules/retry/middleware-retry
12K	/usr/local/lib/node_modules/@earendil-works/pi-coding-agent/node_modules/@smithy/core/dist-es/submodules/retry/service-error-classification
52K	/usr/local/lib/node_modules/@earendil-works/pi-coding-agent/node_modules/@smithy/core/dist-es/submodules/retry/util-retry
152K	/usr/local/lib/node_modules/@earendil-works/pi-coding-agent/node_modules/@smithy/core/dist-es/submodules/retry
72K	/usr/local/lib/node_modules/@earendil-works/pi-coding-agent/node_modules/@smithy/core/dist-es/submodules/endpoints/util-endpoints/utils
8.0K	/usr/local/lib/node_modules/@earendil-works/pi-coding-agent/node_modules/@smithy/core/dist-es/submodules/endpoints/util-endpoints/cache
8.0K	/usr/local/lib/node_modules/@earendil-works/pi-coding-agent/node_modules/@smithy/core/dist-es/submodules/endpoints/util-endpoints/bdd
36K	/usr/local/lib/node_modules/@earendil-works/pi-coding-agent/node_modules/@smithy/core/dist-es/submodules/endpoints/util-endpoints/types
16K	/usr/local/lib/node_modules/@earendil-works/pi-coding-agent/node_modules/@smithy/core/dist-es/submodules/endpoints/util-endpoints/debug
64K	/usr/local/lib/node_modules/@earendil-works/pi-coding-agent/node_modules/@smithy/core/dist-es/submodules/endpoints/util-endpoints/lib
220K	/usr/local/lib/node_modules/@earendil-works/pi-coding-agent/node_modules/@smithy/core/dist-es/submodules/endpoints/util-endpoints
28K	/usr/local/lib/node_modules/@earendil-works/pi-coding-agent/node_modules/@smithy/core/dist-es/submodules/endpoints/middleware-endpoint/adaptors
12K	/usr/local/lib/node_modules/@earendil-works/pi-coding-agent/node_modules/@smithy/core/dist-es/submodules/endpoints/middleware-endpoint/service-customizations
64K	/usr/local/lib/node_modules/@earendil-works/pi-coding-agent/node_modules/@smithy/core/dist-es/submodules/endpoints/middleware-endpoint
300K	/usr/local/lib/node_modules/@earendil-works/pi-coding-agent/node_modules/@smithy/core/dist-es/submodules/endpoints
20K	/usr/local/lib/node_modules/@earendil-works/pi-coding-agent/node_modules/@smithy/core/dist-es/submodules/client/middleware-stack
16K	/usr/local/lib/node_modules/@earendil-works/pi-coding-agent/node_modules/@smithy/core/dist-es/submodules/client/smithy-client/extensions
88K	/usr/local/lib/node_modules/@earendil-works/pi-coding-agent/node_modules/@smithy/core/dist-es/submodules/client/smithy-client
12K	/usr/local/lib/node_modules/@earendil-works/pi-coding-agent/node_modules/@smithy/core/dist-es/submodules/client/invalid-dependency
12K	/usr/local/lib/node_modules/@earendil-works/pi-coding-agent/node_modules/@smithy/core/dist-es/submodules/client/util-middleware
12K	/usr/local/lib/node_modules/@earendil-works/pi-coding-agent/node_modules/@smithy/core/dist-es/submodules/client/util-waiter/utils
32K	/usr/local/lib/node_modules/@earendil-works/pi-coding-agent/node_modules/@smithy/core/dist-es/submodules/client/util-waiter
172K	/usr/local/lib/node_modules/@earendil-works/pi-coding-agent/node_modules/@smithy/core/dist-es/submodules/client
1.7M	/usr/local/lib/node_modules/@earendil-works/pi-coding-agent/node_modules/@smithy/core/dist-es/submodules
16K	/usr/local/lib/node_modules/@earendil-works/pi-coding-agent/node_modules/@smithy/core/dist-es/middleware-http-signing
20K	/usr/local/lib/node_modules/@earendil-works/pi-coding-agent/node_modules/@smithy/core/dist-es/util-identity-and-auth/httpAuthSchemes
36K	/usr/local/lib/node_modules/@earendil-works/pi-coding-agent/node_modules/@smithy/core/dist-es/util-identity-and-auth
8.0K	/usr/local/lib/node_modules/@earendil-works/pi-coding-agent/node_modules/@smithy/core/dist-es/pagination
1.8M	/usr/local/lib/node_modules/@earendil-works/pi-coding-agent/node_modules/@smithy/core/dist-es
8.0K	/usr/local/lib/node_modules/@earendil-works/pi-coding-agent/node_modules/@smithy/core/dist-types/request-builder
24K	/usr/local/lib/node_modules/@earendil-works/pi-coding-agent/node_modules/@smithy/core/dist-types/middleware-http-auth-scheme
48K	/usr/local/lib/node_modules/@earendil-works/pi-coding-agent/node_modules/@smithy/core/dist-types/submodules/event-streams/eventstream-codec
16K	/usr/local/lib/node_modules/@earendil-works/pi-coding-agent/node_modules/@smithy/core/dist-types/submodules/event-streams/eventstream-serde
16K	/usr/local/lib/node_modules/@earendil-works/pi-coding-agent/node_modules/@smithy/core/dist-types/submodules/event-streams/eventstream-serde-universal
8.0K	/usr/local/lib/node_modules/@earendil-works/pi-coding-agent/node_modules/@smithy/core/dist-types/submodules/event-streams/eventstream-serde-config-resolver
104K	/usr/local/lib/node_modules/@earendil-works/pi-coding-agent/node_modules/@smithy/core/dist-types/submodules/event-streams
8.0K	/usr/local/lib/node_modules/@earendil-works/pi-coding-agent/node_modules/@smithy/core/dist-types/submodules/serde/util-stream/blob
20K	/usr/local/lib/node_modules/@earendil-works/pi-coding-agent/node_modules/@smithy/core/dist-types/submodules/serde/util-stream/checksum
88K	/usr/local/lib/node_modules/@earendil-works/pi-coding-agent/node_modules/@smithy/core/dist-types/submodules/serde/util-stream
8.0K	/usr/local/lib/node_modules/@earendil-works/pi-coding-agent/node_modules/@smithy/core/dist-types/submodules/serde/is-array-buffer
8.0K	/usr/local/lib/node_modules/@earendil-works/pi-coding-agent/node_modules/@smithy/core/dist-types/submodules/serde/value
16K	/usr/local/lib/node_modules/@earendil-works/pi-coding-agent/node_modules/@smithy/core/dist-types/submodules/serde/middleware-serde
28K	/usr/local/lib/node_modules/@earendil-works/pi-coding-agent/node_modules/@smithy/core/dist-types/submodules/serde/util-utf8
8.0K	/usr/local/lib/node_modules/@earendil-works/pi-coding-agent/node_modules/@smithy/core/dist-types/submodules/serde/uuid
24K	/usr/local/lib/node_modules/@earendil-works/pi-coding-agent/node_modules/@smithy/core/dist-types/submodules/serde/util-base64
8.0K	/usr/local/lib/node_modules/@earendil-works/pi-coding-agent/node_modules/@smithy/core/dist-types/submodules/serde/util-hex-encoding
8.0K	/usr/local/lib/node_modules/@earendil-works/pi-coding-agent/node_modules/@smithy/core/dist-types/submodules/serde/hash-node
12K	/usr/local/lib/node_modules/@earendil-works/pi-coding-agent/node_modules/@smithy/core/dist-types/submodules/serde/util-body-length
8.0K	/usr/local/lib/node_modules/@earendil-works/pi-coding-agent/node_modules/@smithy/core/dist-types/submodules/serde/util-buffer-from
8.0K	/usr/local/lib/node_modules/@earendil-works/pi-coding-agent/node_modules/@smithy/core/dist-types/submodules/serde/schema-serde-lib
276K	/usr/local/lib/node_modules/@earendil-works/pi-coding-agent/node_modules/@smithy/core/dist-types/submodules/serde
8.0K	/usr/local/lib/node_modules/@earendil-works/pi-coding-agent/node_modules/@smithy/core/dist-types/submodules/protocols/protocol-http/extensions
40K	/usr/local/lib/node_modules/@earendil-works/pi-coding-agent/node_modules/@smithy/core/dist-types/submodules/protocols/protocol-http
8.0K	/usr/local/lib/node_modules/@earendil-works/pi-coding-agent/node_modules/@smithy/core/dist-types/submodules/protocols/url-parser
24K	/usr/local/lib/node_modules/@earendil-works/pi-coding-agent/node_modules/@smithy/core/dist-types/submodules/protocols/serde
12K	/usr/local/lib/node_modules/@earendil-works/pi-coding-agent/node_modules/@smithy/core/dist-types/submodules/protocols/util-uri-escape
8.0K	/usr/local/lib/node_modules/@earendil-works/pi-coding-agent/node_modules/@smithy/core/dist-types/submodules/protocols/querystring-builder
8.0K	/usr/local/lib/node_modules/@earendil-works/pi-coding-agent/node_modules/@smithy/core/dist-types/submodules/protocols/querystring-parser
8.0K	/usr/local/lib/node_modules/@earendil-works/pi-coding-agent/node_modules/@smithy/core/dist-types/submodules/protocols/middleware-content-length
152K	/usr/local/lib/node_modules/@earendil-works/pi-coding-agent/node_modules/@smithy/core/dist-types/submodules/protocols
28K	/usr/local/lib/node_modules/@earendil-works/pi-coding-agent/node_modules/@smithy/core/dist-types/submodules/config/property-provider
24K	/usr/local/lib/node_modules/@earendil-works/pi-coding-agent/node_modules/@smithy/core/dist-types/submodules/config/node-config-provider
24K	/usr/local/lib/node_modules/@earendil-works/pi-coding-agent/node_modules/@smithy/core/dist-types/submodules/config/defaults-mode
72K	/usr/local/lib/node_modules/@earendil-works/pi-coding-agent/node_modules/@smithy/core/dist-types/submodules/config/shared-ini-file-loader
24K	/usr/local/lib/node_modules/@earendil-works/pi-coding-agent/node_modules/@smithy/core/dist-types/submodules/config/config-resolver/regionConfig
40K	/usr/local/lib/node_modules/@earendil-works/pi-coding-agent/node_modules/@smithy/core/dist-types/submodules/config/config-resolver/regionInfo
8.0K	/usr/local/lib/node_modules/@earendil-works/pi-coding-agent/node_modules/@smithy/core/dist-types/submodules/config/config-resolver/endpointsConfig/utils
28K	/usr/local/lib/node_modules/@earendil-works/pi-coding-agent/node_modules/@smithy/core/dist-types/submodules/config/config-resolver/endpointsConfig
96K	/usr/local/lib/node_modules/@earendil-works/pi-coding-agent/node_modules/@smithy/core/dist-types/submodules/config/config-resolver
16K	/usr/local/lib/node_modules/@earendil-works/pi-coding-agent/node_modules/@smithy/core/dist-types/submodules/config/util-config-provider
276K	/usr/local/lib/node_modules/@earendil-works/pi-coding-agent/node_modules/@smithy/core/dist-types/submodules/config
40K	/usr/local/lib/node_modules/@earendil-works/pi-coding-agent/node_modules/@smithy/core/dist-types/submodules/cbor
12K	/usr/local/lib/node_modules/@earendil-works/pi-coding-agent/node_modules/@smithy/core/dist-types/submodules/checksum/md5-js
12K	/usr/local/lib/node_modules/@earendil-works/pi-coding-agent/node_modules/@smithy/core/dist-types/submodules/checksum/chunked-blob-reader
16K	/usr/local/lib/node_modules/@earendil-works/pi-coding-agent/node_modules/@smithy/core/dist-types/submodules/checksum/hash-stream-node
8.0K	/usr/local/lib/node_modules/@earendil-works/pi-coding-agent/node_modules/@smithy/core/dist-types/submodules/checksum/hash-blob-browser
64K	/usr/local/lib/node_modules/@earendil-works/pi-coding-agent/node_modules/@smithy/core/dist-types/submodules/checksum
20K	/usr/local/lib/node_modules/@earendil-works/pi-coding-agent/node_modules/@smithy/core/dist-types/submodules/schema/middleware
52K	/usr/local/lib/node_modules/@earendil-works/pi-coding-agent/node_modules/@smithy/core/dist-types/submodules/schema/schemas
88K	/usr/local/lib/node_modules/@earendil-works/pi-coding-agent/node_modules/@smithy/core/dist-types/submodules/schema
12K	/usr/local/lib/node_modules/@earendil-works/pi-coding-agent/node_modules/@smithy/core/dist-types/submodules/retry/middleware-retry/isStreamingPayload
28K	/usr/local/lib/node_modules/@earendil-works/pi-coding-agent/node_modules/@smithy/core/dist-types/submodules/retry/middleware-retry/retry-pre-sra-deprecated
68K	/usr/local/lib/node_modules/@earendil-works/pi-coding-agent/node_modules/@smithy/core/dist-types/submodules/retry/middleware-retry
12K	/usr/local/lib/node_modules/@earendil-works/pi-coding-agent/node_modules/@smithy/core/dist-types/submodules/retry/service-error-classification
44K	/usr/local/lib/node_modules/@earendil-works/pi-coding-agent/node_modules/@smithy/core/dist-types/submodules/retry/util-retry
136K	/usr/local/lib/node_modules/@earendil-works/pi-coding-agent/node_modules/@smithy/core/dist-types/submodules/retry
72K	/usr/local/lib/node_modules/@earendil-works/pi-coding-agent/node_modules/@smithy/core/dist-types/submodules/endpoints/util-endpoints/utils
8.0K	/usr/local/lib/node_modules/@earendil-works/pi-coding-agent/node_modules/@smithy/core/dist-types/submodules/endpoints/util-endpoints/cache
8.0K	/usr/local/lib/node_modules/@earendil-works/pi-coding-agent/node_modules/@smithy/core/dist-types/submodules/endpoints/util-endpoints/bdd
36K	/usr/local/lib/node_modules/@earendil-works/pi-coding-agent/node_modules/@smithy/core/dist-types/submodules/endpoints/util-endpoints/types
16K	/usr/local/lib/node_modules/@earendil-works/pi-coding-agent/node_modules/@smithy/core/dist-types/submodules/endpoints/util-endpoints/debug
64K	/usr/local/lib/node_modules/@earendil-works/pi-coding-agent/node_modules/@smithy/core/dist-types/submodules/endpoints/util-endpoints/lib
220K	/usr/local/lib/node_modules/@earendil-works/pi-coding-agent/node_modules/@smithy/core/dist-types/submodules/endpoints/util-endpoints
28K	/usr/local/lib/node_modules/@earendil-works/pi-coding-agent/node_modules/@smithy/core/dist-types/submodules/endpoints/middleware-endpoint/adaptors
12K	/usr/local/lib/node_modules/@earendil-works/pi-coding-agent/node_modules/@smithy/core/dist-types/submodules/endpoints/middleware-endpoint/service-customizations
64K	/usr/local/lib/node_modules/@earendil-works/pi-coding-agent/node_modules/@smithy/core/dist-types/submodules/endpoints/middleware-endpoint
300K	/usr/local/lib/node_modules/@earendil-works/pi-coding-agent/node_modules/@smithy/core/dist-types/submodules/endpoints
12K	/usr/local/lib/node_modules/@earendil-works/pi-coding-agent/node_modules/@smithy/core/dist-types/submodules/client/middleware-stack
16K	/usr/local/lib/node_modules/@earendil-works/pi-coding-agent/node_modules/@smithy/core/dist-types/submodules/client/smithy-client/extensions
92K	/usr/local/lib/node_modules/@earendil-works/pi-coding-agent/node_modules/@smithy/core/dist-types/submodules/client/smithy-client
12K	/usr/local/lib/node_modules/@earendil-works/pi-coding-agent/node_modules/@smithy/core/dist-types/submodules/client/invalid-dependency
12K	/usr/local/lib/node_modules/@earendil-works/pi-coding-agent/node_modules/@smithy/core/dist-types/submodules/client/util-middleware
12K	/usr/local/lib/node_modules/@earendil-works/pi-coding-agent/node_modules/@smithy/core/dist-types/submodules/client/util-waiter/utils
32K	/usr/local/lib/node_modules/@earendil-works/pi-coding-agent/node_modules/@smithy/core/dist-types/submodules/client/util-waiter
168K	/usr/local/lib/node_modules/@earendil-works/pi-coding-agent/node_modules/@smithy/core/dist-types/submodules/client
1.6M	/usr/local/lib/node_modules/@earendil-works/pi-coding-agent/node_modules/@smithy/core/dist-types/submodules
16K	/usr/local/lib/node_modules/@earendil-works/pi-coding-agent/node_modules/@smithy/core/dist-types/middleware-http-signing
20K	/usr/local/lib/node_modules/@earendil-works/pi-coding-agent/node_modules/@smithy/core/dist-types/util-identity-and-auth/httpAuthSchemes
36K	/usr/local/lib/node_modules/@earendil-works/pi-coding-agent/node_modules/@smithy/core/dist-types/util-identity-and-auth
8.0K	/usr/local/lib/node_modules/@earendil-works/pi-coding-agent/node_modules/@smithy/core/dist-types/pagination
1.7M	/usr/local/lib/node_modules/@earendil-works/pi-coding-agent/node_modules/@smithy/core/dist-types
8.0K	/usr/local/lib/node_modules/@earendil-works/pi-coding-agent/node_modules/@smithy/core/dist-cjs/request-builder
24K	/usr/local/lib/node_modules/@earendil-works/pi-coding-agent/node_modules/@smithy/core/dist-cjs/middleware-http-auth-scheme
76K	/usr/local/lib/node_modules/@earendil-works/pi-coding-agent/node_modules/@smithy/core/dist-cjs/submodules/event-streams
172K	/usr/local/lib/node_modules/@earendil-works/pi-coding-agent/node_modules/@smithy/core/dist-cjs/submodules/serde
48K	/usr/local/lib/node_modules/@earendil-works/pi-coding-agent/node_modules/@smithy/core/dist-cjs/submodules/protocols
64K	/usr/local/lib/node_modules/@earendil-works/pi-coding-agent/node_modules/@smithy/core/dist-cjs/submodules/config
44K	/usr/local/lib/node_modules/@earendil-works/pi-coding-agent/node_modules/@smithy/core/dist-cjs/submodules/cbor
40K	/usr/local/lib/node_modules/@earendil-works/pi-coding-agent/node_modules/@smithy/core/dist-cjs/submodules/checksum
28K	/usr/local/lib/node_modules/@earendil-works/pi-coding-agent/node_modules/@smithy/core/dist-cjs/submodules/schema
68K	/usr/local/lib/node_modules/@earendil-works/pi-coding-agent/node_modules/@smithy/core/dist-cjs/submodules/retry
72K	/usr/local/lib/node_modules/@earendil-works/pi-coding-agent/node_modules/@smithy/core/dist-cjs/submodules/endpoints
48K	/usr/local/lib/node_modules/@earendil-works/pi-coding-agent/node_modules/@smithy/core/dist-cjs/submodules/client
664K	/usr/local/lib/node_modules/@earendil-works/pi-coding-agent/node_modules/@smithy/core/dist-cjs/submodules
16K	/usr/local/lib/node_modules/@earendil-works/pi-coding-agent/node_modules/@smithy/core/dist-cjs/middleware-http-signing
20K	/usr/local/lib/node_modules/@earendil-works/pi-coding-agent/node_modules/@smithy/core/dist-cjs/util-identity-and-auth/httpAuthSchemes
36K	/usr/local/lib/node_modules/@earendil-works/pi-coding-agent/node_modules/@smithy/core/dist-cjs/util-identity-and-auth
8.0K	/usr/local/lib/node_modules/@earendil-works/pi-coding-agent/node_modules/@smithy/core/dist-cjs/pagination
788K	/usr/local/lib/node_modules/@earendil-works/pi-coding-agent/node_modules/@smithy/core/dist-cjs
4.4M	/usr/local/lib/node_modules/@earendil-works/pi-coding-agent/node_modules/@smithy/core
16K	/usr/local/lib/node_modules/@earendil-works/pi-coding-agent/node_modules/@smithy/credential-provider-imds/dist-es/utils
20K	/usr/local/lib/node_modules/@earendil-works/pi-coding-agent/node_modules/@smithy/credential-provider-imds/dist-es/config
24K	/usr/local/lib/node_modules/@earendil-works/pi-coding-agent/node_modules/@smithy/credential-provider-imds/dist-es/remoteProvider
8.0K	/usr/local/lib/node_modules/@earendil-works/pi-coding-agent/node_modules/@smithy/credential-provider-imds/dist-es/error
92K	/usr/local/lib/node_modules/@earendil-works/pi-coding-agent/node_modules/@smithy/credential-provider-imds/dist-es
16K	/usr/local/lib/node_modules/@earendil-works/pi-coding-agent/node_modules/@smithy/credential-provider-imds/dist-types/utils
20K	/usr/local/lib/node_modules/@earendil-works/pi-coding-agent/node_modules/@smithy/credential-provider-imds/dist-types/config
24K	/usr/local/lib/node_modules/@earendil-works/pi-coding-agent/node_modules/@smithy/credential-provider-imds/dist-types/remoteProvider
8.0K	/usr/local/lib/node_modules/@earendil-works/pi-coding-agent/node_modules/@smithy/credential-provider-imds/dist-types/error
88K	/usr/local/lib/node_modules/@earendil-works/pi-coding-agent/node_modules/@smithy/credential-provider-imds/dist-types
20K	/usr/local/lib/node_modules/@earendil-works/pi-coding-agent/node_modules/@smithy/credential-provider-imds/dist-cjs
224K	/usr/local/lib/node_modules/@earendil-works/pi-coding-agent/node_modules/@smithy/credential-provider-imds
28K	/usr/local/lib/node_modules/@earendil-works/pi-coding-agent/node_modules/@smithy/util-utf8/dist-es
28K	/usr/local/lib/node_modules/@earendil-works/pi-coding-agent/node_modules/@smithy/util-utf8/dist-types/ts3.4
56K	/usr/local/lib/node_modules/@earendil-works/pi-coding-agent/node_modules/@smithy/util-utf8/dist-types
28K	/usr/local/lib/node_modules/@earendil-works/pi-coding-agent/node_modules/@smithy/util-utf8/dist-cjs
136K	/usr/local/lib/node_modules/@earendil-works/pi-coding-agent/node_modules/@smithy/util-utf8
8.0K	/usr/local/lib/node_modules/@earendil-works/pi-coding-agent/node_modules/@smithy/types/dist-es/blob
8.0K	/usr/local/lib/node_modules/@earendil-works/pi-coding-agent/node_modules/@smithy/types/dist-es/externals-check
24K	/usr/local/lib/node_modules/@earendil-works/pi-coding-agent/node_modules/@smithy/types/dist-es/extensions
16K	/usr/local/lib/node_modules/@earendil-works/pi-coding-agent/node_modules/@smithy/types/dist-es/streaming-payload
24K	/usr/local/lib/node_modules/@earendil-works/pi-coding-agent/node_modules/@smithy/types/dist-es/identity
24K	/usr/local/lib/node_modules/@earendil-works/pi-coding-agent/node_modules/@smithy/types/dist-es/schema
32K	/usr/local/lib/node_modules/@earendil-works/pi-coding-agent/node_modules/@smithy/types/dist-es/auth
28K	/usr/local/lib/node_modules/@earendil-works/pi-coding-agent/node_modules/@smithy/types/dist-es/transform
20K	/usr/local/lib/node_modules/@earendil-works/pi-coding-agent/node_modules/@smithy/types/dist-es/connection
28K	/usr/local/lib/node_modules/@earendil-works/pi-coding-agent/node_modules/@smithy/types/dist-es/endpoints
8.0K	/usr/local/lib/node_modules/@earendil-works/pi-coding-agent/node_modules/@smithy/types/dist-es/downlevel-ts3.4/transform
12K	/usr/local/lib/node_modules/@earendil-works/pi-coding-agent/node_modules/@smithy/types/dist-es/downlevel-ts3.4
8.0K	/usr/local/lib/node_modules/@earendil-works/pi-coding-agent/node_modules/@smithy/types/dist-es/http
340K	/usr/local/lib/node_modules/@earendil-works/pi-coding-agent/node_modules/@smithy/types/dist-es
8.0K	/usr/local/lib/node_modules/@earendil-works/pi-coding-agent/node_modules/@smithy/types/dist-types/blob
8.0K	/usr/local/lib/node_modules/@earendil-works/pi-coding-agent/node_modules/@smithy/types/dist-types/externals-check
24K	/usr/local/lib/node_modules/@earendil-works/pi-coding-agent/node_modules/@smithy/types/dist-types/extensions
16K	/usr/local/lib/node_modules/@earendil-works/pi-coding-agent/node_modules/@smithy/types/dist-types/streaming-payload
24K	/usr/local/lib/node_modules/@earendil-works/pi-coding-agent/node_modules/@smithy/types/dist-types/identity
32K	/usr/local/lib/node_modules/@earendil-works/pi-coding-agent/node_modules/@smithy/types/dist-types/schema
32K	/usr/local/lib/node_modules/@earendil-works/pi-coding-agent/node_modules/@smithy/types/dist-types/auth
28K	/usr/local/lib/node_modules/@earendil-works/pi-coding-agent/node_modules/@smithy/types/dist-types/transform
20K	/usr/local/lib/node_modules/@earendil-works/pi-coding-agent/node_modules/@smithy/types/dist-types/connection
28K	/usr/local/lib/node_modules/@earendil-works/pi-coding-agent/node_modules/@smithy/types/dist-types/endpoints
8.0K	/usr/local/lib/node_modules/@earendil-works/pi-coding-agent/node_modules/@smithy/types/dist-types/downlevel-ts3.4/transform
12K	/usr/local/lib/node_modules/@earendil-works/pi-coding-agent/node_modules/@smithy/types/dist-types/downlevel-ts3.4
12K	/usr/local/lib/node_modules/@earendil-works/pi-coding-agent/node_modules/@smithy/types/dist-types/http
376K	/usr/local/lib/node_modules/@earendil-works/pi-coding-agent/node_modules/@smithy/types/dist-types
8.0K	/usr/local/lib/node_modules/@earendil-works/pi-coding-agent/node_modules/@smithy/types/dist-cjs
748K	/usr/local/lib/node_modules/@earendil-works/pi-coding-agent/node_modules/@smithy/types
8.0K	/usr/local/lib/node_modules/@earendil-works/pi-coding-agent/node_modules/@smithy/util-buffer-from/dist-es
8.0K	/usr/local/lib/node_modules/@earendil-works/pi-coding-agent/node_modules/@smithy/util-buffer-from/dist-types/ts3.4
16K	/usr/local/lib/node_modules/@earendil-works/pi-coding-agent/node_modules/@smithy/util-buffer-from/dist-types
8.0K	/usr/local/lib/node_modules/@earendil-works/pi-coding-agent/node_modules/@smithy/util-buffer-from/dist-cjs
56K	/usr/local/lib/node_modules/@earendil-works/pi-coding-agent/node_modules/@smithy/util-buffer-from
6.1M	/usr/local/lib/node_modules/@earendil-works/pi-coding-agent/node_modules/@smithy
8.0K	/usr/local/lib/node_modules/@earendil-works/pi-coding-agent/node_modules/undici/scripts
244K	/usr/local/lib/node_modules/@earendil-works/pi-coding-agent/node_modules/undici/types
320K	/usr/local/lib/node_modules/@earendil-works/pi-coding-agent/node_modules/undici/docs/docs/api
44K	/usr/local/lib/node_modules/@earendil-works/pi-coding-agent/node_modules/undici/docs/docs/best-practices
376K	/usr/local/lib/node_modules/@earendil-works/pi-coding-agent/node_modules/undici/docs/docs
380K	/usr/local/lib/node_modules/@earendil-works/pi-coding-agent/node_modules/undici/docs
108K	/usr/local/lib/node_modules/@earendil-works/pi-coding-agent/node_modules/undici/lib/mock
24K	/usr/local/lib/node_modules/@earendil-works/pi-coding-agent/node_modules/undici/lib/cache
60K	/usr/local/lib/node_modules/@earendil-works/pi-coding-agent/node_modules/undici/lib/api
68K	/usr/local/lib/node_modules/@earendil-works/pi-coding-agent/node_modules/undici/lib/handler
8.0K	/usr/local/lib/node_modules/@earendil-works/pi-coding-agent/node_modules/undici/lib/encoding
28K	/usr/local/lib/node_modules/@earendil-works/pi-coding-agent/node_modules/undici/lib/web/websocket/stream
124K	/usr/local/lib/node_modules/@earendil-works/pi-coding-agent/node_modules/undici/lib/web/websocket
36K	/usr/local/lib/node_modules/@earendil-works/pi-coding-agent/node_modules/undici/lib/web/eventsource
36K	/usr/local/lib/node_modules/@earendil-works/pi-coding-agent/node_modules/undici/lib/web/cache
308K	/usr/local/lib/node_modules/@earendil-works/pi-coding-agent/node_modules/undici/lib/web/fetch
36K	/usr/local/lib/node_modules/@earendil-works/pi-coding-agent/node_modules/undici/lib/web/webidl
20K	/usr/local/lib/node_modules/@earendil-works/pi-coding-agent/node_modules/undici/lib/web/subresource-integrity
40K	/usr/local/lib/node_modules/@earendil-works/pi-coding-agent/node_modules/undici/lib/web/cookies
12K	/usr/local/lib/node_modules/@earendil-works/pi-coding-agent/node_modules/undici/lib/web/infra
616K	/usr/local/lib/node_modules/@earendil-works/pi-coding-agent/node_modules/undici/lib/web
68K	/usr/local/lib/node_modules/@earendil-works/pi-coding-agent/node_modules/undici/lib/interceptor
112K	/usr/local/lib/node_modules/@earendil-works/pi-coding-agent/node_modules/undici/lib/core
208K	/usr/local/lib/node_modules/@earendil-works/pi-coding-agent/node_modules/undici/lib/dispatcher
184K	/usr/local/lib/node_modules/@earendil-works/pi-coding-agent/node_modules/undici/lib/llhttp
60K	/usr/local/lib/node_modules/@earendil-works/pi-coding-agent/node_modules/undici/lib/util
1.5M	/usr/local/lib/node_modules/@earendil-works/pi-coding-agent/node_modules/undici/lib
2.2M	/usr/local/lib/node_modules/@earendil-works/pi-coding-agent/node_modules/undici
28K	/usr/local/lib/node_modules/@earendil-works/pi-coding-agent/node_modules/json-schema-to-ts/lib/esm/utils/type-guards
48K	/usr/local/lib/node_modules/@earendil-works/pi-coding-agent/node_modules/json-schema-to-ts/lib/esm/utils
36K	/usr/local/lib/node_modules/@earendil-works/pi-coding-agent/node_modules/json-schema-to-ts/lib/esm/parse-schema/references
160K	/usr/local/lib/node_modules/@earendil-works/pi-coding-agent/node_modules/json-schema-to-ts/lib/esm/parse-schema
108K	/usr/local/lib/node_modules/@earendil-works/pi-coding-agent/node_modules/json-schema-to-ts/lib/esm/type-utils
48K	/usr/local/lib/node_modules/@earendil-works/pi-coding-agent/node_modules/json-schema-to-ts/lib/esm/definitions
384K	/usr/local/lib/node_modules/@earendil-works/pi-coding-agent/node_modules/json-schema-to-ts/lib/esm
28K	/usr/local/lib/node_modules/@earendil-works/pi-coding-agent/node_modules/json-schema-to-ts/lib/cjs/utils/type-guards
48K	/usr/local/lib/node_modules/@earendil-works/pi-coding-agent/node_modules/json-schema-to-ts/lib/cjs/utils
36K	/usr/local/lib/node_modules/@earendil-works/pi-coding-agent/node_modules/json-schema-to-ts/lib/cjs/parse-schema/references
160K	/usr/local/lib/node_modules/@earendil-works/pi-coding-agent/node_modules/json-schema-to-ts/lib/cjs/parse-schema
108K	/usr/local/lib/node_modules/@earendil-works/pi-coding-agent/node_modules/json-schema-to-ts/lib/cjs/type-utils
48K	/usr/local/lib/node_modules/@earendil-works/pi-coding-agent/node_modules/json-schema-to-ts/lib/cjs/definitions
384K	/usr/local/lib/node_modules/@earendil-works/pi-coding-agent/node_modules/json-schema-to-ts/lib/cjs
28K	/usr/local/lib/node_modules/@earendil-works/pi-coding-agent/node_modules/json-schema-to-ts/lib/types/utils/type-guards
48K	/usr/local/lib/node_modules/@earendil-works/pi-coding-agent/node_modules/json-schema-to-ts/lib/types/utils
36K	/usr/local/lib/node_modules/@earendil-works/pi-coding-agent/node_modules/json-schema-to-ts/lib/types/parse-schema/references
164K	/usr/local/lib/node_modules/@earendil-works/pi-coding-agent/node_modules/json-schema-to-ts/lib/types/parse-schema
108K	/usr/local/lib/node_modules/@earendil-works/pi-coding-agent/node_modules/json-schema-to-ts/lib/types/type-utils
48K	/usr/local/lib/node_modules/@earendil-works/pi-coding-agent/node_modules/json-schema-to-ts/lib/types/definitions
388K	/usr/local/lib/node_modules/@earendil-works/pi-coding-agent/node_modules/json-schema-to-ts/lib/types
1.2M	/usr/local/lib/node_modules/@earendil-works/pi-coding-agent/node_modules/json-schema-to-ts/lib
1.2M	/usr/local/lib/node_modules/@earendil-works/pi-coding-agent/node_modules/json-schema-to-ts
4.0K	/usr/local/lib/node_modules/@earendil-works/pi-coding-agent/node_modules/.bin
20K	/usr/local/lib/node_modules/@earendil-works/pi-coding-agent/node_modules/shebang-command
76K	/usr/local/lib/node_modules/@earendil-works/pi-coding-agent/node_modules/google-auth-library/build/src/gtoken
16K	/usr/local/lib/node_modules/@earendil-works/pi-coding-agent/node_modules/google-auth-library/build/src/crypto/browser
12K	/usr/local/lib/node_modules/@earendil-works/pi-coding-agent/node_modules/google-auth-library/build/src/crypto/node
48K	/usr/local/lib/node_modules/@earendil-works/pi-coding-agent/node_modules/google-auth-library/build/src/crypto
540K	/usr/local/lib/node_modules/@earendil-works/pi-coding-agent/node_modules/google-auth-library/build/src/auth
700K	/usr/local/lib/node_modules/@earendil-works/pi-coding-agent/node_modules/google-auth-library/build/src
704K	/usr/local/lib/node_modules/@earendil-works/pi-coding-agent/node_modules/google-auth-library/build
808K	/usr/local/lib/node_modules/@earendil-works/pi-coding-agent/node_modules/google-auth-library
40K	/usr/local/lib/node_modules/@earendil-works/pi-coding-agent/node_modules/get-east-asian-width
20K	/usr/local/lib/node_modules/@earendil-works/pi-coding-agent/node_modules/jws/lib
52K	/usr/local/lib/node_modules/@earendil-works/pi-coding-agent/node_modules/jws
180K	/usr/local/lib/node_modules/@earendil-works/pi-coding-agent/node_modules/minipass/dist/esm
180K	/usr/local/lib/node_modules/@earendil-works/pi-coding-agent/node_modules/minipass/dist/commonjs
364K	/usr/local/lib/node_modules/@earendil-works/pi-coding-agent/node_modules/minipass/dist
404K	/usr/local/lib/node_modules/@earendil-works/pi-coding-agent/node_modules/minipass
320K	/usr/local/lib/node_modules/@earendil-works/pi-coding-agent/node_modules/minimatch/dist/esm
324K	/usr/local/lib/node_modules/@earendil-works/pi-coding-agent/node_modules/minimatch/dist/commonjs
648K	/usr/local/lib/node_modules/@earendil-works/pi-coding-agent/node_modules/minimatch/dist
680K	/usr/local/lib/node_modules/@earendil-works/pi-coding-agent/node_modules/minimatch
1.3M	/usr/local/lib/node_modules/@earendil-works/pi-coding-agent/node_modules/@mariozechner/clipboard-linux-arm64-gnu
108K	/usr/local/lib/node_modules/@earendil-works/pi-coding-agent/node_modules/@mariozechner/clipboard/src/clipboard_rs/platform
128K	/usr/local/lib/node_modules/@earendil-works/pi-coding-agent/node_modules/@mariozechner/clipboard/src/clipboard_rs
140K	/usr/local/lib/node_modules/@earendil-works/pi-coding-agent/node_modules/@mariozechner/clipboard/src
200K	/usr/local/lib/node_modules/@earendil-works/pi-coding-agent/node_modules/@mariozechner/clipboard
8.0K	/usr/local/lib/node_modules/@earendil-works/pi-coding-agent/node_modules/@mariozechner/clipboard-linux-arm64-musl
1.5M	/usr/local/lib/node_modules/@earendil-works/pi-coding-agent/node_modules/@mariozechner
40K	/usr/local/lib/node_modules/@earendil-works/pi-coding-agent/node_modules/semver/classes
12K	/usr/local/lib/node_modules/@earendil-works/pi-coding-agent/node_modules/semver/bin
52K	/usr/local/lib/node_modules/@earendil-works/pi-coding-agent/node_modules/semver/ranges
104K	/usr/local/lib/node_modules/@earendil-works/pi-coding-agent/node_modules/semver/functions
32K	/usr/local/lib/node_modules/@earendil-works/pi-coding-agent/node_modules/semver/internal
292K	/usr/local/lib/node_modules/@earendil-works/pi-coding-agent/node_modules/semver
8.0K	/usr/local/lib/node_modules/@earendil-works/pi-coding-agent/node_modules/web-streams-polyfill/ponyfill/es2018
8.0K	/usr/local/lib/node_modules/@earendil-works/pi-coding-agent/node_modules/web-streams-polyfill/ponyfill/es6
24K	/usr/local/lib/node_modules/@earendil-works/pi-coding-agent/node_modules/web-streams-polyfill/ponyfill
44K	/usr/local/lib/node_modules/@earendil-works/pi-coding-agent/node_modules/web-streams-polyfill/dist/types/ts3.6
92K	/usr/local/lib/node_modules/@earendil-works/pi-coding-agent/node_modules/web-streams-polyfill/dist/types
8.8M	/usr/local/lib/node_modules/@earendil-works/pi-coding-agent/node_modules/web-streams-polyfill/dist
8.0K	/usr/local/lib/node_modules/@earendil-works/pi-coding-agent/node_modules/web-streams-polyfill/es2018
8.0K	/usr/local/lib/node_modules/@earendil-works/pi-coding-agent/node_modules/web-streams-polyfill/es6
8.8M	/usr/local/lib/node_modules/@earendil-works/pi-coding-agent/node_modules/web-streams-polyfill
28K	/usr/local/lib/node_modules/@earendil-works/pi-coding-agent/node_modules/http-proxy-agent/dist
44K	/usr/local/lib/node_modules/@earendil-works/pi-coding-agent/node_modules/http-proxy-agent
164K	/usr/local/lib/node_modules/@earendil-works/pi-coding-agent/node_modules/ws/lib
204K	/usr/local/lib/node_modules/@earendil-works/pi-coding-agent/node_modules/ws
120K	/usr/local/lib/node_modules/@earendil-works/pi-coding-agent/node_modules/@mistralai/mistralai/esm/extra/observability
92K	/usr/local/lib/node_modules/@earendil-works/pi-coding-agent/node_modules/@mistralai/mistralai/esm/extra/realtime
240K	/usr/local/lib/node_modules/@earendil-works/pi-coding-agent/node_modules/@mistralai/mistralai/esm/extra
196K	/usr/local/lib/node_modules/@earendil-works/pi-coding-agent/node_modules/@mistralai/mistralai/esm/types
2.9M	/usr/local/lib/node_modules/@earendil-works/pi-coding-agent/node_modules/@mistralai/mistralai/esm/models/operations
9.2M	/usr/local/lib/node_modules/@earendil-works/pi-coding-agent/node_modules/@mistralai/mistralai/esm/models/components
132K	/usr/local/lib/node_modules/@earendil-works/pi-coding-agent/node_modules/@mistralai/mistralai/esm/models/errors
13M	/usr/local/lib/node_modules/@earendil-works/pi-coding-agent/node_modules/@mistralai/mistralai/esm/models
116K	/usr/local/lib/node_modules/@earendil-works/pi-coding-agent/node_modules/@mistralai/mistralai/esm/hooks
352K	/usr/local/lib/node_modules/@earendil-works/pi-coding-agent/node_modules/@mistralai/mistralai/esm/lib
816K	/usr/local/lib/node_modules/@earendil-works/pi-coding-agent/node_modules/@mistralai/mistralai/esm/sdk
3.6M	/usr/local/lib/node_modules/@earendil-works/pi-coding-agent/node_modules/@mistralai/mistralai/esm/funcs
18M	/usr/local/lib/node_modules/@earendil-works/pi-coding-agent/node_modules/@mistralai/mistralai/esm
48K	/usr/local/lib/node_modules/@earendil-works/pi-coding-agent/node_modules/@mistralai/mistralai/src/extra/observability
32K	/usr/local/lib/node_modules/@earendil-works/pi-coding-agent/node_modules/@mistralai/mistralai/src/extra/realtime
92K	/usr/local/lib/node_modules/@earendil-works/pi-coding-agent/node_modules/@mistralai/mistralai/src/extra
56K	/usr/local/lib/node_modules/@earendil-works/pi-coding-agent/node_modules/@mistralai/mistralai/src/types
752K	/usr/local/lib/node_modules/@earendil-works/pi-coding-agent/node_modules/@mistralai/mistralai/src/models/operations
2.5M	/usr/local/lib/node_modules/@earendil-works/pi-coding-agent/node_modules/@mistralai/mistralai/src/models/components
36K	/usr/local/lib/node_modules/@earendil-works/pi-coding-agent/node_modules/@mistralai/mistralai/src/models/errors
3.3M	/usr/local/lib/node_modules/@earendil-works/pi-coding-agent/node_modules/@mistralai/mistralai/src/models
36K	/usr/local/lib/node_modules/@earendil-works/pi-coding-agent/node_modules/@mistralai/mistralai/src/hooks
120K	/usr/local/lib/node_modules/@earendil-works/pi-coding-agent/node_modules/@mistralai/mistralai/src/lib
232K	/usr/local/lib/node_modules/@earendil-works/pi-coding-agent/node_modules/@mistralai/mistralai/src/sdk
1.7M	/usr/local/lib/node_modules/@earendil-works/pi-coding-agent/node_modules/@mistralai/mistralai/src/funcs
5.5M	/usr/local/lib/node_modules/@earendil-works/pi-coding-agent/node_modules/@mistralai/mistralai/src
56K	/usr/local/lib/node_modules/@earendil-works/pi-coding-agent/node_modules/@mistralai/mistralai/packages/mistralai-azure/src/types
292K	/usr/local/lib/node_modules/@earendil-works/pi-coding-agent/node_modules/@mistralai/mistralai/packages/mistralai-azure/src/models/components
32K	/usr/local/lib/node_modules/@earendil-works/pi-coding-agent/node_modules/@mistralai/mistralai/packages/mistralai-azure/src/models/errors
328K	/usr/local/lib/node_modules/@earendil-works/pi-coding-agent/node_modules/@mistralai/mistralai/packages/mistralai-azure/src/models
24K	/usr/local/lib/node_modules/@earendil-works/pi-coding-agent/node_modules/@mistralai/mistralai/packages/mistralai-azure/src/hooks
120K	/usr/local/lib/node_modules/@earendil-works/pi-coding-agent/node_modules/@mistralai/mistralai/packages/mistralai-azure/src/lib
20K	/usr/local/lib/node_modules/@earendil-works/pi-coding-agent/node_modules/@mistralai/mistralai/packages/mistralai-azure/src/sdk
28K	/usr/local/lib/node_modules/@earendil-works/pi-coding-agent/node_modules/@mistralai/mistralai/packages/mistralai-azure/src/funcs
588K	/usr/local/lib/node_modules/@earendil-works/pi-coding-agent/node_modules/@mistralai/mistralai/packages/mistralai-azure/src
8.0K	/usr/local/lib/node_modules/@earendil-works/pi-coding-agent/node_modules/@mistralai/mistralai/packages/mistralai-azure/examples
600K	/usr/local/lib/node_modules/@earendil-works/pi-coding-agent/node_modules/@mistralai/mistralai/packages/mistralai-azure
56K	/usr/local/lib/node_modules/@earendil-works/pi-coding-agent/node_modules/@mistralai/mistralai/packages/mistralai-gcp/src/types
264K	/usr/local/lib/node_modules/@earendil-works/pi-coding-agent/node_modules/@mistralai/mistralai/packages/mistralai-gcp/src/models/components
32K	/usr/local/lib/node_modules/@earendil-works/pi-coding-agent/node_modules/@mistralai/mistralai/packages/mistralai-gcp/src/models/errors
300K	/usr/local/lib/node_modules/@earendil-works/pi-coding-agent/node_modules/@mistralai/mistralai/packages/mistralai-gcp/src/models
24K	/usr/local/lib/node_modules/@earendil-works/pi-coding-agent/node_modules/@mistralai/mistralai/packages/mistralai-gcp/src/hooks
116K	/usr/local/lib/node_modules/@earendil-works/pi-coding-agent/node_modules/@mistralai/mistralai/packages/mistralai-gcp/src/lib
20K	/usr/local/lib/node_modules/@earendil-works/pi-coding-agent/node_modules/@mistralai/mistralai/packages/mistralai-gcp/src/sdk
36K	/usr/local/lib/node_modules/@earendil-works/pi-coding-agent/node_modules/@mistralai/mistralai/packages/mistralai-gcp/src/funcs
564K	/usr/local/lib/node_modules/@earendil-works/pi-coding-agent/node_modules/@mistralai/mistralai/packages/mistralai-gcp/src
8.0K	/usr/local/lib/node_modules/@earendil-works/pi-coding-agent/node_modules/@mistralai/mistralai/packages/mistralai-gcp/examples
576K	/usr/local/lib/node_modules/@earendil-works/pi-coding-agent/node_modules/@mistralai/mistralai/packages/mistralai-gcp
1.2M	/usr/local/lib/node_modules/@earendil-works/pi-coding-agent/node_modules/@mistralai/mistralai/packages
8.0K	/usr/local/lib/node_modules/@earendil-works/pi-coding-agent/node_modules/@mistralai/mistralai/examples/src/gcp
8.0K	/usr/local/lib/node_modules/@earendil-works/pi-coding-agent/node_modules/@mistralai/mistralai/examples/src/azure
128K	/usr/local/lib/node_modules/@earendil-works/pi-coding-agent/node_modules/@mistralai/mistralai/examples/src
136K	/usr/local/lib/node_modules/@earendil-works/pi-coding-agent/node_modules/@mistralai/mistralai/examples
36K	/usr/local/lib/node_modules/@earendil-works/pi-coding-agent/node_modules/@mistralai/mistralai/tests/extra/observability
64K	/usr/local/lib/node_modules/@earendil-works/pi-coding-agent/node_modules/@mistralai/mistralai/tests/extra
28K	/usr/local/lib/node_modules/@earendil-works/pi-coding-agent/node_modules/@mistralai/mistralai/tests/v2
100K	/usr/local/lib/node_modules/@earendil-works/pi-coding-agent/node_modules/@mistralai/mistralai/tests
25M	/usr/local/lib/node_modules/@earendil-works/pi-coding-agent/node_modules/@mistralai/mistralai
25M	/usr/local/lib/node_modules/@earendil-works/pi-coding-agent/node_modules/@mistralai
8.0K	/usr/local/lib/node_modules/@earendil-works/pi-coding-agent/node_modules/@types/node/timers
28K	/usr/local/lib/node_modules/@earendil-works/pi-coding-agent/node_modules/@types/node/dns
28K	/usr/local/lib/node_modules/@earendil-works/pi-coding-agent/node_modules/@types/node/web-globals
60K	/usr/local/lib/node_modules/@earendil-works/pi-coding-agent/node_modules/@types/node/fs
40K	/usr/local/lib/node_modules/@earendil-works/pi-coding-agent/node_modules/@types/node/ts5.6
44K	/usr/local/lib/node_modules/@earendil-works/pi-coding-agent/node_modules/@types/node/stream
20K	/usr/local/lib/node_modules/@earendil-works/pi-coding-agent/node_modules/@types/node/compatibility
8.0K	/usr/local/lib/node_modules/@earendil-works/pi-coding-agent/node_modules/@types/node/assert
12K	/usr/local/lib/node_modules/@earendil-works/pi-coding-agent/node_modules/@types/node/readline
2.6M	/usr/local/lib/node_modules/@earendil-works/pi-coding-agent/node_modules/@types/node
2.6M	/usr/local/lib/node_modules/@earendil-works/pi-coding-agent/node_modules/@types
24K	/usr/local/lib/node_modules/@earendil-works/pi-coding-agent/node_modules/shebang-regex
16K	/usr/local/lib/node_modules/@earendil-works/pi-coding-agent/node_modules/data-uri-to-buffer/dist
8.0K	/usr/local/lib/node_modules/@earendil-works/pi-coding-agent/node_modules/data-uri-to-buffer/src
36K	/usr/local/lib/node_modules/@earendil-works/pi-coding-agent/node_modules/data-uri-to-buffer
72K	/usr/local/lib/node_modules/@earendil-works/pi-coding-agent/node_modules/typebox/build/guard
40K	/usr/local/lib/node_modules/@earendil-works/pi-coding-agent/node_modules/typebox/build/compile
20K	/usr/local/lib/node_modules/@earendil-works/pi-coding-agent/node_modules/typebox/build/value/pipeline
20K	/usr/local/lib/node_modules/@earendil-works/pi-coding-agent/node_modules/typebox/build/value/parse
20K	/usr/local/lib/node_modules/@earendil-works/pi-coding-agent/node_modules/typebox/build/value/clone
60K	/usr/local/lib/node_modules/@earendil-works/pi-coding-agent/node_modules/typebox/build/value/mutate
84K	/usr/local/lib/node_modules/@earendil-works/pi-coding-agent/node_modules/typebox/build/value/convert/try
280K	/usr/local/lib/node_modules/@earendil-works/pi-coding-agent/node_modules/typebox/build/value/convert
12K	/usr/local/lib/node_modules/@earendil-works/pi-coding-agent/node_modules/typebox/build/value/pointer
108K	/usr/local/lib/node_modules/@earendil-works/pi-coding-agent/node_modules/typebox/build/value/clean
264K	/usr/local/lib/node_modules/@earendil-works/pi-coding-agent/node_modules/typebox/build/value/create
20K	/usr/local/lib/node_modules/@earendil-works/pi-coding-agent/node_modules/typebox/build/value/equal
108K	/usr/local/lib/node_modules/@earendil-works/pi-coding-agent/node_modules/typebox/build/value/default
36K	/usr/local/lib/node_modules/@earendil-works/pi-coding-agent/node_modules/typebox/build/value/shared
20K	/usr/local/lib/node_modules/@earendil-works/pi-coding-agent/node_modules/typebox/build/value/check
20K	/usr/local/lib/node_modules/@earendil-works/pi-coding-agent/node_modules/typebox/build/value/errors
40K	/usr/local/lib/node_modules/@earendil-works/pi-coding-agent/node_modules/typebox/build/value/delta
20K	/usr/local/lib/node_modules/@earendil-works/pi-coding-agent/node_modules/typebox/build/value/assert
20K	/usr/local/lib/node_modules/@earendil-works/pi-coding-agent/node_modules/typebox/build/value/hash
116K	/usr/local/lib/node_modules/@earendil-works/pi-coding-agent/node_modules/typebox/build/value/codec
124K	/usr/local/lib/node_modules/@earendil-works/pi-coding-agent/node_modules/typebox/build/value/repair
1.3M	/usr/local/lib/node_modules/@earendil-works/pi-coding-agent/node_modules/typebox/build/value
28K	/usr/local/lib/node_modules/@earendil-works/pi-coding-agent/node_modules/typebox/build/schema/pointer
468K	/usr/local/lib/node_modules/@earendil-works/pi-coding-agent/node_modules/typebox/build/schema/engine
444K	/usr/local/lib/node_modules/@earendil-works/pi-coding-agent/node_modules/typebox/build/schema/types
176K	/usr/local/lib/node_modules/@earendil-works/pi-coding-agent/node_modules/typebox/build/schema/static
32K	/usr/local/lib/node_modules/@earendil-works/pi-coding-agent/node_modules/typebox/build/schema/resolve
1.2M	/usr/local/lib/node_modules/@earendil-works/pi-coding-agent/node_modules/typebox/build/schema
60K	/usr/local/lib/node_modules/@earendil-works/pi-coding-agent/node_modules/typebox/build/type/script/token/internal
168K	/usr/local/lib/node_modules/@earendil-works/pi-coding-agent/node_modules/typebox/build/type/script/token
356K	/usr/local/lib/node_modules/@earendil-works/pi-coding-agent/node_modules/typebox/build/type/script
228K	/usr/local/lib/node_modules/@earendil-works/pi-coding-agent/node_modules/typebox/build/type/action
20K	/usr/local/lib/node_modules/@earendil-works/pi-coding-agent/node_modules/typebox/build/type/engine/constructor_parameters
20K	/usr/local/lib/node_modules/@earendil-works/pi-coding-agent/node_modules/typebox/build/type/engine/interface
68K	/usr/local/lib/node_modules/@earendil-works/pi-coding-agent/node_modules/typebox/build/type/engine/keyof
76K	/usr/local/lib/node_modules/@earendil-works/pi-coding-agent/node_modules/typebox/build/type/engine/readonly_object
60K	/usr/local/lib/node_modules/@earendil-works/pi-coding-agent/node_modules/typebox/build/type/engine/partial
28K	/usr/local/lib/node_modules/@earendil-works/pi-coding-agent/node_modules/typebox/build/type/engine/enum
76K	/usr/local/lib/node_modules/@earendil-works/pi-coding-agent/node_modules/typebox/build/type/engine/evaluate
12K	/usr/local/lib/node_modules/@earendil-works/pi-coding-agent/node_modules/typebox/build/type/engine/this
20K	/usr/local/lib/node_modules/@earendil-works/pi-coding-agent/node_modules/typebox/build/type/engine/module
60K	/usr/local/lib/node_modules/@earendil-works/pi-coding-agent/node_modules/typebox/build/type/engine/cyclic
20K	/usr/local/lib/node_modules/@earendil-works/pi-coding-agent/node_modules/typebox/build/type/engine/parameters
60K	/usr/local/lib/node_modules/@earendil-works/pi-coding-agent/node_modules/typebox/build/type/engine/required
20K	/usr/local/lib/node_modules/@earendil-works/pi-coding-agent/node_modules/typebox/build/type/engine/non_nullable
72K	/usr/local/lib/node_modules/@earendil-works/pi-coding-agent/node_modules/typebox/build/type/engine/template_literal
28K	/usr/local/lib/node_modules/@earendil-works/pi-coding-agent/node_modules/typebox/build/type/engine/pick
36K	/usr/local/lib/node_modules/@earendil-works/pi-coding-agent/node_modules/typebox/build/type/engine/call
76K	/usr/local/lib/node_modules/@earendil-works/pi-coding-agent/node_modules/typebox/build/type/engine/indexable
36K	/usr/local/lib/node_modules/@earendil-works/pi-coding-agent/node_modules/typebox/build/type/engine/helpers
116K	/usr/local/lib/node_modules/@earendil-works/pi-coding-agent/node_modules/typebox/build/type/engine/record
20K	/usr/local/lib/node_modules/@earendil-works/pi-coding-agent/node_modules/typebox/build/type/engine/ref
20K	/usr/local/lib/node_modules/@earendil-works/pi-coding-agent/node_modules/typebox/build/type/engine/options
12K	/usr/local/lib/node_modules/@earendil-works/pi-coding-agent/node_modules/typebox/build/type/engine/tuple
60K	/usr/local/lib/node_modules/@earendil-works/pi-coding-agent/node_modules/typebox/build/type/engine/indexed
28K	/usr/local/lib/node_modules/@earendil-works/pi-coding-agent/node_modules/typebox/build/type/engine/omit
20K	/usr/local/lib/node_modules/@earendil-works/pi-coding-agent/node_modules/typebox/build/type/engine/awaited
20K	/usr/local/lib/node_modules/@earendil-works/pi-coding-agent/node_modules/typebox/build/type/engine/conditional
20K	/usr/local/lib/node_modules/@earendil-works/pi-coding-agent/node_modules/typebox/build/type/engine/rest
28K	/usr/local/lib/node_modules/@earendil-works/pi-coding-agent/node_modules/typebox/build/type/engine/exclude
20K	/usr/local/lib/node_modules/@earendil-works/pi-coding-agent/node_modules/typebox/build/type/engine/return_type
36K	/usr/local/lib/node_modules/@earendil-works/pi-coding-agent/node_modules/typebox/build/type/engine/mapped
20K	/usr/local/lib/node_modules/@earendil-works/pi-coding-agent/node_modules/typebox/build/type/engine/instance_type
64K	/usr/local/lib/node_modules/@earendil-works/pi-coding-agent/node_modules/typebox/build/type/engine/intrinsics
28K	/usr/local/lib/node_modules/@earendil-works/pi-coding-agent/node_modules/typebox/build/type/engine/patterns
68K	/usr/local/lib/node_modules/@earendil-works/pi-coding-agent/node_modules/typebox/build/type/engine/object
28K	/usr/local/lib/node_modules/@earendil-works/pi-coding-agent/node_modules/typebox/build/type/engine/extract
1.5M	/usr/local/lib/node_modules/@earendil-works/pi-coding-agent/node_modules/typebox/build/type/engine
392K	/usr/local/lib/node_modules/@earendil-works/pi-coding-agent/node_modules/typebox/build/type/types
284K	/usr/local/lib/node_modules/@earendil-works/pi-coding-agent/node_modules/typebox/build/type/extends
2.7M	/usr/local/lib/node_modules/@earendil-works/pi-coding-agent/node_modules/typebox/build/type
24K	/usr/local/lib/node_modules/@earendil-works/pi-coding-agent/node_modules/typebox/build/error
220K	/usr/local/lib/node_modules/@earendil-works/pi-coding-agent/node_modules/typebox/build/format
68K	/usr/local/lib/node_modules/@earendil-works/pi-coding-agent/node_modules/typebox/build/system/memory
20K	/usr/local/lib/node_modules/@earendil-works/pi-coding-agent/node_modules/typebox/build/system/unreachable
352K	/usr/local/lib/node_modules/@earendil-works/pi-coding-agent/node_modules/typebox/build/system/locale
28K	/usr/local/lib/node_modules/@earendil-works/pi-coding-agent/node_modules/typebox/build/system/hashing
28K	/usr/local/lib/node_modules/@earendil-works/pi-coding-agent/node_modules/typebox/build/system/environment
20K	/usr/local/lib/node_modules/@earendil-works/pi-coding-agent/node_modules/typebox/build/system/settings
20K	/usr/local/lib/node_modules/@earendil-works/pi-coding-agent/node_modules/typebox/build/system/arguments
556K	/usr/local/lib/node_modules/@earendil-works/pi-coding-agent/node_modules/typebox/build/system
6.1M	/usr/local/lib/node_modules/@earendil-works/pi-coding-agent/node_modules/typebox/build
6.1M	/usr/local/lib/node_modules/@earendil-works/pi-coding-agent/node_modules/typebox
32K	/usr/local/lib/node_modules/@earendil-works/pi-coding-agent/node_modules/buffer-equal-constant-time
16K	/usr/local/lib/node_modules/@earendil-works/pi-coding-agent/node_modules/tslib/modules
132K	/usr/local/lib/node_modules/@earendil-works/pi-coding-agent/node_modules/tslib
96K	/usr/local/lib/node_modules/@earendil-works/pi-coding-agent/node_modules/yaml/dist/stringify
168K	/usr/local/lib/node_modules/@earendil-works/pi-coding-agent/node_modules/yaml/dist/compose
64K	/usr/local/lib/node_modules/@earendil-works/pi-coding-agent/node_modules/yaml/dist/doc
120K	/usr/local/lib/node_modules/@earendil-works/pi-coding-agent/node_modules/yaml/dist/parse
92K	/usr/local/lib/node_modules/@earendil-works/pi-coding-agent/node_modules/yaml/dist/nodes
36K	/usr/local/lib/node_modules/@earendil-works/pi-coding-agent/node_modules/yaml/dist/schema/common
12K	/usr/local/lib/node_modules/@earendil-works/pi-coding-agent/node_modules/yaml/dist/schema/json
36K	/usr/local/lib/node_modules/@earendil-works/pi-coding-agent/node_modules/yaml/dist/schema/core
84K	/usr/local/lib/node_modules/@earendil-works/pi-coding-agent/node_modules/yaml/dist/schema/yaml-1.1
196K	/usr/local/lib/node_modules/@earendil-works/pi-coding-agent/node_modules/yaml/dist/schema
840K	/usr/local/lib/node_modules/@earendil-works/pi-coding-agent/node_modules/yaml/dist
64K	/usr/local/lib/node_modules/@earendil-works/pi-coding-agent/node_modules/yaml/browser/dist/stringify
104K	/usr/local/lib/node_modules/@earendil-works/pi-coding-agent/node_modules/yaml/browser/dist/compose
40K	/usr/local/lib/node_modules/@earendil-works/pi-coding-agent/node_modules/yaml/browser/dist/doc
92K	/usr/local/lib/node_modules/@earendil-works/pi-coding-agent/node_modules/yaml/browser/dist/parse
52K	/usr/local/lib/node_modules/@earendil-works/pi-coding-agent/node_modules/yaml/browser/dist/nodes
20K	/usr/local/lib/node_modules/@earendil-works/pi-coding-agent/node_modules/yaml/browser/dist/schema/common
8.0K	/usr/local/lib/node_modules/@earendil-works/pi-coding-agent/node_modules/yaml/browser/dist/schema/json
20K	/usr/local/lib/node_modules/@earendil-works/pi-coding-agent/node_modules/yaml/browser/dist/schema/core
44K	/usr/local/lib/node_modules/@earendil-works/pi-coding-agent/node_modules/yaml/browser/dist/schema/yaml-1.1
104K	/usr/local/lib/node_modules/@earendil-works/pi-coding-agent/node_modules/yaml/browser/dist/schema
492K	/usr/local/lib/node_modules/@earendil-works/pi-coding-agent/node_modules/yaml/browser/dist
504K	/usr/local/lib/node_modules/@earendil-works/pi-coding-agent/node_modules/yaml/browser
1.4M	/usr/local/lib/node_modules/@earendil-works/pi-coding-agent/node_modules/yaml
12K	/usr/local/lib/node_modules/@earendil-works/pi-coding-agent/node_modules/@protobufjs/aspromise/tests
36K	/usr/local/lib/node_modules/@earendil-works/pi-coding-agent/node_modules/@protobufjs/aspromise
40K	/usr/local/lib/node_modules/@earendil-works/pi-coding-agent/node_modules/@protobufjs/utf8/tests/data
48K	/usr/local/lib/node_modules/@earendil-works/pi-coding-agent/node_modules/@protobufjs/utf8/tests
72K	/usr/local/lib/node_modules/@earendil-works/pi-coding-agent/node_modules/@protobufjs/utf8
8.0K	/usr/local/lib/node_modules/@earendil-works/pi-coding-agent/node_modules/@protobufjs/codegen/tests
36K	/usr/local/lib/node_modules/@earendil-works/pi-coding-agent/node_modules/@protobufjs/codegen
8.0K	/usr/local/lib/node_modules/@earendil-works/pi-coding-agent/node_modules/@protobufjs/eventemitter/tests
36K	/usr/local/lib/node_modules/@earendil-works/pi-coding-agent/node_modules/@protobufjs/eventemitter
12K	/usr/local/lib/node_modules/@earendil-works/pi-coding-agent/node_modules/@protobufjs/float/bench
8.0K	/usr/local/lib/node_modules/@earendil-works/pi-coding-agent/node_modules/@protobufjs/float/tests
56K	/usr/local/lib/node_modules/@earendil-works/pi-coding-agent/node_modules/@protobufjs/float
8.0K	/usr/local/lib/node_modules/@earendil-works/pi-coding-agent/node_modules/@protobufjs/fetch/util
8.0K	/usr/local/lib/node_modules/@earendil-works/pi-coding-agent/node_modules/@protobufjs/fetch/tests/data
20K	/usr/local/lib/node_modules/@earendil-works/pi-coding-agent/node_modules/@protobufjs/fetch/tests
56K	/usr/local/lib/node_modules/@earendil-works/pi-coding-agent/node_modules/@protobufjs/fetch
8.0K	/usr/local/lib/node_modules/@earendil-works/pi-coding-agent/node_modules/@protobufjs/pool/tests
36K	/usr/local/lib/node_modules/@earendil-works/pi-coding-agent/node_modules/@protobufjs/pool
8.0K	/usr/local/lib/node_modules/@earendil-works/pi-coding-agent/node_modules/@protobufjs/path/tests
32K	/usr/local/lib/node_modules/@earendil-works/pi-coding-agent/node_modules/@protobufjs/path
8.0K	/usr/local/lib/node_modules/@earendil-works/pi-coding-agent/node_modules/@protobufjs/base64/tests
32K	/usr/local/lib/node_modules/@earendil-works/pi-coding-agent/node_modules/@protobufjs/base64
396K	/usr/local/lib/node_modules/@earendil-works/pi-coding-agent/node_modules/@protobufjs
52K	/usr/local/lib/node_modules/@earendil-works/pi-coding-agent/node_modules/gcp-metadata/build/src
56K	/usr/local/lib/node_modules/@earendil-works/pi-coding-agent/node_modules/gcp-metadata/build
88K	/usr/local/lib/node_modules/@earendil-works/pi-coding-agent/node_modules/gcp-metadata
8.0K	/usr/local/lib/node_modules/@earendil-works/pi-coding-agent/node_modules/protobufjs/scripts
976K	/usr/local/lib/node_modules/@earendil-works/pi-coding-agent/node_modules/protobufjs/dist/light
324K	/usr/local/lib/node_modules/@earendil-works/pi-coding-agent/node_modules/protobufjs/dist/minimal
2.5M	/usr/local/lib/node_modules/@earendil-works/pi-coding-agent/node_modules/protobufjs/dist
20K	/usr/local/lib/node_modules/@earendil-works/pi-coding-agent/node_modules/protobufjs/google/api
92K	/usr/local/lib/node_modules/@earendil-works/pi-coding-agent/node_modules/protobufjs/google/protobuf
124K	/usr/local/lib/node_modules/@earendil-works/pi-coding-agent/node_modules/protobufjs/google
12K	/usr/local/lib/node_modules/@earendil-works/pi-coding-agent/node_modules/protobufjs/src/rpc
36K	/usr/local/lib/node_modules/@earendil-works/pi-coding-agent/node_modules/protobufjs/src/util
356K	/usr/local/lib/node_modules/@earendil-works/pi-coding-agent/node_modules/protobufjs/src
60K	/usr/local/lib/node_modules/@earendil-works/pi-coding-agent/node_modules/protobufjs/ext/descriptor
12K	/usr/local/lib/node_modules/@earendil-works/pi-coding-agent/node_modules/protobufjs/ext/debug
76K	/usr/local/lib/node_modules/@earendil-works/pi-coding-agent/node_modules/protobufjs/ext
3.2M	/usr/local/lib/node_modules/@earendil-works/pi-coding-agent/node_modules/protobufjs
36K	/usr/local/lib/node_modules/@earendil-works/pi-coding-agent/node_modules/json-bigint/lib
64K	/usr/local/lib/node_modules/@earendil-works/pi-coding-agent/node_modules/json-bigint
20K	/usr/local/lib/node_modules/@earendil-works/pi-coding-agent/node_modules/ms
108K	/usr/local/lib/node_modules/@earendil-works/pi-coding-agent/node_modules/zod/v3/helpers
28K	/usr/local/lib/node_modules/@earendil-works/pi-coding-agent/node_modules/zod/v3/locales
612K	/usr/local/lib/node_modules/@earendil-works/pi-coding-agent/node_modules/zod/v3
300K	/usr/local/lib/node_modules/@earendil-works/pi-coding-agent/node_modules/zod/v4/classic
752K	/usr/local/lib/node_modules/@earendil-works/pi-coding-agent/node_modules/zod/v4/core
960K	/usr/local/lib/node_modules/@earendil-works/pi-coding-agent/node_modules/zod/v4/locales
216K	/usr/local/lib/node_modules/@earendil-works/pi-coding-agent/node_modules/zod/v4/mini
2.2M	/usr/local/lib/node_modules/@earendil-works/pi-coding-agent/node_modules/zod/v4
20K	/usr/local/lib/node_modules/@earendil-works/pi-coding-agent/node_modules/zod/v4-mini
40K	/usr/local/lib/node_modules/@earendil-works/pi-coding-agent/node_modules/zod/src/v3/benchmarks
36K	/usr/local/lib/node_modules/@earendil-works/pi-coding-agent/node_modules/zod/src/v3/helpers
12K	/usr/local/lib/node_modules/@earendil-works/pi-coding-agent/node_modules/zod/src/v3/locales
420K	/usr/local/lib/node_modules/@earendil-works/pi-coding-agent/node_modules/zod/src/v3/tests
700K	/usr/local/lib/node_modules/@earendil-works/pi-coding-agent/node_modules/zod/src/v3
628K	/usr/local/lib/node_modules/@earendil-works/pi-coding-agent/node_modules/zod/src/v4/classic/tests
736K	/usr/local/lib/node_modules/@earendil-works/pi-coding-agent/node_modules/zod/src/v4/classic
20K	/usr/local/lib/node_modules/@earendil-works/pi-coding-agent/node_modules/zod/src/v4/core/tests/locales
28K	/usr/local/lib/node_modules/@earendil-works/pi-coding-agent/node_modules/zod/src/v4/core/tests
372K	/usr/local/lib/node_modules/@earendil-works/pi-coding-agent/node_modules/zod/src/v4/core
320K	/usr/local/lib/node_modules/@earendil-works/pi-coding-agent/node_modules/zod/src/v4/locales
96K	/usr/local/lib/node_modules/@earendil-works/pi-coding-agent/node_modules/zod/src/v4/mini/tests
172K	/usr/local/lib/node_modules/@earendil-works/pi-coding-agent/node_modules/zod/src/v4/mini
1.6M	/usr/local/lib/node_modules/@earendil-works/pi-coding-agent/node_modules/zod/src/v4
8.0K	/usr/local/lib/node_modules/@earendil-works/pi-coding-agent/node_modules/zod/src/v4-mini
2.3M	/usr/local/lib/node_modules/@earendil-works/pi-coding-agent/node_modules/zod/src
5.2M	/usr/local/lib/node_modules/@earendil-works/pi-coding-agent/node_modules/zod
56K	/usr/local/lib/node_modules/@earendil-works/pi-coding-agent/node_modules/formdata-polyfill
364K	/usr/local/lib/node_modules/@earendil-works/pi-coding-agent/node_modules/@earendil-works/pi-ai/dist/utils
1.7M	/usr/local/lib/node_modules/@earendil-works/pi-coding-agent/node_modules/@earendil-works/pi-ai/dist/api
20K	/usr/local/lib/node_modules/@earendil-works/pi-coding-agent/node_modules/@earendil-works/pi-ai/dist/compat
360K	/usr/local/lib/node_modules/@earendil-works/pi-coding-agent/node_modules/@earendil-works/pi-ai/dist/auth/oauth
480K	/usr/local/lib/node_modules/@earendil-works/pi-coding-agent/node_modules/@earendil-works/pi-ai/dist/auth
20K	/usr/local/lib/node_modules/@earendil-works/pi-coding-agent/node_modules/@earendil-works/pi-ai/dist/providers/images
3.8M	/usr/local/lib/node_modules/@earendil-works/pi-coding-agent/node_modules/@earendil-works/pi-ai/dist/providers
7.6M	/usr/local/lib/node_modules/@earendil-works/pi-coding-agent/node_modules/@earendil-works/pi-ai/dist
7.7M	/usr/local/lib/node_modules/@earendil-works/pi-coding-agent/node_modules/@earendil-works/pi-ai
84K	/usr/local/lib/node_modules/@earendil-works/pi-coding-agent/node_modules/@earendil-works/pi-agent-core/dist/harness/utils
228K	/usr/local/lib/node_modules/@earendil-works/pi-coding-agent/node_modules/@earendil-works/pi-agent-core/dist/harness/session
92K	/usr/local/lib/node_modules/@earendil-works/pi-coding-agent/node_modules/@earendil-works/pi-agent-core/dist/harness/env
180K	/usr/local/lib/node_modules/@earendil-works/pi-coding-agent/node_modules/@earendil-works/pi-agent-core/dist/harness/compaction
1016K	/usr/local/lib/node_modules/@earendil-works/pi-coding-agent/node_modules/@earendil-works/pi-agent-core/dist/harness
1.4M	/usr/local/lib/node_modules/@earendil-works/pi-coding-agent/node_modules/@earendil-works/pi-agent-core/dist
1.4M	/usr/local/lib/node_modules/@earendil-works/pi-coding-agent/node_modules/@earendil-works/pi-agent-core
772K	/usr/local/lib/node_modules/@earendil-works/pi-coding-agent/node_modules/@earendil-works/pi-tui/dist/components
1.9M	/usr/local/lib/node_modules/@earendil-works/pi-coding-agent/node_modules/@earendil-works/pi-tui/dist
20K	/usr/local/lib/node_modules/@earendil-works/pi-coding-agent/node_modules/@earendil-works/pi-tui/native/darwin/prebuilds/darwin-x64
56K	/usr/local/lib/node_modules/@earendil-works/pi-coding-agent/node_modules/@earendil-works/pi-tui/native/darwin/prebuilds/darwin-arm64
80K	/usr/local/lib/node_modules/@earendil-works/pi-coding-agent/node_modules/@earendil-works/pi-tui/native/darwin/prebuilds
84K	/usr/local/lib/node_modules/@earendil-works/pi-coding-agent/node_modules/@earendil-works/pi-tui/native/darwin
8.0K	/usr/local/lib/node_modules/@earendil-works/pi-coding-agent/node_modules/@earendil-works/pi-tui/native/win32/prebuilds/win32-arm64
8.0K	/usr/local/lib/node_modules/@earendil-works/pi-coding-agent/node_modules/@earendil-works/pi-tui/native/win32/prebuilds/win32-x64
20K	/usr/local/lib/node_modules/@earendil-works/pi-coding-agent/node_modules/@earendil-works/pi-tui/native/win32/prebuilds
24K	/usr/local/lib/node_modules/@earendil-works/pi-coding-agent/node_modules/@earendil-works/pi-tui/native/win32
112K	/usr/local/lib/node_modules/@earendil-works/pi-coding-agent/node_modules/@earendil-works/pi-tui/native
2.0M	/usr/local/lib/node_modules/@earendil-works/pi-coding-agent/node_modules/@earendil-works/pi-tui
12M	/usr/local/lib/node_modules/@earendil-works/pi-coding-agent/node_modules/@earendil-works
12K	/usr/local/lib/node_modules/@earendil-works/pi-coding-agent/node_modules/isexe/test
44K	/usr/local/lib/node_modules/@earendil-works/pi-coding-agent/node_modules/isexe
24K	/usr/local/lib/node_modules/@earendil-works/pi-coding-agent/node_modules/p-retry/node_modules/@types/retry
28K	/usr/local/lib/node_modules/@earendil-works/pi-coding-agent/node_modules/p-retry/node_modules/@types
32K	/usr/local/lib/node_modules/@earendil-works/pi-coding-agent/node_modules/p-retry/node_modules
56K	/usr/local/lib/node_modules/@earendil-works/pi-coding-agent/node_modules/p-retry
420K	/usr/local/lib/node_modules/@earendil-works/pi-coding-agent/node_modules/highlight.js/scss
420K	/usr/local/lib/node_modules/@earendil-works/pi-coding-agent/node_modules/highlight.js/styles
12K	/usr/local/lib/node_modules/@earendil-works/pi-coding-agent/node_modules/highlight.js/types
1.7M	/usr/local/lib/node_modules/@earendil-works/pi-coding-agent/node_modules/highlight.js/lib/languages
1.8M	/usr/local/lib/node_modules/@earendil-works/pi-coding-agent/node_modules/highlight.js/lib
2.7M	/usr/local/lib/node_modules/@earendil-works/pi-coding-agent/node_modules/highlight.js
136K	/usr/local/lib/node_modules/@earendil-works/pi-coding-agent/node_modules/zod-to-json-schema/dist/esm/parsers
184K	/usr/local/lib/node_modules/@earendil-works/pi-coding-agent/node_modules/zod-to-json-schema/dist/esm
136K	/usr/local/lib/node_modules/@earendil-works/pi-coding-agent/node_modules/zod-to-json-schema/dist/cjs/parsers
184K	/usr/local/lib/node_modules/@earendil-works/pi-coding-agent/node_modules/zod-to-json-schema/dist/cjs
124K	/usr/local/lib/node_modules/@earendil-works/pi-coding-agent/node_modules/zod-to-json-schema/dist/types/parsers
164K	/usr/local/lib/node_modules/@earendil-works/pi-coding-agent/node_modules/zod-to-json-schema/dist/types
536K	/usr/local/lib/node_modules/@earendil-works/pi-coding-agent/node_modules/zod-to-json-schema/dist
20K	/usr/local/lib/node_modules/@earendil-works/pi-coding-agent/node_modules/zod-to-json-schema/.github
656K	/usr/local/lib/node_modules/@earendil-works/pi-coding-agent/node_modules/zod-to-json-schema
8.0K	/usr/local/lib/node_modules/@earendil-works/pi-coding-agent/node_modules/fast-xml-parser/src/xmlbuilder
16K	/usr/local/lib/node_modules/@earendil-works/pi-coding-agent/node_modules/fast-xml-parser/src/cli
76K	/usr/local/lib/node_modules/@earendil-works/pi-coding-agent/node_modules/fast-xml-parser/src/xmlparser
12K	/usr/local/lib/node_modules/@earendil-works/pi-coding-agent/node_modules/fast-xml-parser/src/v6/inputSource
24K	/usr/local/lib/node_modules/@earendil-works/pi-coding-agent/node_modules/fast-xml-parser/src/v6/OutputBuilders
32K	/usr/local/lib/node_modules/@earendil-works/pi-coding-agent/node_modules/fast-xml-parser/src/v6/valueParsers
116K	/usr/local/lib/node_modules/@earendil-works/pi-coding-agent/node_modules/fast-xml-parser/src/v6
268K	/usr/local/lib/node_modules/@earendil-works/pi-coding-agent/node_modules/fast-xml-parser/src
796K	/usr/local/lib/node_modules/@earendil-works/pi-coding-agent/node_modules/fast-xml-parser/lib
1.1M	/usr/local/lib/node_modules/@earendil-works/pi-coding-agent/node_modules/fast-xml-parser
480K	/usr/local/lib/node_modules/@earendil-works/pi-coding-agent/node_modules/lru-cache/dist/esm/browser
480K	/usr/local/lib/node_modules/@earendil-works/pi-coding-agent/node_modules/lru-cache/dist/esm/node
1.5M	/usr/local/lib/node_modules/@earendil-works/pi-coding-agent/node_modules/lru-cache/dist/esm
480K	/usr/local/lib/node_modules/@earendil-works/pi-coding-agent/node_modules/lru-cache/dist/commonjs/browser
480K	/usr/local/lib/node_modules/@earendil-works/pi-coding-agent/node_modules/lru-cache/dist/commonjs/node
1.5M	/usr/local/lib/node_modules/@earendil-works/pi-coding-agent/node_modules/lru-cache/dist/commonjs
2.9M	/usr/local/lib/node_modules/@earendil-works/pi-coding-agent/node_modules/lru-cache/dist
2.9M	/usr/local/lib/node_modules/@earendil-works/pi-coding-agent/node_modules/lru-cache
52K	/usr/local/lib/node_modules/@earendil-works/pi-coding-agent/node_modules/@anthropic-ai/sdk/_vendor/partial-json-parser
56K	/usr/local/lib/node_modules/@earendil-works/pi-coding-agent/node_modules/@anthropic-ai/sdk/_vendor
20K	/usr/local/lib/node_modules/@earendil-works/pi-coding-agent/node_modules/@anthropic-ai/sdk/bin
8.0K	/usr/local/lib/node_modules/@earendil-works/pi-coding-agent/node_modules/@anthropic-ai/sdk/.github
196K	/usr/local/lib/node_modules/@earendil-works/pi-coding-agent/node_modules/@anthropic-ai/sdk/helpers/beta
296K	/usr/local/lib/node_modules/@earendil-works/pi-coding-agent/node_modules/@anthropic-ai/sdk/helpers
248K	/usr/local/lib/node_modules/@earendil-works/pi-coding-agent/node_modules/@anthropic-ai/sdk/core
16K	/usr/local/lib/node_modules/@earendil-works/pi-coding-agent/node_modules/@anthropic-ai/sdk/src/_vendor/partial-json-parser
20K	/usr/local/lib/node_modules/@earendil-works/pi-coding-agent/node_modules/@anthropic-ai/sdk/src/_vendor
40K	/usr/local/lib/node_modules/@earendil-works/pi-coding-agent/node_modules/@anthropic-ai/sdk/src/helpers/beta
56K	/usr/local/lib/node_modules/@earendil-works/pi-coding-agent/node_modules/@anthropic-ai/sdk/src/helpers
48K	/usr/local/lib/node_modules/@earendil-works/pi-coding-agent/node_modules/@anthropic-ai/sdk/src/core
120K	/usr/local/lib/node_modules/@earendil-works/pi-coding-agent/node_modules/@anthropic-ai/sdk/src/resources/messages
80K	/usr/local/lib/node_modules/@earendil-works/pi-coding-agent/node_modules/@anthropic-ai/sdk/src/resources/beta/sessions
168K	/usr/local/lib/node_modules/@earendil-works/pi-coding-agent/node_modules/@anthropic-ai/sdk/src/resources/beta/messages
40K	/usr/local/lib/node_modules/@earendil-works/pi-coding-agent/node_modules/@anthropic-ai/sdk/src/resources/beta/memory-stores
32K	/usr/local/lib/node_modules/@earendil-works/pi-coding-agent/node_modules/@anthropic-ai/sdk/src/resources/beta/skills
40K	/usr/local/lib/node_modules/@earendil-works/pi-coding-agent/node_modules/@anthropic-ai/sdk/src/resources/beta/vaults
36K	/usr/local/lib/node_modules/@earendil-works/pi-coding-agent/node_modules/@anthropic-ai/sdk/src/resources/beta/agents
520K	/usr/local/lib/node_modules/@earendil-works/pi-coding-agent/node_modules/@anthropic-ai/sdk/src/resources/beta
684K	/usr/local/lib/node_modules/@earendil-works/pi-coding-agent/node_modules/@anthropic-ai/sdk/src/resources
20K	/usr/local/lib/node_modules/@earendil-works/pi-coding-agent/node_modules/@anthropic-ai/sdk/src/tools/memory
24K	/usr/local/lib/node_modules/@earendil-works/pi-coding-agent/node_modules/@anthropic-ai/sdk/src/tools
52K	/usr/local/lib/node_modules/@earendil-works/pi-coding-agent/node_modules/@anthropic-ai/sdk/src/lib/tools
132K	/usr/local/lib/node_modules/@earendil-works/pi-coding-agent/node_modules/@anthropic-ai/sdk/src/lib
40K	/usr/local/lib/node_modules/@earendil-works/pi-coding-agent/node_modules/@anthropic-ai/sdk/src/internal/utils
12K	/usr/local/lib/node_modules/@earendil-works/pi-coding-agent/node_modules/@anthropic-ai/sdk/src/internal/decoders
132K	/usr/local/lib/node_modules/@earendil-works/pi-coding-agent/node_modules/@anthropic-ai/sdk/src/internal
1.2M	/usr/local/lib/node_modules/@earendil-works/pi-coding-agent/node_modules/@anthropic-ai/sdk/src
380K	/usr/local/lib/node_modules/@earendil-works/pi-coding-agent/node_modules/@anthropic-ai/sdk/resources/messages
292K	/usr/local/lib/node_modules/@earendil-works/pi-coding-agent/node_modules/@anthropic-ai/sdk/resources/beta/sessions
524K	/usr/local/lib/node_modules/@earendil-works/pi-coding-agent/node_modules/@anthropic-ai/sdk/resources/beta/messages
204K	/usr/local/lib/node_modules/@earendil-works/pi-coding-agent/node_modules/@anthropic-ai/sdk/resources/beta/memory-stores
116K	/usr/local/lib/node_modules/@earendil-works/pi-coding-agent/node_modules/@anthropic-ai/sdk/resources/beta/skills
164K	/usr/local/lib/node_modules/@earendil-works/pi-coding-agent/node_modules/@anthropic-ai/sdk/resources/beta/vaults
160K	/usr/local/lib/node_modules/@earendil-works/pi-coding-agent/node_modules/@anthropic-ai/sdk/resources/beta/agents
2.0M	/usr/local/lib/node_modules/@earendil-works/pi-coding-agent/node_modules/@anthropic-ai/sdk/resources/beta
2.6M	/usr/local/lib/node_modules/@earendil-works/pi-coding-agent/node_modules/@anthropic-ai/sdk/resources
84K	/usr/local/lib/node_modules/@earendil-works/pi-coding-agent/node_modules/@anthropic-ai/sdk/tools/memory
88K	/usr/local/lib/node_modules/@earendil-works/pi-coding-agent/node_modules/@anthropic-ai/sdk/tools
264K	/usr/local/lib/node_modules/@earendil-works/pi-coding-agent/node_modules/@anthropic-ai/sdk/lib/tools
660K	/usr/local/lib/node_modules/@earendil-works/pi-coding-agent/node_modules/@anthropic-ai/sdk/lib
292K	/usr/local/lib/node_modules/@earendil-works/pi-coding-agent/node_modules/@anthropic-ai/sdk/internal/utils
76K	/usr/local/lib/node_modules/@earendil-works/pi-coding-agent/node_modules/@anthropic-ai/sdk/internal/decoders
868K	/usr/local/lib/node_modules/@earendil-works/pi-coding-agent/node_modules/@anthropic-ai/sdk/internal
6.6M	/usr/local/lib/node_modules/@earendil-works/pi-coding-agent/node_modules/@anthropic-ai/sdk
6.7M	/usr/local/lib/node_modules/@earendil-works/pi-coding-agent/node_modules/@anthropic-ai
28K	/usr/local/lib/node_modules/@earendil-works/pi-coding-agent/node_modules/balanced-match/dist/esm
28K	/usr/local/lib/node_modules/@earendil-works/pi-coding-agent/node_modules/balanced-match/dist/commonjs
60K	/usr/local/lib/node_modules/@earendil-works/pi-coding-agent/node_modules/balanced-match/dist
76K	/usr/local/lib/node_modules/@earendil-works/pi-coding-agent/node_modules/balanced-match
1.2M	/usr/local/lib/node_modules/@earendil-works/pi-coding-agent/node_modules/@google/genai/dist/tokenizer
3.2M	/usr/local/lib/node_modules/@earendil-works/pi-coding-agent/node_modules/@google/genai/dist/web
4.0M	/usr/local/lib/node_modules/@earendil-works/pi-coding-agent/node_modules/@google/genai/dist/node
1.7M	/usr/local/lib/node_modules/@earendil-works/pi-coding-agent/node_modules/@google/genai/dist/vertex_internal
14M	/usr/local/lib/node_modules/@earendil-works/pi-coding-agent/node_modules/@google/genai/dist
8.0K	/usr/local/lib/node_modules/@earendil-works/pi-coding-agent/node_modules/@google/genai/web
8.0K	/usr/local/lib/node_modules/@earendil-works/pi-coding-agent/node_modules/@google/genai/node
14M	/usr/local/lib/node_modules/@earendil-works/pi-coding-agent/node_modules/@google/genai
14M	/usr/local/lib/node_modules/@earendil-works/pi-coding-agent/node_modules/@google
20K	/usr/local/lib/node_modules/@earendil-works/pi-coding-agent/node_modules/xml-naming/src
36K	/usr/local/lib/node_modules/@earendil-works/pi-coding-agent/node_modules/xml-naming
44K	/usr/local/lib/node_modules/@earendil-works/pi-coding-agent/node_modules/https-proxy-agent/dist
60K	/usr/local/lib/node_modules/@earendil-works/pi-coding-agent/node_modules/https-proxy-agent
12K	/usr/local/lib/node_modules/@earendil-works/pi-coding-agent/node_modules/retry/example
12K	/usr/local/lib/node_modules/@earendil-works/pi-coding-agent/node_modules/retry/lib
52K	/usr/local/lib/node_modules/@earendil-works/pi-coding-agent/node_modules/retry
2.2M	/usr/local/lib/node_modules/@earendil-works/pi-coding-agent/node_modules/@silvia-odwyer/photon-node
2.2M	/usr/local/lib/node_modules/@earendil-works/pi-coding-agent/node_modules/@silvia-odwyer
60K	/usr/local/lib/node_modules/@earendil-works/pi-coding-agent/node_modules/openai/_vendor/partial-json-parser
1012K	/usr/local/lib/node_modules/@earendil-works/pi-coding-agent/node_modules/openai/_vendor/zod-to-json-schema/parsers
1.3M	/usr/local/lib/node_modules/@earendil-works/pi-coding-agent/node_modules/openai/_vendor/zod-to-json-schema
1.3M	/usr/local/lib/node_modules/@earendil-works/pi-coding-agent/node_modules/openai/_vendor
28K	/usr/local/lib/node_modules/@earendil-works/pi-coding-agent/node_modules/openai/bin
76K	/usr/local/lib/node_modules/@earendil-works/pi-coding-agent/node_modules/openai/helpers
272K	/usr/local/lib/node_modules/@earendil-works/pi-coding-agent/node_modules/openai/core
140K	/usr/local/lib/node_modules/@earendil-works/pi-coding-agent/node_modules/openai/beta/realtime
144K	/usr/local/lib/node_modules/@earendil-works/pi-coding-agent/node_modules/openai/beta
16K	/usr/local/lib/node_modules/@earendil-works/pi-coding-agent/node_modules/openai/src/_vendor/partial-json-parser
132K	/usr/local/lib/node_modules/@earendil-works/pi-coding-agent/node_modules/openai/src/_vendor/zod-to-json-schema/parsers
180K	/usr/local/lib/node_modules/@earendil-works/pi-coding-agent/node_modules/openai/src/_vendor/zod-to-json-schema
200K	/usr/local/lib/node_modules/@earendil-works/pi-coding-agent/node_modules/openai/src/_vendor
16K	/usr/local/lib/node_modules/@earendil-works/pi-coding-agent/node_modules/openai/src/helpers
52K	/usr/local/lib/node_modules/@earendil-works/pi-coding-agent/node_modules/openai/src/core
24K	/usr/local/lib/node_modules/@earendil-works/pi-coding-agent/node_modules/openai/src/beta/realtime
28K	/usr/local/lib/node_modules/@earendil-works/pi-coding-agent/node_modules/openai/src/beta
44K	/usr/local/lib/node_modules/@earendil-works/pi-coding-agent/node_modules/openai/src/resources/audio
52K	/usr/local/lib/node_modules/@earendil-works/pi-coding-agent/node_modules/openai/src/resources/vector-stores
104K	/usr/local/lib/node_modules/@earendil-works/pi-coding-agent/node_modules/openai/src/resources/evals/runs
144K	/usr/local/lib/node_modules/@earendil-works/pi-coding-agent/node_modules/openai/src/resources/evals
80K	/usr/local/lib/node_modules/@earendil-works/pi-coding-agent/node_modules/openai/src/resources/chat/completions
100K	/usr/local/lib/node_modules/@earendil-works/pi-coding-agent/node_modules/openai/src/resources/chat
20K	/usr/local/lib/node_modules/@earendil-works/pi-coding-agent/node_modules/openai/src/resources/containers/files
44K	/usr/local/lib/node_modules/@earendil-works/pi-coding-agent/node_modules/openai/src/resources/containers
32K	/usr/local/lib/node_modules/@earendil-works/pi-coding-agent/node_modules/openai/src/resources/webhooks
36K	/usr/local/lib/node_modules/@earendil-works/pi-coding-agent/node_modules/openai/src/resources/conversations
64K	/usr/local/lib/node_modules/@earendil-works/pi-coding-agent/node_modules/openai/src/resources/beta/threads/runs
148K	/usr/local/lib/node_modules/@earendil-works/pi-coding-agent/node_modules/openai/src/resources/beta/threads
40K	/usr/local/lib/node_modules/@earendil-works/pi-coding-agent/node_modules/openai/src/resources/beta/chatkit
140K	/usr/local/lib/node_modules/@earendil-works/pi-coding-agent/node_modules/openai/src/resources/beta/realtime
408K	/usr/local/lib/node_modules/@earendil-works/pi-coding-agent/node_modules/openai/src/resources/beta
20K	/usr/local/lib/node_modules/@earendil-works/pi-coding-agent/node_modules/openai/src/resources/skills/versions
44K	/usr/local/lib/node_modules/@earendil-works/pi-coding-agent/node_modules/openai/src/resources/skills
200K	/usr/local/lib/node_modules/@earendil-works/pi-coding-agent/node_modules/openai/src/resources/realtime
20K	/usr/local/lib/node_modules/@earendil-works/pi-coding-agent/node_modules/openai/src/resources/fine-tuning/checkpoints
20K	/usr/local/lib/node_modules/@earendil-works/pi-coding-agent/node_modules/openai/src/resources/fine-tuning/alpha
32K	/usr/local/lib/node_modules/@earendil-works/pi-coding-agent/node_modules/openai/src/resources/fine-tuning/jobs
100K	/usr/local/lib/node_modules/@earendil-works/pi-coding-agent/node_modules/openai/src/resources/fine-tuning
20K	/usr/local/lib/node_modules/@earendil-works/pi-coding-agent/node_modules/openai/src/resources/uploads
24K	/usr/local/lib/node_modules/@earendil-works/pi-coding-agent/node_modules/openai/src/resources/graders
248K	/usr/local/lib/node_modules/@earendil-works/pi-coding-agent/node_modules/openai/src/resources/responses
1.7M	/usr/local/lib/node_modules/@earendil-works/pi-coding-agent/node_modules/openai/src/resources
24K	/usr/local/lib/node_modules/@earendil-works/pi-coding-agent/node_modules/openai/src/realtime
20K	/usr/local/lib/node_modules/@earendil-works/pi-coding-agent/node_modules/openai/src/lib/responses
164K	/usr/local/lib/node_modules/@earendil-works/pi-coding-agent/node_modules/openai/src/lib
40K	/usr/local/lib/node_modules/@earendil-works/pi-coding-agent/node_modules/openai/src/internal/utils
44K	/usr/local/lib/node_modules/@earendil-works/pi-coding-agent/node_modules/openai/src/internal/qs
8.0K	/usr/local/lib/node_modules/@earendil-works/pi-coding-agent/node_modules/openai/src/internal/decoders
168K	/usr/local/lib/node_modules/@earendil-works/pi-coding-agent/node_modules/openai/src/internal
2.4M	/usr/local/lib/node_modules/@earendil-works/pi-coding-agent/node_modules/openai/src
212K	/usr/local/lib/node_modules/@earendil-works/pi-coding-agent/node_modules/openai/resources/audio
212K	/usr/local/lib/node_modules/@earendil-works/pi-coding-agent/node_modules/openai/resources/vector-stores
348K	/usr/local/lib/node_modules/@earendil-works/pi-coding-agent/node_modules/openai/resources/evals/runs
512K	/usr/local/lib/node_modules/@earendil-works/pi-coding-agent/node_modules/openai/resources/evals
268K	/usr/local/lib/node_modules/@earendil-works/pi-coding-agent/node_modules/openai/resources/chat/completions
376K	/usr/local/lib/node_modules/@earendil-works/pi-coding-agent/node_modules/openai/resources/chat
108K	/usr/local/lib/node_modules/@earendil-works/pi-coding-agent/node_modules/openai/resources/containers/files
232K	/usr/local/lib/node_modules/@earendil-works/pi-coding-agent/node_modules/openai/resources/containers
108K	/usr/local/lib/node_modules/@earendil-works/pi-coding-agent/node_modules/openai/resources/webhooks
140K	/usr/local/lib/node_modules/@earendil-works/pi-coding-agent/node_modules/openai/resources/conversations
236K	/usr/local/lib/node_modules/@earendil-works/pi-coding-agent/node_modules/openai/resources/beta/threads/runs
528K	/usr/local/lib/node_modules/@earendil-works/pi-coding-agent/node_modules/openai/resources/beta/threads
188K	/usr/local/lib/node_modules/@earendil-works/pi-coding-agent/node_modules/openai/resources/beta/chatkit
436K	/usr/local/lib/node_modules/@earendil-works/pi-coding-agent/node_modules/openai/resources/beta/realtime
1.5M	/usr/local/lib/node_modules/@earendil-works/pi-coding-agent/node_modules/openai/resources/beta
100K	/usr/local/lib/node_modules/@earendil-works/pi-coding-agent/node_modules/openai/resources/skills/versions
232K	/usr/local/lib/node_modules/@earendil-works/pi-coding-agent/node_modules/openai/resources/skills
564K	/usr/local/lib/node_modules/@earendil-works/pi-coding-agent/node_modules/openai/resources/realtime
108K	/usr/local/lib/node_modules/@earendil-works/pi-coding-agent/node_modules/openai/resources/fine-tuning/checkpoints
108K	/usr/local/lib/node_modules/@earendil-works/pi-coding-agent/node_modules/openai/resources/fine-tuning/alpha
144K	/usr/local/lib/node_modules/@earendil-works/pi-coding-agent/node_modules/openai/resources/fine-tuning/jobs
564K	/usr/local/lib/node_modules/@earendil-works/pi-coding-agent/node_modules/openai/resources/fine-tuning
108K	/usr/local/lib/node_modules/@earendil-works/pi-coding-agent/node_modules/openai/resources/uploads
116K	/usr/local/lib/node_modules/@earendil-works/pi-coding-agent/node_modules/openai/resources/graders
756K	/usr/local/lib/node_modules/@earendil-works/pi-coding-agent/node_modules/openai/resources/responses
6.4M	/usr/local/lib/node_modules/@earendil-works/pi-coding-agent/node_modules/openai/resources
140K	/usr/local/lib/node_modules/@earendil-works/pi-coding-agent/node_modules/openai/realtime
104K	/usr/local/lib/node_modules/@earendil-works/pi-coding-agent/node_modules/openai/lib/responses
880K	/usr/local/lib/node_modules/@earendil-works/pi-coding-agent/node_modules/openai/lib
292K	/usr/local/lib/node_modules/@earendil-works/pi-coding-agent/node_modules/openai/internal/utils
220K	/usr/local/lib/node_modules/@earendil-works/pi-coding-agent/node_modules/openai/internal/qs
44K	/usr/local/lib/node_modules/@earendil-works/pi-coding-agent/node_modules/openai/internal/decoders
1.0M	/usr/local/lib/node_modules/@earendil-works/pi-coding-agent/node_modules/openai/internal
14M	/usr/local/lib/node_modules/@earendil-works/pi-coding-agent/node_modules/openai
148K	/usr/local/lib/node_modules/@earendil-works/pi-coding-agent/node_modules/node-domexception/.history
168K	/usr/local/lib/node_modules/@earendil-works/pi-coding-agent/node_modules/node-domexception
32K	/usr/local/lib/node_modules/@earendil-works/pi-coding-agent/node_modules/jwa
20K	/usr/local/lib/node_modules/@earendil-works/pi-coding-agent/node_modules/ecdsa-sig-formatter/src
48K	/usr/local/lib/node_modules/@earendil-works/pi-coding-agent/node_modules/ecdsa-sig-formatter
104K	/usr/local/lib/node_modules/@earendil-works/pi-coding-agent/node_modules/diff/libcjs/patch
28K	/usr/local/lib/node_modules/@earendil-works/pi-coding-agent/node_modules/diff/libcjs/convert
128K	/usr/local/lib/node_modules/@earendil-works/pi-coding-agent/node_modules/diff/libcjs/diff
56K	/usr/local/lib/node_modules/@earendil-works/pi-coding-agent/node_modules/diff/libcjs/util
364K	/usr/local/lib/node_modules/@earendil-works/pi-coding-agent/node_modules/diff/libcjs
120K	/usr/local/lib/node_modules/@earendil-works/pi-coding-agent/node_modules/diff/dist
104K	/usr/local/lib/node_modules/@earendil-works/pi-coding-agent/node_modules/diff/libesm/patch
28K	/usr/local/lib/node_modules/@earendil-works/pi-coding-agent/node_modules/diff/libesm/convert
120K	/usr/local/lib/node_modules/@earendil-works/pi-coding-agent/node_modules/diff/libesm/diff
56K	/usr/local/lib/node_modules/@earendil-works/pi-coding-agent/node_modules/diff/libesm/util
352K	/usr/local/lib/node_modules/@earendil-works/pi-coding-agent/node_modules/diff/libesm
932K	/usr/local/lib/node_modules/@earendil-works/pi-coding-agent/node_modules/diff
96K	/usr/local/lib/node_modules/@earendil-works/pi-coding-agent/node_modules/bowser/src
292K	/usr/local/lib/node_modules/@earendil-works/pi-coding-agent/node_modules/bowser
28K	/usr/local/lib/node_modules/@earendil-works/pi-coding-agent/node_modules/base64-js
44K	/usr/local/lib/node_modules/@earendil-works/pi-coding-agent/node_modules/agent-base/dist
60K	/usr/local/lib/node_modules/@earendil-works/pi-coding-agent/node_modules/agent-base
92K	/usr/local/lib/node_modules/@earendil-works/pi-coding-agent/node_modules/bignumber.js/doc
376K	/usr/local/lib/node_modules/@earendil-works/pi-coding-agent/node_modules/bignumber.js
56K	/usr/local/lib/node_modules/@earendil-works/pi-coding-agent/node_modules/graceful-fs
12K	/usr/local/lib/node_modules/@earendil-works/pi-coding-agent/node_modules/marked/man
16K	/usr/local/lib/node_modules/@earendil-works/pi-coding-agent/node_modules/marked/bin
432K	/usr/local/lib/node_modules/@earendil-works/pi-coding-agent/node_modules/marked/lib
476K	/usr/local/lib/node_modules/@earendil-works/pi-coding-agent/node_modules/marked
80K	/usr/local/lib/node_modules/@earendil-works/pi-coding-agent/node_modules/ignore
8.0K	/usr/local/lib/node_modules/@earendil-works/pi-coding-agent/node_modules/which/bin
32K	/usr/local/lib/node_modules/@earendil-works/pi-coding-agent/node_modules/which
88K	/usr/local/lib/node_modules/@earendil-works/pi-coding-agent/node_modules/@aws-crypto/sha256-js/build/module
92K	/usr/local/lib/node_modules/@earendil-works/pi-coding-agent/node_modules/@aws-crypto/sha256-js/build/main
184K	/usr/local/lib/node_modules/@earendil-works/pi-coding-agent/node_modules/@aws-crypto/sha256-js/build
40K	/usr/local/lib/node_modules/@earendil-works/pi-coding-agent/node_modules/@aws-crypto/sha256-js/src
264K	/usr/local/lib/node_modules/@earendil-works/pi-coding-agent/node_modules/@aws-crypto/sha256-js
28K	/usr/local/lib/node_modules/@earendil-works/pi-coding-agent/node_modules/@aws-crypto/supports-web-crypto/build/module
28K	/usr/local/lib/node_modules/@earendil-works/pi-coding-agent/node_modules/@aws-crypto/supports-web-crypto/build/main
60K	/usr/local/lib/node_modules/@earendil-works/pi-coding-agent/node_modules/@aws-crypto/supports-web-crypto/build
12K	/usr/local/lib/node_modules/@earendil-works/pi-coding-agent/node_modules/@aws-crypto/supports-web-crypto/src
112K	/usr/local/lib/node_modules/@earendil-works/pi-coding-agent/node_modules/@aws-crypto/supports-web-crypto
64K	/usr/local/lib/node_modules/@earendil-works/pi-coding-agent/node_modules/@aws-crypto/util/build/module
64K	/usr/local/lib/node_modules/@earendil-works/pi-coding-agent/node_modules/@aws-crypto/util/build/main
132K	/usr/local/lib/node_modules/@earendil-works/pi-coding-agent/node_modules/@aws-crypto/util/build
24K	/usr/local/lib/node_modules/@earendil-works/pi-coding-agent/node_modules/@aws-crypto/util/src
192K	/usr/local/lib/node_modules/@earendil-works/pi-coding-agent/node_modules/@aws-crypto/util
32K	/usr/local/lib/node_modules/@earendil-works/pi-coding-agent/node_modules/@aws-crypto/crc32/build/module
32K	/usr/local/lib/node_modules/@earendil-works/pi-coding-agent/node_modules/@aws-crypto/crc32/build/main
68K	/usr/local/lib/node_modules/@earendil-works/pi-coding-agent/node_modules/@aws-crypto/crc32/build
12K	/usr/local/lib/node_modules/@earendil-works/pi-coding-agent/node_modules/@aws-crypto/crc32/src
120K	/usr/local/lib/node_modules/@earendil-works/pi-coding-agent/node_modules/@aws-crypto/crc32
64K	/usr/local/lib/node_modules/@earendil-works/pi-coding-agent/node_modules/@aws-crypto/sha256-browser/build/module
64K	/usr/local/lib/node_modules/@earendil-works/pi-coding-agent/node_modules/@aws-crypto/sha256-browser/build/main
132K	/usr/local/lib/node_modules/@earendil-works/pi-coding-agent/node_modules/@aws-crypto/sha256-browser/build
24K	/usr/local/lib/node_modules/@earendil-works/pi-coding-agent/node_modules/@aws-crypto/sha256-browser/src
196K	/usr/local/lib/node_modules/@earendil-works/pi-coding-agent/node_modules/@aws-crypto/sha256-browser
888K	/usr/local/lib/node_modules/@earendil-works/pi-coding-agent/node_modules/@aws-crypto
8.0K	/usr/local/lib/node_modules/@earendil-works/pi-coding-agent/node_modules/@babel/runtime/regenerator
532K	/usr/local/lib/node_modules/@earendil-works/pi-coding-agent/node_modules/@babel/runtime/helpers/esm
1.1M	/usr/local/lib/node_modules/@earendil-works/pi-coding-agent/node_modules/@babel/runtime/helpers
1.1M	/usr/local/lib/node_modules/@earendil-works/pi-coding-agent/node_modules/@babel/runtime
1.2M	/usr/local/lib/node_modules/@earendil-works/pi-coding-agent/node_modules/@babel
48K	/usr/local/lib/node_modules/@earendil-works/pi-coding-agent/node_modules/safe-buffer
16K	/usr/local/lib/node_modules/@earendil-works/pi-coding-agent/node_modules/cross-spawn/lib/util
28K	/usr/local/lib/node_modules/@earendil-works/pi-coding-agent/node_modules/cross-spawn/lib
52K	/usr/local/lib/node_modules/@earendil-works/pi-coding-agent/node_modules/cross-spawn
48K	/usr/local/lib/node_modules/@earendil-works/pi-coding-agent/node_modules/extend
200K	/usr/local/lib/node_modules/@earendil-works/pi-coding-agent/node_modules/undici-types
264K	/usr/local/lib/node_modules/@earendil-works/pi-coding-agent/node_modules/path-scurry/dist/esm
268K	/usr/local/lib/node_modules/@earendil-works/pi-coding-agent/node_modules/path-scurry/dist/commonjs
536K	/usr/local/lib/node_modules/@earendil-works/pi-coding-agent/node_modules/path-scurry/dist
572K	/usr/local/lib/node_modules/@earendil-works/pi-coding-agent/node_modules/path-scurry
32K	/usr/local/lib/node_modules/@earendil-works/pi-coding-agent/node_modules/strnum
24K	/usr/local/lib/node_modules/@earendil-works/pi-coding-agent/node_modules/proper-lockfile/lib
12K	/usr/local/lib/node_modules/@earendil-works/pi-coding-agent/node_modules/proper-lockfile/node_modules/retry/example
12K	/usr/local/lib/node_modules/@earendil-works/pi-coding-agent/node_modules/proper-lockfile/node_modules/retry/lib
24K	/usr/local/lib/node_modules/@earendil-works/pi-coding-agent/node_modules/proper-lockfile/node_modules/retry/test/integration
32K	/usr/local/lib/node_modules/@earendil-works/pi-coding-agent/node_modules/proper-lockfile/node_modules/retry/test
100K	/usr/local/lib/node_modules/@earendil-works/pi-coding-agent/node_modules/proper-lockfile/node_modules/retry
104K	/usr/local/lib/node_modules/@earendil-works/pi-coding-agent/node_modules/proper-lockfile/node_modules
156K	/usr/local/lib/node_modules/@earendil-works/pi-coding-agent/node_modules/proper-lockfile
40K	/usr/local/lib/node_modules/@earendil-works/pi-coding-agent/node_modules/brace-expansion/dist/esm
40K	/usr/local/lib/node_modules/@earendil-works/pi-coding-agent/node_modules/brace-expansion/dist/commonjs
84K	/usr/local/lib/node_modules/@earendil-works/pi-coding-agent/node_modules/brace-expansion/dist
100K	/usr/local/lib/node_modules/@earendil-works/pi-coding-agent/node_modules/brace-expansion
40K	/usr/local/lib/node_modules/@earendil-works/pi-coding-agent/node_modules/@opentelemetry/api/build/esm/common
88K	/usr/local/lib/node_modules/@earendil-works/pi-coding-agent/node_modules/@opentelemetry/api/build/esm/api
100K	/usr/local/lib/node_modules/@earendil-works/pi-coding-agent/node_modules/@opentelemetry/api/build/esm/metrics
28K	/usr/local/lib/node_modules/@earendil-works/pi-coding-agent/node_modules/@opentelemetry/api/build/esm/platform/browser
28K	/usr/local/lib/node_modules/@earendil-works/pi-coding-agent/node_modules/@opentelemetry/api/build/esm/platform/node
72K	/usr/local/lib/node_modules/@earendil-works/pi-coding-agent/node_modules/@opentelemetry/api/build/esm/platform
48K	/usr/local/lib/node_modules/@earendil-works/pi-coding-agent/node_modules/@opentelemetry/api/build/esm/trace/internal
328K	/usr/local/lib/node_modules/@earendil-works/pi-coding-agent/node_modules/@opentelemetry/api/build/esm/trace
36K	/usr/local/lib/node_modules/@earendil-works/pi-coding-agent/node_modules/@opentelemetry/api/build/esm/experimental/trace
52K	/usr/local/lib/node_modules/@earendil-works/pi-coding-agent/node_modules/@opentelemetry/api/build/esm/experimental
32K	/usr/local/lib/node_modules/@earendil-works/pi-coding-agent/node_modules/@opentelemetry/api/build/esm/propagation
28K	/usr/local/lib/node_modules/@earendil-works/pi-coding-agent/node_modules/@opentelemetry/api/build/esm/baggage/internal
68K	/usr/local/lib/node_modules/@earendil-works/pi-coding-agent/node_modules/@opentelemetry/api/build/esm/baggage
44K	/usr/local/lib/node_modules/@earendil-works/pi-coding-agent/node_modules/@opentelemetry/api/build/esm/context
40K	/usr/local/lib/node_modules/@earendil-works/pi-coding-agent/node_modules/@opentelemetry/api/build/esm/internal
28K	/usr/local/lib/node_modules/@earendil-works/pi-coding-agent/node_modules/@opentelemetry/api/build/esm/diag/internal
80K	/usr/local/lib/node_modules/@earendil-works/pi-coding-agent/node_modules/@opentelemetry/api/build/esm/diag
1.1M	/usr/local/lib/node_modules/@earendil-works/pi-coding-agent/node_modules/@opentelemetry/api/build/esm
40K	/usr/local/lib/node_modules/@earendil-works/pi-coding-agent/node_modules/@opentelemetry/api/build/esnext/common
80K	/usr/local/lib/node_modules/@earendil-works/pi-coding-agent/node_modules/@opentelemetry/api/build/esnext/api
96K	/usr/local/lib/node_modules/@earendil-works/pi-coding-agent/node_modules/@opentelemetry/api/build/esnext/metrics
28K	/usr/local/lib/node_modules/@earendil-works/pi-coding-agent/node_modules/@opentelemetry/api/build/esnext/platform/browser
28K	/usr/local/lib/node_modules/@earendil-works/pi-coding-agent/node_modules/@opentelemetry/api/build/esnext/platform/node
72K	/usr/local/lib/node_modules/@earendil-works/pi-coding-agent/node_modules/@opentelemetry/api/build/esnext/platform
44K	/usr/local/lib/node_modules/@earendil-works/pi-coding-agent/node_modules/@opentelemetry/api/build/esnext/trace/internal
324K	/usr/local/lib/node_modules/@earendil-works/pi-coding-agent/node_modules/@opentelemetry/api/build/esnext/trace
36K	/usr/local/lib/node_modules/@earendil-works/pi-coding-agent/node_modules/@opentelemetry/api/build/esnext/experimental/trace
52K	/usr/local/lib/node_modules/@earendil-works/pi-coding-agent/node_modules/@opentelemetry/api/build/esnext/experimental
32K	/usr/local/lib/node_modules/@earendil-works/pi-coding-agent/node_modules/@opentelemetry/api/build/esnext/propagation
28K	/usr/local/lib/node_modules/@earendil-works/pi-coding-agent/node_modules/@opentelemetry/api/build/esnext/baggage/internal
68K	/usr/local/lib/node_modules/@earendil-works/pi-coding-agent/node_modules/@opentelemetry/api/build/esnext/baggage
44K	/usr/local/lib/node_modules/@earendil-works/pi-coding-agent/node_modules/@opentelemetry/api/build/esnext/context
40K	/usr/local/lib/node_modules/@earendil-works/pi-coding-agent/node_modules/@opentelemetry/api/build/esnext/internal
28K	/usr/local/lib/node_modules/@earendil-works/pi-coding-agent/node_modules/@opentelemetry/api/build/esnext/diag/internal
80K	/usr/local/lib/node_modules/@earendil-works/pi-coding-agent/node_modules/@opentelemetry/api/build/esnext/diag
1020K	/usr/local/lib/node_modules/@earendil-works/pi-coding-agent/node_modules/@opentelemetry/api/build/esnext
40K	/usr/local/lib/node_modules/@earendil-works/pi-coding-agent/node_modules/@opentelemetry/api/build/src/common
84K	/usr/local/lib/node_modules/@earendil-works/pi-coding-agent/node_modules/@opentelemetry/api/build/src/api
100K	/usr/local/lib/node_modules/@earendil-works/pi-coding-agent/node_modules/@opentelemetry/api/build/src/metrics
28K	/usr/local/lib/node_modules/@earendil-works/pi-coding-agent/node_modules/@opentelemetry/api/build/src/platform/browser
28K	/usr/local/lib/node_modules/@earendil-works/pi-coding-agent/node_modules/@opentelemetry/api/build/src/platform/node
72K	/usr/local/lib/node_modules/@earendil-works/pi-coding-agent/node_modules/@opentelemetry/api/build/src/platform
44K	/usr/local/lib/node_modules/@earendil-works/pi-coding-agent/node_modules/@opentelemetry/api/build/src/trace/internal
324K	/usr/local/lib/node_modules/@earendil-works/pi-coding-agent/node_modules/@opentelemetry/api/build/src/trace
36K	/usr/local/lib/node_modules/@earendil-works/pi-coding-agent/node_modules/@opentelemetry/api/build/src/experimental/trace
52K	/usr/local/lib/node_modules/@earendil-works/pi-coding-agent/node_modules/@opentelemetry/api/build/src/experimental
32K	/usr/local/lib/node_modules/@earendil-works/pi-coding-agent/node_modules/@opentelemetry/api/build/src/propagation
28K	/usr/local/lib/node_modules/@earendil-works/pi-coding-agent/node_modules/@opentelemetry/api/build/src/baggage/internal
68K	/usr/local/lib/node_modules/@earendil-works/pi-coding-agent/node_modules/@opentelemetry/api/build/src/baggage
44K	/usr/local/lib/node_modules/@earendil-works/pi-coding-agent/node_modules/@opentelemetry/api/build/src/context
40K	/usr/local/lib/node_modules/@earendil-works/pi-coding-agent/node_modules/@opentelemetry/api/build/src/internal
28K	/usr/local/lib/node_modules/@earendil-works/pi-coding-agent/node_modules/@opentelemetry/api/build/src/diag/internal
80K	/usr/local/lib/node_modules/@earendil-works/pi-coding-agent/node_modules/@opentelemetry/api/build/src/diag
1.1M	/usr/local/lib/node_modules/@earendil-works/pi-coding-agent/node_modules/@opentelemetry/api/build/src
3.1M	/usr/local/lib/node_modules/@earendil-works/pi-coding-agent/node_modules/@opentelemetry/api/build
3.1M	/usr/local/lib/node_modules/@earendil-works/pi-coding-agent/node_modules/@opentelemetry/api
516K	/usr/local/lib/node_modules/@earendil-works/pi-coding-agent/node_modules/@opentelemetry/semantic-conventions/build/esm/trace
16K	/usr/local/lib/node_modules/@earendil-works/pi-coding-agent/node_modules/@opentelemetry/semantic-conventions/build/esm/internal
260K	/usr/local/lib/node_modules/@earendil-works/pi-coding-agent/node_modules/@opentelemetry/semantic-conventions/build/esm/resource
3.9M	/usr/local/lib/node_modules/@earendil-works/pi-coding-agent/node_modules/@opentelemetry/semantic-conventions/build/esm
516K	/usr/local/lib/node_modules/@earendil-works/pi-coding-agent/node_modules/@opentelemetry/semantic-conventions/build/esnext/trace
16K	/usr/local/lib/node_modules/@earendil-works/pi-coding-agent/node_modules/@opentelemetry/semantic-conventions/build/esnext/internal
260K	/usr/local/lib/node_modules/@earendil-works/pi-coding-agent/node_modules/@opentelemetry/semantic-conventions/build/esnext/resource
3.9M	/usr/local/lib/node_modules/@earendil-works/pi-coding-agent/node_modules/@opentelemetry/semantic-conventions/build/esnext
524K	/usr/local/lib/node_modules/@earendil-works/pi-coding-agent/node_modules/@opentelemetry/semantic-conventions/build/src/trace
16K	/usr/local/lib/node_modules/@earendil-works/pi-coding-agent/node_modules/@opentelemetry/semantic-conventions/build/src/internal
264K	/usr/local/lib/node_modules/@earendil-works/pi-coding-agent/node_modules/@opentelemetry/semantic-conventions/build/src/resource
4.0M	/usr/local/lib/node_modules/@earendil-works/pi-coding-agent/node_modules/@opentelemetry/semantic-conventions/build/src
12M	/usr/local/lib/node_modules/@earendil-works/pi-coding-agent/node_modules/@opentelemetry/semantic-conventions/build
12M	/usr/local/lib/node_modules/@earendil-works/pi-coding-agent/node_modules/@opentelemetry/semantic-conventions
15M	/usr/local/lib/node_modules/@earendil-works/pi-coding-agent/node_modules/@opentelemetry
24K	/usr/local/lib/node_modules/@earendil-works/pi-coding-agent/node_modules/path-key
32K	/usr/local/lib/node_modules/@earendil-works/pi-coding-agent/node_modules/debug/src
68K	/usr/local/lib/node_modules/@earendil-works/pi-coding-agent/node_modules/debug
20K	/usr/local/lib/node_modules/@earendil-works/pi-coding-agent/node_modules/gaxios/build/esm/system-test
140K	/usr/local/lib/node_modules/@earendil-works/pi-coding-agent/node_modules/gaxios/build/esm/src
28K	/usr/local/lib/node_modules/@earendil-works/pi-coding-agent/node_modules/gaxios/build/esm/browser-test
176K	/usr/local/lib/node_modules/@earendil-works/pi-coding-agent/node_modules/gaxios/build/esm/test
420K	/usr/local/lib/node_modules/@earendil-works/pi-coding-agent/node_modules/gaxios/build/esm
20K	/usr/local/lib/node_modules/@earendil-works/pi-coding-agent/node_modules/gaxios/build/cjs/system-test
140K	/usr/local/lib/node_modules/@earendil-works/pi-coding-agent/node_modules/gaxios/build/cjs/src
32K	/usr/local/lib/node_modules/@earendil-works/pi-coding-agent/node_modules/gaxios/build/cjs/browser-test
184K	/usr/local/lib/node_modules/@earendil-works/pi-coding-agent/node_modules/gaxios/build/cjs/test
428K	/usr/local/lib/node_modules/@earendil-works/pi-coding-agent/node_modules/gaxios/build/cjs
852K	/usr/local/lib/node_modules/@earendil-works/pi-coding-agent/node_modules/gaxios/build
880K	/usr/local/lib/node_modules/@earendil-works/pi-coding-agent/node_modules/gaxios
8.0K	/usr/local/lib/node_modules/@earendil-works/pi-coding-agent/node_modules/@aws/lambda-invoke-store/dist-es
12K	/usr/local/lib/node_modules/@earendil-works/pi-coding-agent/node_modules/@aws/lambda-invoke-store/dist-types
8.0K	/usr/local/lib/node_modules/@earendil-works/pi-coding-agent/node_modules/@aws/lambda-invoke-store/dist-cjs
56K	/usr/local/lib/node_modules/@earendil-works/pi-coding-agent/node_modules/@aws/lambda-invoke-store
60K	/usr/local/lib/node_modules/@earendil-works/pi-coding-agent/node_modules/@aws
60K	/usr/local/lib/node_modules/@earendil-works/pi-coding-agent/node_modules/fast-xml-builder/src
164K	/usr/local/lib/node_modules/@earendil-works/pi-coding-agent/node_modules/fast-xml-builder/lib
248K	/usr/local/lib/node_modules/@earendil-works/pi-coding-agent/node_modules/fast-xml-builder
56K	/usr/local/lib/node_modules/@earendil-works/pi-coding-agent/node_modules/path-expression-matcher/src
84K	/usr/local/lib/node_modules/@earendil-works/pi-coding-agent/node_modules/path-expression-matcher/lib
176K	/usr/local/lib/node_modules/@earendil-works/pi-coding-agent/node_modules/path-expression-matcher
36K	/usr/local/lib/node_modules/@earendil-works/pi-coding-agent/node_modules/hosted-git-info/lib
56K	/usr/local/lib/node_modules/@earendil-works/pi-coding-agent/node_modules/hosted-git-info
108K	/usr/local/lib/node_modules/@earendil-works/pi-coding-agent/node_modules/ts-algebra/lib/utils
96K	/usr/local/lib/node_modules/@earendil-works/pi-coding-agent/node_modules/ts-algebra/lib/meta-types/exclusion
88K	/usr/local/lib/node_modules/@earendil-works/pi-coding-agent/node_modules/ts-algebra/lib/meta-types/intersection
300K	/usr/local/lib/node_modules/@earendil-works/pi-coding-agent/node_modules/ts-algebra/lib/meta-types
420K	/usr/local/lib/node_modules/@earendil-works/pi-coding-agent/node_modules/ts-algebra/lib
476K	/usr/local/lib/node_modules/@earendil-works/pi-coding-agent/node_modules/ts-algebra
52K	/usr/local/lib/node_modules/@earendil-works/pi-coding-agent/node_modules/fetch-blob
28K	/usr/local/lib/node_modules/@earendil-works/pi-coding-agent/node_modules/signal-exit
36K	/usr/local/lib/node_modules/@earendil-works/pi-coding-agent/node_modules/partial-json/dist
56K	/usr/local/lib/node_modules/@earendil-works/pi-coding-agent/node_modules/partial-json
76K	/usr/local/lib/node_modules/@earendil-works/pi-coding-agent/node_modules/@nodable/entities/src
88K	/usr/local/lib/node_modules/@earendil-works/pi-coding-agent/node_modules/@nodable/entities
92K	/usr/local/lib/node_modules/@earendil-works/pi-coding-agent/node_modules/@nodable
20K	/usr/local/lib/node_modules/@earendil-works/pi-coding-agent/node_modules/chalk/source/vendor/ansi-styles
20K	/usr/local/lib/node_modules/@earendil-works/pi-coding-agent/node_modules/chalk/source/vendor/supports-color
44K	/usr/local/lib/node_modules/@earendil-works/pi-coding-agent/node_modules/chalk/source/vendor
68K	/usr/local/lib/node_modules/@earendil-works/pi-coding-agent/node_modules/chalk/source
92K	/usr/local/lib/node_modules/@earendil-works/pi-coding-agent/node_modules/chalk
12K	/usr/local/lib/node_modules/@earendil-works/pi-coding-agent/node_modules/node-fetch/@types
40K	/usr/local/lib/node_modules/@earendil-works/pi-coding-agent/node_modules/node-fetch/src/utils
16K	/usr/local/lib/node_modules/@earendil-works/pi-coding-agent/node_modules/node-fetch/src/errors
112K	/usr/local/lib/node_modules/@earendil-works/pi-coding-agent/node_modules/node-fetch/src
168K	/usr/local/lib/node_modules/@earendil-works/pi-coding-agent/node_modules/node-fetch
76K	/usr/local/lib/node_modules/@earendil-works/pi-coding-agent/node_modules/long/umd
168K	/usr/local/lib/node_modules/@earendil-works/pi-coding-agent/node_modules/long
155M	/usr/local/lib/node_modules/@earendil-works/pi-coding-agent/node_modules
169M	/usr/local/lib/node_modules/@earendil-works/pi-coding-agent
169M	/usr/local/lib/node_modules/@earendil-works
169M	/usr/local/lib/node_modules
169M	/usr/local/lib
4.0K	/usr/local/include
169M	/usr/local
8.0K	/usr/lib/binfmt.d
12K	/usr/lib/pcrlock.d/400-secureboot-separator.pcrlock.d
12K	/usr/lib/pcrlock.d/500-separator.pcrlock.d
12K	/usr/lib/pcrlock.d/700-action-efi-exit-boot-services.pcrlock.d
68K	/usr/lib/pcrlock.d
4.0K	/usr/lib/linux/triggers
8.0K	/usr/lib/linux
76K	/usr/lib/update-notifier
112K	/usr/lib/git-core/mergetools
11M	/usr/lib/git-core
8.0K	/usr/lib/dracut/dracut.conf.d
8.0K	/usr/lib/dracut/modules.d/90bcache
12K	/usr/lib/dracut/modules.d
92K	/usr/lib/dracut
44K	/usr/lib/mime/packages
56K	/usr/lib/mime
8.0K	/usr/lib/initcpio/install
12K	/usr/lib/initcpio
8.0K	/usr/lib/scripts
140K	/usr/lib/aarch64-linux-gnu/libfakeroot
580K	/usr/lib/aarch64-linux-gnu/gprofng
3.1M	/usr/lib/aarch64-linux-gnu/ldscripts
588K	/usr/lib/aarch64-linux-gnu/gstreamer1.0/gstreamer-1.0
592K	/usr/lib/aarch64-linux-gnu/gstreamer1.0
88K	/usr/lib/aarch64-linux-gnu/perl/5.38.2/sys
52K	/usr/lib/aarch64-linux-gnu/perl/5.38.2/Data
20K	/usr/lib/aarch64-linux-gnu/perl/5.38.2/linux
28K	/usr/lib/aarch64-linux-gnu/perl/5.38.2/threads
72K	/usr/lib/aarch64-linux-gnu/perl/5.38.2/auto/NDBM_File
72K	/usr/lib/aarch64-linux-gnu/perl/5.38.2/auto/mro
72K	/usr/lib/aarch64-linux-gnu/perl/5.38.2/auto/Data/Dumper
76K	/usr/lib/aarch64-linux-gnu/perl/5.38.2/auto/Data
72K	/usr/lib/aarch64-linux-gnu/perl/5.38.2/auto/ODBM_File
72K	/usr/lib/aarch64-linux-gnu/perl/5.38.2/auto/threads/shared
144K	/usr/lib/aarch64-linux-gnu/perl/5.38.2/auto/threads
72K	/usr/lib/aarch64-linux-gnu/perl/5.38.2/auto/IPC/SysV
76K	/usr/lib/aarch64-linux-gnu/perl/5.38.2/auto/IPC
72K	/usr/lib/aarch64-linux-gnu/perl/5.38.2/auto/DB_File
72K	/usr/lib/aarch64-linux-gnu/perl/5.38.2/auto/Opcode
72K	/usr/lib/aarch64-linux-gnu/perl/5.38.2/auto/Cwd
72K	/usr/lib/aarch64-linux-gnu/perl/5.38.2/auto/PerlIO/encoding
72K	/usr/lib/aarch64-linux-gnu/perl/5.38.2/auto/PerlIO/mmap
72K	/usr/lib/aarch64-linux-gnu/perl/5.38.2/auto/PerlIO/via
72K	/usr/lib/aarch64-linux-gnu/perl/5.38.2/auto/PerlIO/scalar
292K	/usr/lib/aarch64-linux-gnu/perl/5.38.2/auto/PerlIO
72K	/usr/lib/aarch64-linux-gnu/perl/5.38.2/auto/Devel/Peek
76K	/usr/lib/aarch64-linux-gnu/perl/5.38.2/auto/Devel
72K	/usr/lib/aarch64-linux-gnu/perl/5.38.2/auto/Time/Piece
72K	/usr/lib/aarch64-linux-gnu/perl/5.38.2/auto/Time/HiRes
148K	/usr/lib/aarch64-linux-gnu/perl/5.38.2/auto/Time
136K	/usr/lib/aarch64-linux-gnu/perl/5.38.2/auto/POSIX
72K	/usr/lib/aarch64-linux-gnu/perl/5.38.2/auto/GDBM_File
652K	/usr/lib/aarch64-linux-gnu/perl/5.38.2/auto/re
72K	/usr/lib/aarch64-linux-gnu/perl/5.38.2/auto/Compress/Raw/Zlib
72K	/usr/lib/aarch64-linux-gnu/perl/5.38.2/auto/Compress/Raw/Bzip2
148K	/usr/lib/aarch64-linux-gnu/perl/5.38.2/auto/Compress/Raw
152K	/usr/lib/aarch64-linux-gnu/perl/5.38.2/auto/Compress
72K	/usr/lib/aarch64-linux-gnu/perl/5.38.2/auto/Encode/Symbol
2.7M	/usr/lib/aarch64-linux-gnu/perl/5.38.2/auto/Encode/JP
2.0M	/usr/lib/aarch64-linux-gnu/perl/5.38.2/auto/Encode/TW
392K	/usr/lib/aarch64-linux-gnu/perl/5.38.2/auto/Encode/Byte
2.4M	/usr/lib/aarch64-linux-gnu/perl/5.38.2/auto/Encode/KR
72K	/usr/lib/aarch64-linux-gnu/perl/5.38.2/auto/Encode/Unicode
72K	/usr/lib/aarch64-linux-gnu/perl/5.38.2/auto/Encode/EBCDIC
2.1M	/usr/lib/aarch64-linux-gnu/perl/5.38.2/auto/Encode/CN
9.6M	/usr/lib/aarch64-linux-gnu/perl/5.38.2/auto/Encode
1.7M	/usr/lib/aarch64-linux-gnu/perl/5.38.2/auto/Unicode/Collate
640K	/usr/lib/aarch64-linux-gnu/perl/5.38.2/auto/Unicode/Normalize
2.4M	/usr/lib/aarch64-linux-gnu/perl/5.38.2/auto/Unicode
72K	/usr/lib/aarch64-linux-gnu/perl/5.38.2/auto/Math/BigInt/FastCalc
76K	/usr/lib/aarch64-linux-gnu/perl/5.38.2/auto/Math/BigInt
80K	/usr/lib/aarch64-linux-gnu/perl/5.38.2/auto/Math
72K	/usr/lib/aarch64-linux-gnu/perl/5.38.2/auto/Digest/MD5
72K	/usr/lib/aarch64-linux-gnu/perl/5.38.2/auto/Digest/SHA
148K	/usr/lib/aarch64-linux-gnu/perl/5.38.2/auto/Digest
72K	/usr/lib/aarch64-linux-gnu/perl/5.38.2/auto/I18N/Langinfo
76K	/usr/lib/aarch64-linux-gnu/perl/5.38.2/auto/I18N
72K	/usr/lib/aarch64-linux-gnu/perl/5.38.2/auto/MIME/Base64
76K	/usr/lib/aarch64-linux-gnu/perl/5.38.2/auto/MIME
136K	/usr/lib/aarch64-linux-gnu/perl/5.38.2/auto/Storable
136K	/usr/lib/aarch64-linux-gnu/perl/5.38.2/auto/B
72K	/usr/lib/aarch64-linux-gnu/perl/5.38.2/auto/Hash/Util/FieldHash
144K	/usr/lib/aarch64-linux-gnu/perl/5.38.2/auto/Hash/Util
148K	/usr/lib/aarch64-linux-gnu/perl/5.38.2/auto/Hash
72K	/usr/lib/aarch64-linux-gnu/perl/5.38.2/auto/SDBM_File
72K	/usr/lib/aarch64-linux-gnu/perl/5.38.2/auto/File/DosGlob
72K	/usr/lib/aarch64-linux-gnu/perl/5.38.2/auto/File/Glob
148K	/usr/lib/aarch64-linux-gnu/perl/5.38.2/auto/File
72K	/usr/lib/aarch64-linux-gnu/perl/5.38.2/auto/IO
72K	/usr/lib/aarch64-linux-gnu/perl/5.38.2/auto/Fcntl
72K	/usr/lib/aarch64-linux-gnu/perl/5.38.2/auto/Sys/Syslog
72K	/usr/lib/aarch64-linux-gnu/perl/5.38.2/auto/Sys/Hostname
148K	/usr/lib/aarch64-linux-gnu/perl/5.38.2/auto/Sys
72K	/usr/lib/aarch64-linux-gnu/perl/5.38.2/auto/attributes
72K	/usr/lib/aarch64-linux-gnu/perl/5.38.2/auto/Socket
72K	/usr/lib/aarch64-linux-gnu/perl/5.38.2/auto/Filter/Util/Call
76K	/usr/lib/aarch64-linux-gnu/perl/5.38.2/auto/Filter/Util
80K	/usr/lib/aarch64-linux-gnu/perl/5.38.2/auto/Filter
72K	/usr/lib/aarch64-linux-gnu/perl/5.38.2/auto/List/Util
76K	/usr/lib/aarch64-linux-gnu/perl/5.38.2/auto/List
16M	/usr/lib/aarch64-linux-gnu/perl/5.38.2/auto
36K	/usr/lib/aarch64-linux-gnu/perl/5.38.2/IPC
24K	/usr/lib/aarch64-linux-gnu/perl/5.38.2/PerlIO
644K	/usr/lib/aarch64-linux-gnu/perl/5.38.2/Devel
72K	/usr/lib/aarch64-linux-gnu/perl/5.38.2/Time
12K	/usr/lib/aarch64-linux-gnu/perl/5.38.2/Sub
64K	/usr/lib/aarch64-linux-gnu/perl/5.38.2/Compress/Raw
68K	/usr/lib/aarch64-linux-gnu/perl/5.38.2/Compress
20K	/usr/lib/aarch64-linux-gnu/perl/5.38.2/Encode/JP
8.0K	/usr/lib/aarch64-linux-gnu/perl/5.38.2/Encode/KR
8.0K	/usr/lib/aarch64-linux-gnu/perl/5.38.2/Encode/Unicode
8.0K	/usr/lib/aarch64-linux-gnu/perl/5.38.2/Encode/MIME/Header
36K	/usr/lib/aarch64-linux-gnu/perl/5.38.2/Encode/MIME
12K	/usr/lib/aarch64-linux-gnu/perl/5.38.2/Encode/CN
204K	/usr/lib/aarch64-linux-gnu/perl/5.38.2/Encode
24K	/usr/lib/aarch64-linux-gnu/perl/5.38.2/Unicode/Collate
116K	/usr/lib/aarch64-linux-gnu/perl/5.38.2/Unicode
16K	/usr/lib/aarch64-linux-gnu/perl/5.38.2/Scalar
12K	/usr/lib/aarch64-linux-gnu/perl/5.38.2/Math/BigInt
16K	/usr/lib/aarch64-linux-gnu/perl/5.38.2/Math
40K	/usr/lib/aarch64-linux-gnu/perl/5.38.2/Digest
4.0K	/usr/lib/aarch64-linux-gnu/perl/5.38.2/machine
12K	/usr/lib/aarch64-linux-gnu/perl/5.38.2/I18N
8.3M	/usr/lib/aarch64-linux-gnu/perl/5.38.2/CORE
16K	/usr/lib/aarch64-linux-gnu/perl/5.38.2/MIME
12K	/usr/lib/aarch64-linux-gnu/perl/5.38.2/gnu
92K	/usr/lib/aarch64-linux-gnu/perl/5.38.2/B
92K	/usr/lib/aarch64-linux-gnu/perl/5.38.2/asm-generic
36K	/usr/lib/aarch64-linux-gnu/perl/5.38.2/Hash/Util
68K	/usr/lib/aarch64-linux-gnu/perl/5.38.2/Hash
4.0K	/usr/lib/aarch64-linux-gnu/perl/5.38.2/bits/linux
80K	/usr/lib/aarch64-linux-gnu/perl/5.38.2/bits/types
476K	/usr/lib/aarch64-linux-gnu/perl/5.38.2/bits
96K	/usr/lib/aarch64-linux-gnu/perl/5.38.2/File/Spec
136K	/usr/lib/aarch64-linux-gnu/perl/5.38.2/File
24K	/usr/lib/aarch64-linux-gnu/perl/5.38.2/IO/Socket
124K	/usr/lib/aarch64-linux-gnu/perl/5.38.2/IO
56K	/usr/lib/aarch64-linux-gnu/perl/5.38.2/asm
56K	/usr/lib/aarch64-linux-gnu/perl/5.38.2/Sys
20K	/usr/lib/aarch64-linux-gnu/perl/5.38.2/Filter/Util
24K	/usr/lib/aarch64-linux-gnu/perl/5.38.2/Filter
8.0K	/usr/lib/aarch64-linux-gnu/perl/5.38.2/List/Util
40K	/usr/lib/aarch64-linux-gnu/perl/5.38.2/List
28M	/usr/lib/aarch64-linux-gnu/perl/5.38.2
4.0K	/usr/lib/aarch64-linux-gnu/perl/cross-config-5.38.2
56K	/usr/lib/aarch64-linux-gnu/perl/debian-config-data-5.38.2
28M	/usr/lib/aarch64-linux-gnu/perl
672K	/usr/lib/aarch64-linux-gnu/packagekit-backend
72K	/usr/lib/aarch64-linux-gnu/perl-base/auto/Cwd
136K	/usr/lib/aarch64-linux-gnu/perl-base/auto/POSIX
652K	/usr/lib/aarch64-linux-gnu/perl-base/auto/re
72K	/usr/lib/aarch64-linux-gnu/perl-base/auto/Hash/Util
76K	/usr/lib/aarch64-linux-gnu/perl-base/auto/Hash
72K	/usr/lib/aarch64-linux-gnu/perl-base/auto/File/Glob
76K	/usr/lib/aarch64-linux-gnu/perl-base/auto/File
72K	/usr/lib/aarch64-linux-gnu/perl-base/auto/IO
72K	/usr/lib/aarch64-linux-gnu/perl-base/auto/Fcntl
72K	/usr/lib/aarch64-linux-gnu/perl-base/auto/attributes
72K	/usr/lib/aarch64-linux-gnu/perl-base/auto/Socket
72K	/usr/lib/aarch64-linux-gnu/perl-base/auto/List/Util
76K	/usr/lib/aarch64-linux-gnu/perl-base/auto/List
1.4M	/usr/lib/aarch64-linux-gnu/perl-base/auto
20K	/usr/lib/aarch64-linux-gnu/perl-base/IPC
20K	/usr/lib/aarch64-linux-gnu/perl-base/Text
8.0K	/usr/lib/aarch64-linux-gnu/perl-base/warnings
8.0K	/usr/lib/aarch64-linux-gnu/perl-base/Carp
12K	/usr/lib/aarch64-linux-gnu/perl-base/Exporter
48K	/usr/lib/aarch64-linux-gnu/perl-base/Getopt
8.0K	/usr/lib/aarch64-linux-gnu/perl-base/Scalar
1020K	/usr/lib/aarch64-linux-gnu/perl-base/unicore/To
16K	/usr/lib/aarch64-linux-gnu/perl-base/unicore/lib/IDC
104K	/usr/lib/aarch64-linux-gnu/perl-base/unicore/lib/InSC
100K	/usr/lib/aarch64-linux-gnu/perl-base/unicore/lib/Age
8.0K	/usr/lib/aarch64-linux-gnu/perl-base/unicore/lib/PCM
36K	/usr/lib/aarch64-linux-gnu/perl-base/unicore/lib/Jt
160K	/usr/lib/aarch64-linux-gnu/perl-base/unicore/lib/Perl
16K	/usr/lib/aarch64-linux-gnu/perl-base/unicore/lib/GrBase
132K	/usr/lib/aarch64-linux-gnu/perl-base/unicore/lib/Sc
8.0K	/usr/lib/aarch64-linux-gnu/perl-base/unicore/lib/UIdeo
272K	/usr/lib/aarch64-linux-gnu/perl-base/unicore/lib/Nv
8.0K	/usr/lib/aarch64-linux-gnu/perl-base/unicore/lib/Term
8.0K	/usr/lib/aarch64-linux-gnu/perl-base/unicore/lib/EBase
12K	/usr/lib/aarch64-linux-gnu/perl-base/unicore/lib/XIDS
64K	/usr/lib/aarch64-linux-gnu/perl-base/unicore/lib/Bc
16K	/usr/lib/aarch64-linux-gnu/perl-base/unicore/lib/Bpt
20K	/usr/lib/aarch64-linux-gnu/perl-base/unicore/lib/NFKDQC
8.0K	/usr/lib/aarch64-linux-gnu/perl-base/unicore/lib/Cased
12K	/usr/lib/aarch64-linux-gnu/perl-base/unicore/lib/NFDQC
8.0K	/usr/lib/aarch64-linux-gnu/perl-base/unicore/lib/CompEx
8.0K	/usr/lib/aarch64-linux-gnu/perl-base/unicore/lib/Emoji
16K	/usr/lib/aarch64-linux-gnu/perl-base/unicore/lib/CWKCF
8.0K	/usr/lib/aarch64-linux-gnu/perl-base/unicore/lib/STerm
100K	/usr/lib/aarch64-linux-gnu/perl-base/unicore/lib/Lb
8.0K	/usr/lib/aarch64-linux-gnu/perl-base/unicore/lib/ExtPict
12K	/usr/lib/aarch64-linux-gnu/perl-base/unicore/lib/GrExt
12K	/usr/lib/aarch64-linux-gnu/perl-base/unicore/lib/IDS
8.0K	/usr/lib/aarch64-linux-gnu/perl-base/unicore/lib/EPres
16K	/usr/lib/aarch64-linux-gnu/perl-base/unicore/lib/XIDC
12K	/usr/lib/aarch64-linux-gnu/perl-base/unicore/lib/CWL
8.0K	/usr/lib/aarch64-linux-gnu/perl-base/unicore/lib/QMark
12K	/usr/lib/aarch64-linux-gnu/perl-base/unicore/lib/CI
8.0K	/usr/lib/aarch64-linux-gnu/perl-base/unicore/lib/DI
8.0K	/usr/lib/aarch64-linux-gnu/perl-base/unicore/lib/PatSyn
16K	/usr/lib/aarch64-linux-gnu/perl-base/unicore/lib/Alpha
8.0K	/usr/lib/aarch64-linux-gnu/perl-base/unicore/lib/VS
64K	/usr/lib/aarch64-linux-gnu/perl-base/unicore/lib/IdType
8.0K	/usr/lib/aarch64-linux-gnu/perl-base/unicore/lib/BidiM
12K	/usr/lib/aarch64-linux-gnu/perl-base/unicore/lib/CWT
48K	/usr/lib/aarch64-linux-gnu/perl-base/unicore/lib/GCB
12K	/usr/lib/aarch64-linux-gnu/perl-base/unicore/lib/NFKCQC
60K	/usr/lib/aarch64-linux-gnu/perl-base/unicore/lib/Dt
8.0K	/usr/lib/aarch64-linux-gnu/perl-base/unicore/lib/Math
8.0K	/usr/lib/aarch64-linux-gnu/perl-base/unicore/lib/Hst
12K	/usr/lib/aarch64-linux-gnu/perl-base/unicore/lib/CWU
8.0K	/usr/lib/aarch64-linux-gnu/perl-base/unicore/lib/Dep
8.0K	/usr/lib/aarch64-linux-gnu/perl-base/unicore/lib/CE
48K	/usr/lib/aarch64-linux-gnu/perl-base/unicore/lib/Ccc
12K	/usr/lib/aarch64-linux-gnu/perl-base/unicore/lib/Upper
8.0K	/usr/lib/aarch64-linux-gnu/perl-base/unicore/lib/Dash
8.0K	/usr/lib/aarch64-linux-gnu/perl-base/unicore/lib/Ext
8.0K	/usr/lib/aarch64-linux-gnu/perl-base/unicore/lib/Ideo
12K	/usr/lib/aarch64-linux-gnu/perl-base/unicore/lib/NFCQC
20K	/usr/lib/aarch64-linux-gnu/perl-base/unicore/lib/IdStatus
16K	/usr/lib/aarch64-linux-gnu/perl-base/unicore/lib/Nt
8.0K	/usr/lib/aarch64-linux-gnu/perl-base/unicore/lib/BidiC
8.0K	/usr/lib/aarch64-linux-gnu/perl-base/unicore/lib/EComp
168K	/usr/lib/aarch64-linux-gnu/perl-base/unicore/lib/Gc
72K	/usr/lib/aarch64-linux-gnu/perl-base/unicore/lib/SB
8.0K	/usr/lib/aarch64-linux-gnu/perl-base/unicore/lib/Blk
8.0K	/usr/lib/aarch64-linux-gnu/perl-base/unicore/lib/Dia
84K	/usr/lib/aarch64-linux-gnu/perl-base/unicore/lib/Jg
8.0K	/usr/lib/aarch64-linux-gnu/perl-base/unicore/lib/CWCM
8.0K	/usr/lib/aarch64-linux-gnu/perl-base/unicore/lib/Hyphen
300K	/usr/lib/aarch64-linux-gnu/perl-base/unicore/lib/Scx
12K	/usr/lib/aarch64-linux-gnu/perl-base/unicore/lib/Lower
8.0K	/usr/lib/aarch64-linux-gnu/perl-base/unicore/lib/SD
20K	/usr/lib/aarch64-linux-gnu/perl-base/unicore/lib/Vo
56K	/usr/lib/aarch64-linux-gnu/perl-base/unicore/lib/InPC
8.0K	/usr/lib/aarch64-linux-gnu/perl-base/unicore/lib/Hex
24K	/usr/lib/aarch64-linux-gnu/perl-base/unicore/lib/Ea
212K	/usr/lib/aarch64-linux-gnu/perl-base/unicore/lib/In
12K	/usr/lib/aarch64-linux-gnu/perl-base/unicore/lib/CWCF
64K	/usr/lib/aarch64-linux-gnu/perl-base/unicore/lib/WB
2.7M	/usr/lib/aarch64-linux-gnu/perl-base/unicore/lib
3.7M	/usr/lib/aarch64-linux-gnu/perl-base/unicore
16K	/usr/lib/aarch64-linux-gnu/perl-base/Hash
16K	/usr/lib/aarch64-linux-gnu/perl-base/File/Spec
144K	/usr/lib/aarch64-linux-gnu/perl-base/File
40K	/usr/lib/aarch64-linux-gnu/perl-base/IO/Socket
84K	/usr/lib/aarch64-linux-gnu/perl-base/IO
8.0K	/usr/lib/aarch64-linux-gnu/perl-base/Tie
8.0K	/usr/lib/aarch64-linux-gnu/perl-base/List
5.8M	/usr/lib/aarch64-linux-gnu/perl-base
72K	/usr/lib/aarch64-linux-gnu/utempter
12M	/usr/lib/aarch64-linux-gnu/ceph
136K	/usr/lib/aarch64-linux-gnu/ossl-modules
344K	/usr/lib/aarch64-linux-gnu/device-mapper
208K	/usr/lib/aarch64-linux-gnu/cryptsetup
752K	/usr/lib/aarch64-linux-gnu/gdk-pixbuf-2.0/2.10.0/loaders
760K	/usr/lib/aarch64-linux-gnu/gdk-pixbuf-2.0/2.10.0
832K	/usr/lib/aarch64-linux-gnu/gdk-pixbuf-2.0
12K	/usr/lib/aarch64-linux-gnu/e2fsprogs
208K	/usr/lib/aarch64-linux-gnu/libheif/plugins
212K	/usr/lib/aarch64-linux-gnu/libheif
4.0K	/usr/lib/aarch64-linux-gnu/ModemManager/connection.d
3.6M	/usr/lib/aarch64-linux-gnu/ModemManager
596K	/usr/lib/aarch64-linux-gnu/gstreamer-1.0
820K	/usr/lib/aarch64-linux-gnu/gawk
2.7M	/usr/lib/aarch64-linux-gnu/libgphoto2/2.5.31
2.7M	/usr/lib/aarch64-linux-gnu/libgphoto2
20K	/usr/lib/aarch64-linux-gnu/avahi
4.0K	/usr/lib/aarch64-linux-gnu/ldb/modules/ldb
8.0K	/usr/lib/aarch64-linux-gnu/ldb/modules
12K	/usr/lib/aarch64-linux-gnu/ldb
60K	/usr/lib/aarch64-linux-gnu/gconv/gconv-modules.d
20M	/usr/lib/aarch64-linux-gnu/gconv
2.5M	/usr/lib/aarch64-linux-gnu/rsyslog
932K	/usr/lib/aarch64-linux-gnu/NetworkManager/1.46.0
1004K	/usr/lib/aarch64-linux-gnu/NetworkManager
72K	/usr/lib/aarch64-linux-gnu/audit
204K	/usr/lib/aarch64-linux-gnu/open-vm-tools/plugins/common
688K	/usr/lib/aarch64-linux-gnu/open-vm-tools/plugins/vmsvc
896K	/usr/lib/aarch64-linux-gnu/open-vm-tools/plugins
900K	/usr/lib/aarch64-linux-gnu/open-vm-tools
28K	/usr/lib/aarch64-linux-gnu/pkgconfig
72K	/usr/lib/aarch64-linux-gnu/rsocket
3.7M	/usr/lib/aarch64-linux-gnu/security
1.4M	/usr/lib/aarch64-linux-gnu/samba/service
4.1M	/usr/lib/aarch64-linux-gnu/samba/ldb
72K	/usr/lib/aarch64-linux-gnu/samba/auth
72K	/usr/lib/aarch64-linux-gnu/samba/gensec
3.2M	/usr/lib/aarch64-linux-gnu/samba/vfs
140K	/usr/lib/aarch64-linux-gnu/samba/process_model
412K	/usr/lib/aarch64-linux-gnu/samba/bind9
30M	/usr/lib/aarch64-linux-gnu/samba
72K	/usr/lib/aarch64-linux-gnu/perl5/5.38/auto/Term/ReadKey
76K	/usr/lib/aarch64-linux-gnu/perl5/5.38/auto/Term
72K	/usr/lib/aarch64-linux-gnu/perl5/5.38/auto/Text/CharWidth
76K	/usr/lib/aarch64-linux-gnu/perl5/5.38/auto/Text/Iconv
152K	/usr/lib/aarch64-linux-gnu/perl5/5.38/auto/Text
72K	/usr/lib/aarch64-linux-gnu/perl5/5.38/auto/Params/Util
76K	/usr/lib/aarch64-linux-gnu/perl5/5.38/auto/Params
72K	/usr/lib/aarch64-linux-gnu/perl5/5.38/auto/Class/XSAccessor
76K	/usr/lib/aarch64-linux-gnu/perl5/5.38/auto/Class
8.0K	/usr/lib/aarch64-linux-gnu/perl5/5.38/auto/Proc/ProcessTable/Process
80K	/usr/lib/aarch64-linux-gnu/perl5/5.38/auto/Proc/ProcessTable
84K	/usr/lib/aarch64-linux-gnu/perl5/5.38/auto/Proc
136K	/usr/lib/aarch64-linux-gnu/perl5/5.38/auto/XML/Parser/Expat
140K	/usr/lib/aarch64-linux-gnu/perl5/5.38/auto/XML/Parser
144K	/usr/lib/aarch64-linux-gnu/perl5/5.38/auto/XML
72K	/usr/lib/aarch64-linux-gnu/perl5/5.38/auto/Algorithm/Diff/XS
76K	/usr/lib/aarch64-linux-gnu/perl5/5.38/auto/Algorithm/Diff
80K	/usr/lib/aarch64-linux-gnu/perl5/5.38/auto/Algorithm
72K	/usr/lib/aarch64-linux-gnu/perl5/5.38/auto/HTML/Parser
76K	/usr/lib/aarch64-linux-gnu/perl5/5.38/auto/HTML
76K	/usr/lib/aarch64-linux-gnu/perl5/5.38/auto/Clone
956K	/usr/lib/aarch64-linux-gnu/perl5/5.38/auto/Net/SSLeay
136K	/usr/lib/aarch64-linux-gnu/perl5/5.38/auto/Net/DBus
1.1M	/usr/lib/aarch64-linux-gnu/perl5/5.38/auto/Net
72K	/usr/lib/aarch64-linux-gnu/perl5/5.38/auto/Locale/gettext
72K	/usr/lib/aarch64-linux-gnu/perl5/5.38/auto/Locale/gettext_xs
148K	/usr/lib/aarch64-linux-gnu/perl5/5.38/auto/Locale
72K	/usr/lib/aarch64-linux-gnu/perl5/5.38/auto/File/FcntlLock
76K	/usr/lib/aarch64-linux-gnu/perl5/5.38/auto/File
136K	/usr/lib/aarch64-linux-gnu/perl5/5.38/auto/List/MoreUtils/XS
140K	/usr/lib/aarch64-linux-gnu/perl5/5.38/auto/List/MoreUtils
144K	/usr/lib/aarch64-linux-gnu/perl5/5.38/auto/List
2.3M	/usr/lib/aarch64-linux-gnu/perl5/5.38/auto
20K	/usr/lib/aarch64-linux-gnu/perl5/5.38/Term
16K	/usr/lib/aarch64-linux-gnu/perl5/5.38/Text
12K	/usr/lib/aarch64-linux-gnu/perl5/5.38/Params/Util
32K	/usr/lib/aarch64-linux-gnu/perl5/5.38/Params
20K	/usr/lib/aarch64-linux-gnu/perl5/5.38/Class/XSAccessor
36K	/usr/lib/aarch64-linux-gnu/perl5/5.38/Class
12K	/usr/lib/aarch64-linux-gnu/perl5/5.38/Proc/ProcessTable
32K	/usr/lib/aarch64-linux-gnu/perl5/5.38/Proc
356K	/usr/lib/aarch64-linux-gnu/perl5/5.38/XML/Parser/Encodings
24K	/usr/lib/aarch64-linux-gnu/perl5/5.38/XML/Parser/Style
424K	/usr/lib/aarch64-linux-gnu/perl5/5.38/XML/Parser
456K	/usr/lib/aarch64-linux-gnu/perl5/5.38/XML
8.0K	/usr/lib/aarch64-linux-gnu/perl5/5.38/Algorithm/Diff
12K	/usr/lib/aarch64-linux-gnu/perl5/5.38/Algorithm
104K	/usr/lib/aarch64-linux-gnu/perl5/5.38/HTML
16K	/usr/lib/aarch64-linux-gnu/perl5/5.38/Net/SSLeay
20K	/usr/lib/aarch64-linux-gnu/perl5/5.38/Net/DBus/Binding/Message
140K	/usr/lib/aarch64-linux-gnu/perl5/5.38/Net/DBus/Binding
64K	/usr/lib/aarch64-linux-gnu/perl5/5.38/Net/DBus/Test
24K	/usr/lib/aarch64-linux-gnu/perl5/5.38/Net/DBus/Tutorial
372K	/usr/lib/aarch64-linux-gnu/perl5/5.38/Net/DBus
880K	/usr/lib/aarch64-linux-gnu/perl5/5.38/Net
12K	/usr/lib/aarch64-linux-gnu/perl5/5.38/Locale
68K	/usr/lib/aarch64-linux-gnu/perl5/5.38/File/FcntlLock
88K	/usr/lib/aarch64-linux-gnu/perl5/5.38/File
8.0K	/usr/lib/aarch64-linux-gnu/perl5/5.38/List/MoreUtils
12K	/usr/lib/aarch64-linux-gnu/perl5/5.38/List
4.0M	/usr/lib/aarch64-linux-gnu/perl5/5.38
4.0M	/usr/lib/aarch64-linux-gnu/perl5
548K	/usr/lib/aarch64-linux-gnu/sasl2
208K	/usr/lib/aarch64-linux-gnu/colord-plugins
72K	/usr/lib/aarch64-linux-gnu/bluetooth/plugins
76K	/usr/lib/aarch64-linux-gnu/bluetooth
7.8M	/usr/lib/aarch64-linux-gnu/xtables
15M	/usr/lib/aarch64-linux-gnu/sane
72K	/usr/lib/aarch64-linux-gnu/dhcpcd/dev
76K	/usr/lib/aarch64-linux-gnu/dhcpcd
19M	/usr/lib/aarch64-linux-gnu/dri
412K	/usr/lib/aarch64-linux-gnu/libgphoto2_port/0.12.2
416K	/usr/lib/aarch64-linux-gnu/libgphoto2_port
140K	/usr/lib/aarch64-linux-gnu/libv4lconvert0
824K	/usr/lib/aarch64-linux-gnu/traceevent/plugins
828K	/usr/lib/aarch64-linux-gnu/traceevent
5.9M	/usr/lib/aarch64-linux-gnu/systemd
140K	/usr/lib/aarch64-linux-gnu/awk
208K	/usr/lib/aarch64-linux-gnu/glib-2.0
208K	/usr/lib/aarch64-linux-gnu/engines-3
72K	/usr/lib/aarch64-linux-gnu/libproxy
344K	/usr/lib/aarch64-linux-gnu/gio/modules
348K	/usr/lib/aarch64-linux-gnu/gio
236K	/usr/lib/aarch64-linux-gnu/tc
716K	/usr/lib/aarch64-linux-gnu/girepository-1.0
888K	/usr/lib/aarch64-linux-gnu/libibverbs
72K	/usr/lib/aarch64-linux-gnu/libv4l/plugins
212K	/usr/lib/aarch64-linux-gnu/libv4l
276K	/usr/lib/aarch64-linux-gnu/colord-sensors
42M	/usr/lib/aarch64-linux-gnu/libmali-x11
140K	/usr/lib/aarch64-linux-gnu/plymouth/renderers
548K	/usr/lib/aarch64-linux-gnu/plymouth
72K	/usr/lib/aarch64-linux-gnu/bfd-plugins
136K	/usr/lib/aarch64-linux-gnu/krb5/plugins/preauth
4.0K	/usr/lib/aarch64-linux-gnu/krb5/plugins/libkrb5
144K	/usr/lib/aarch64-linux-gnu/krb5/plugins
148K	/usr/lib/aarch64-linux-gnu/krb5
796M	/usr/lib/aarch64-linux-gnu
36K	/usr/lib/byobu/include/__pycache__
124K	/usr/lib/byobu/include
300K	/usr/lib/byobu
2.4M	/usr/lib/klibc/bin
2.4M	/usr/lib/klibc
124K	/usr/lib/ubuntu-advantage
28K	/usr/lib/ufw
12K	/usr/lib/emacsen-common/packages/remove
12K	/usr/lib/emacsen-common/packages/compat
12K	/usr/lib/emacsen-common/packages/install
40K	/usr/lib/emacsen-common/packages
68K	/usr/lib/emacsen-common
96K	/usr/lib/cryptsetup/scripts
24K	/usr/lib/cryptsetup/checks
232K	/usr/lib/cryptsetup
28K	/usr/lib/kernel/install.d
36K	/usr/lib/kernel
12K	/usr/lib/console-setup
1.4M	/usr/lib/multipath
12K	/usr/lib/pm-utils/sleep.d
8.0K	/usr/lib/pm-utils/power.d
24K	/usr/lib/pm-utils
8.0K	/usr/lib/modules-load.d
204K	/usr/lib/polkit-1
16K	/usr/lib/valgrind
18M	/usr/lib/u-boot
8.5M	/usr/lib/udev/hwdb.d
616K	/usr/lib/udev/rules.d
23M	/usr/lib/udev
16K	/usr/lib/ubuntu-release-upgrader
12K	/usr/lib/rsyslog
8.0K	/usr/lib/NetworkManager/VPN
20K	/usr/lib/NetworkManager/conf.d
4.0K	/usr/lib/NetworkManager/dispatcher.d/no-wait.d
4.0K	/usr/lib/NetworkManager/dispatcher.d/pre-down.d
4.0K	/usr/lib/NetworkManager/dispatcher.d/pre-up.d
16K	/usr/lib/NetworkManager/dispatcher.d
4.0K	/usr/lib/NetworkManager/system-connections
52K	/usr/lib/NetworkManager
8.0K	/usr/lib/environment.d
4.0K	/usr/lib/gnupg2
98M	/usr/lib/snapd
336K	/usr/lib/man-db
4.0K	/usr/lib/gold-ld
16K	/usr/lib/firmware/e100
11M	/usr/lib/firmware/qed
12K	/usr/lib/firmware/ess
188K	/usr/lib/firmware/moxa
268K	/usr/lib/firmware/mali_csffw_g17p0
160K	/usr/lib/firmware/cnm
24K	/usr/lib/firmware/zd1211
52K	/usr/lib/firmware/keyspan
420K	/usr/lib/firmware/rtw88
1.8M	/usr/lib/firmware/ap6275p
1.5M	/usr/lib/firmware/6.1.0-1025-rockchip/device-tree/rockchip/overlay
74M	/usr/lib/firmware/6.1.0-1025-rockchip/device-tree/rockchip
74M	/usr/lib/firmware/6.1.0-1025-rockchip/device-tree
74M	/usr/lib/firmware/6.1.0-1025-rockchip
12K	/usr/lib/firmware/microchip
8.0K	/usr/lib/firmware/isci
2.8M	/usr/lib/firmware/aic8800/USB/aic8800
920K	/usr/lib/firmware/aic8800/USB/aic8800D80
392K	/usr/lib/firmware/aic8800/USB/aic8800DC
4.1M	/usr/lib/firmware/aic8800/USB
528K	/usr/lib/firmware/aic8800/PCIE
924K	/usr/lib/firmware/aic8800/SDIO/aic8800
552K	/usr/lib/firmware/aic8800/SDIO/aic8800D80
396K	/usr/lib/firmware/aic8800/SDIO/aic8800DC
1.9M	/usr/lib/firmware/aic8800/SDIO
6.5M	/usr/lib/firmware/aic8800
448K	/usr/lib/firmware/amlogic/bluetooth
452K	/usr/lib/firmware/amlogic
28M	/usr/lib/firmware/amdgpu
76K	/usr/lib/firmware/amdnpu/1502_00
76K	/usr/lib/firmware/amdnpu/17f0_10
76K	/usr/lib/firmware/amdnpu/17f0_11
232K	/usr/lib/firmware/amdnpu
8.0K	/usr/lib/firmware/ositech
28K	/usr/lib/firmware/cadence
36K	/usr/lib/firmware/ixp4xx
76K	/usr/lib/firmware/go7007
2.6M	/usr/lib/firmware/uwe5622
9.6M	/usr/lib/firmware/i915
5.5M	/usr/lib/firmware/dpaa2/mc
5.5M	/usr/lib/firmware/dpaa2
8.0K	/usr/lib/firmware/sun
20K	/usr/lib/firmware/yamaha
24K	/usr/lib/firmware/qcom/qcs8300
408K	/usr/lib/firmware/qcom/venus-4.2
3.5M	/usr/lib/firmware/qcom/vpu
8.0M	/usr/lib/firmware/qcom/qcm2290
4.0K	/usr/lib/firmware/qcom/vpu-1.0
1.9M	/usr/lib/firmware/qcom/sdm845/Thundercomm/db845c
1.9M	/usr/lib/firmware/qcom/sdm845/Thundercomm
9.1M	/usr/lib/firmware/qcom/sdm845
4.0K	/usr/lib/firmware/qcom/sm8650
7.3M	/usr/lib/firmware/qcom/apq8096
24K	/usr/lib/firmware/qcom/qcm6490
4.0K	/usr/lib/firmware/qcom/vpu-2.0
7.8M	/usr/lib/firmware/qcom/sc8280xp/LENOVO/21BX
7.8M	/usr/lib/firmware/qcom/sc8280xp/LENOVO
7.9M	/usr/lib/firmware/qcom/sc8280xp
6.3M	/usr/lib/firmware/qcom/apq8016
1.7M	/usr/lib/firmware/qcom/aic100
416K	/usr/lib/firmware/qcom/venus-5.4
432K	/usr/lib/firmware/qcom/venus-1.8
24K	/usr/lib/firmware/qcom/sa8775p
1.3M	/usr/lib/firmware/qcom/sm8250/Thundercomm/RB5
1.3M	/usr/lib/firmware/qcom/sm8250/Thundercomm
8.2M	/usr/lib/firmware/qcom/sm8250
4.0K	/usr/lib/firmware/qcom/qcs6490
8.0K	/usr/lib/firmware/qcom/sm8550
400K	/usr/lib/firmware/qcom/venus-5.2
464K	/usr/lib/firmware/qcom/venus-6.0
5.6M	/usr/lib/firmware/qcom/qrb4210
60M	/usr/lib/firmware/qcom
20K	/usr/lib/firmware/kaweth
28K	/usr/lib/firmware/ene-ub6250
140K	/usr/lib/firmware/meson/vdec
144K	/usr/lib/firmware/meson
676K	/usr/lib/firmware/rtlwifi
76K	/usr/lib/firmware/mrvl/cpt02
72K	/usr/lib/firmware/mrvl/cpt01
72K	/usr/lib/firmware/mrvl/cpt03
64K	/usr/lib/firmware/mrvl/cpt04
72M	/usr/lib/firmware/mrvl/prestera
78M	/usr/lib/firmware/mrvl
12K	/usr/lib/firmware/imx/sdma
16K	/usr/lib/firmware/imx
952K	/usr/lib/firmware/nxp
16K	/usr/lib/firmware/sdca/1fa/17aa/2352
4.0K	/usr/lib/firmware/sdca/1fa/17aa/2353
24K	/usr/lib/firmware/sdca/1fa/17aa
16K	/usr/lib/firmware/sdca/1fa/1028/e22
4.0K	/usr/lib/firmware/sdca/1fa/1028/db9
4.0K	/usr/lib/firmware/sdca/1fa/1028/e83
4.0K	/usr/lib/firmware/sdca/1fa/1028/e85
4.0K	/usr/lib/firmware/sdca/1fa/1028/e25
4.0K	/usr/lib/firmware/sdca/1fa/1028/e24
4.0K	/usr/lib/firmware/sdca/1fa/1028/e27
4.0K	/usr/lib/firmware/sdca/1fa/1028/e26
16K	/usr/lib/firmware/sdca/1fa/1028/e1a
4.0K	/usr/lib/firmware/sdca/1fa/1028/e2c
4.0K	/usr/lib/firmware/sdca/1fa/1028/dba
4.0K	/usr/lib/firmware/sdca/1fa/1028/db4
4.0K	/usr/lib/firmware/sdca/1fa/1028/e28
4.0K	/usr/lib/firmware/sdca/1fa/1028/e1e
4.0K	/usr/lib/firmware/sdca/1fa/1028/e2b
4.0K	/usr/lib/firmware/sdca/1fa/1028/e1b
4.0K	/usr/lib/firmware/sdca/1fa/1028/e1f
4.0K	/usr/lib/firmware/sdca/1fa/1028/e82
4.0K	/usr/lib/firmware/sdca/1fa/1028/e3e
4.0K	/usr/lib/firmware/sdca/1fa/1028/e21
4.0K	/usr/lib/firmware/sdca/1fa/1028/e1d
4.0K	/usr/lib/firmware/sdca/1fa/1028/e38
4.0K	/usr/lib/firmware/sdca/1fa/1028/e3f
4.0K	/usr/lib/firmware/sdca/1fa/1028/e1c
4.0K	/usr/lib/firmware/sdca/1fa/1028/e84
32K	/usr/lib/firmware/sdca/1fa/1028/db3
4.0K	/usr/lib/firmware/sdca/1fa/1028/e23
4.0K	/usr/lib/firmware/sdca/1fa/1028/e20
168K	/usr/lib/firmware/sdca/1fa/1028
196K	/usr/lib/firmware/sdca/1fa
200K	/usr/lib/firmware/sdca
4.0M	/usr/lib/firmware/rtw89
12K	/usr/lib/firmware/keyspan_pda
4.0K	/usr/lib/firmware/nvidia/gp107/nvdec
56K	/usr/lib/firmware/nvidia/gp107/gr
4.0K	/usr/lib/firmware/nvidia/gp107/sec2
4.0K	/usr/lib/firmware/nvidia/gp107/acr
72K	/usr/lib/firmware/nvidia/gp107
4.0K	/usr/lib/firmware/nvidia/ad104
92K	/usr/lib/firmware/nvidia/tegra194
52K	/usr/lib/firmware/nvidia/gm20b/gr
32K	/usr/lib/firmware/nvidia/gm20b/pmu
16K	/usr/lib/firmware/nvidia/gm20b/acr
104K	/usr/lib/firmware/nvidia/gm20b
120K	/usr/lib/firmware/nvidia/ga100/gsp
124K	/usr/lib/firmware/nvidia/ga100
4.0K	/usr/lib/firmware/nvidia/ad106
4.0K	/usr/lib/firmware/nvidia/gp106/nvdec
20K	/usr/lib/firmware/nvidia/gp106/gr
4.0K	/usr/lib/firmware/nvidia/gp106/sec2
4.0K	/usr/lib/firmware/nvidia/gp106/acr
36K	/usr/lib/firmware/nvidia/gp106
8.0K	/usr/lib/firmware/nvidia/gp102/nvdec
56K	/usr/lib/firmware/nvidia/gp102/gr
52K	/usr/lib/firmware/nvidia/gp102/sec2
24K	/usr/lib/firmware/nvidia/gp102/acr
144K	/usr/lib/firmware/nvidia/gp102
88K	/usr/lib/firmware/nvidia/tegra124
4.0K	/usr/lib/firmware/nvidia/gp108/nvdec
40K	/usr/lib/firmware/nvidia/gp108/gr
4.0K	/usr/lib/firmware/nvidia/gp108/sec2
4.0K	/usr/lib/firmware/nvidia/gp108/acr
56K	/usr/lib/firmware/nvidia/gp108
44K	/usr/lib/firmware/nvidia/gk20a
332K	/usr/lib/firmware/nvidia/gh100/gsp
336K	/usr/lib/firmware/nvidia/gh100
20K	/usr/lib/firmware/nvidia/gm204/gr
4.0K	/usr/lib/firmware/nvidia/gm204/acr
28K	/usr/lib/firmware/nvidia/gm204
4.0K	/usr/lib/firmware/nvidia/ga106/nvdec
88K	/usr/lib/firmware/nvidia/ga106/gr
4.0K	/usr/lib/firmware/nvidia/ga106/sec2
4.0K	/usr/lib/firmware/nvidia/ga106/acr
104K	/usr/lib/firmware/nvidia/ga106
4.0K	/usr/lib/firmware/nvidia/ga103/nvdec
88K	/usr/lib/firmware/nvidia/ga103/gr
4.0K	/usr/lib/firmware/nvidia/ga103/sec2
4.0K	/usr/lib/firmware/nvidia/ga103/acr
104K	/usr/lib/firmware/nvidia/ga103
4.0K	/usr/lib/firmware/nvidia/ga107/nvdec
88K	/usr/lib/firmware/nvidia/ga107/gr
4.0K	/usr/lib/firmware/nvidia/ga107/sec2
4.0K	/usr/lib/firmware/nvidia/ga107/acr
104K	/usr/lib/firmware/nvidia/ga107
4.0K	/usr/lib/firmware/nvidia/ad103
8.0K	/usr/lib/firmware/nvidia/tu102/nvdec
64K	/usr/lib/firmware/nvidia/tu102/gr
28K	/usr/lib/firmware/nvidia/tu102/sec2
44K	/usr/lib/firmware/nvidia/tu102/acr
27M	/usr/lib/firmware/nvidia/tu102/gsp
27M	/usr/lib/firmware/nvidia/tu102
88K	/usr/lib/firmware/nvidia/tegra210
4.0K	/usr/lib/firmware/nvidia/ad107
8.0K	/usr/lib/firmware/nvidia/gv100/nvdec
64K	/usr/lib/firmware/nvidia/gv100/gr
28K	/usr/lib/firmware/nvidia/gv100/sec2
16K	/usr/lib/firmware/nvidia/gv100/acr
120K	/usr/lib/firmware/nvidia/gv100
4.0K	/usr/lib/firmware/nvidia/tu117/nvdec
44K	/usr/lib/firmware/nvidia/tu117/gr
4.0K	/usr/lib/firmware/nvidia/tu117/sec2
4.0K	/usr/lib/firmware/nvidia/tu117/acr
60K	/usr/lib/firmware/nvidia/tu117
132K	/usr/lib/firmware/nvidia/tu10x/typec
136K	/usr/lib/firmware/nvidia/tu10x
8.0K	/usr/lib/firmware/nvidia/tu116/nvdec
52K	/usr/lib/firmware/nvidia/tu116/gr
28K	/usr/lib/firmware/nvidia/tu116/sec2
44K	/usr/lib/firmware/nvidia/tu116/acr
112K	/usr/lib/firmware/nvidia/tu116/gsp
248K	/usr/lib/firmware/nvidia/tu116
184K	/usr/lib/firmware/nvidia/ad102/gsp
188K	/usr/lib/firmware/nvidia/ad102
64K	/usr/lib/firmware/nvidia/gm200/gr
20K	/usr/lib/firmware/nvidia/gm200/acr
88K	/usr/lib/firmware/nvidia/gm200
12K	/usr/lib/firmware/nvidia/ga102/nvdec
88K	/usr/lib/firmware/nvidia/ga102/gr
116K	/usr/lib/firmware/nvidia/ga102/sec2
72K	/usr/lib/firmware/nvidia/ga102/acr
75M	/usr/lib/firmware/nvidia/ga102/gsp
75M	/usr/lib/firmware/nvidia/ga102
84K	/usr/lib/firmware/nvidia/tegra186
56K	/usr/lib/firmware/nvidia/gp100/gr
20K	/usr/lib/firmware/nvidia/gp100/acr
80K	/usr/lib/firmware/nvidia/gp100
4.0K	/usr/lib/firmware/nvidia/tu106/nvdec
44K	/usr/lib/firmware/nvidia/tu106/gr
4.0K	/usr/lib/firmware/nvidia/tu106/sec2
4.0K	/usr/lib/firmware/nvidia/tu106/acr
60K	/usr/lib/firmware/nvidia/tu106
4.0K	/usr/lib/firmware/nvidia/tu104/nvdec
48K	/usr/lib/firmware/nvidia/tu104/gr
4.0K	/usr/lib/firmware/nvidia/tu104/sec2
4.0K	/usr/lib/firmware/nvidia/tu104/acr
64K	/usr/lib/firmware/nvidia/tu104
20K	/usr/lib/firmware/nvidia/gm206/gr
16K	/usr/lib/firmware/nvidia/gm206/acr
40K	/usr/lib/firmware/nvidia/gm206
4.0K	/usr/lib/firmware/nvidia/ga104/nvdec
88K	/usr/lib/firmware/nvidia/ga104/gr
4.0K	/usr/lib/firmware/nvidia/ga104/sec2
4.0K	/usr/lib/firmware/nvidia/ga104/acr
104K	/usr/lib/firmware/nvidia/ga104
56K	/usr/lib/firmware/nvidia/gp10b/gr
32K	/usr/lib/firmware/nvidia/gp10b/pmu
16K	/usr/lib/firmware/nvidia/gp10b/acr
108K	/usr/lib/firmware/nvidia/gp10b
396K	/usr/lib/firmware/nvidia/gb202/gsp
400K	/usr/lib/firmware/nvidia/gb202
396K	/usr/lib/firmware/nvidia/gb100/gsp
400K	/usr/lib/firmware/nvidia/gb100
4.0K	/usr/lib/firmware/nvidia/gp104/nvdec
32K	/usr/lib/firmware/nvidia/gp104/gr
4.0K	/usr/lib/firmware/nvidia/gp104/sec2
4.0K	/usr/lib/firmware/nvidia/gp104/acr
48K	/usr/lib/firmware/nvidia/gp104
105M	/usr/lib/firmware/nvidia
64K	/usr/lib/firmware/ath9k_htc
20K	/usr/lib/firmware/amdtee
52K	/usr/lib/firmware/acenic
1.3M	/usr/lib/firmware/intel/ish
292K	/usr/lib/firmware/intel/sof-ipc4/tgl-h/community
292K	/usr/lib/firmware/intel/sof-ipc4/tgl-h/intel-signed
588K	/usr/lib/firmware/intel/sof-ipc4/tgl-h
4.0K	/usr/lib/firmware/intel/sof-ipc4/ehl/community
8.0K	/usr/lib/firmware/intel/sof-ipc4/ehl
4.0K	/usr/lib/firmware/intel/sof-ipc4/rpl/community
292K	/usr/lib/firmware/intel/sof-ipc4/rpl/intel-signed
300K	/usr/lib/firmware/intel/sof-ipc4/rpl
4.0K	/usr/lib/firmware/intel/sof-ipc4/adl-s/community
292K	/usr/lib/firmware/intel/sof-ipc4/adl-s/intel-signed
300K	/usr/lib/firmware/intel/sof-ipc4/adl-s
576K	/usr/lib/firmware/intel/sof-ipc4/wcl/intel-signed
580K	/usr/lib/firmware/intel/sof-ipc4/wcl
292K	/usr/lib/firmware/intel/sof-ipc4/tgl/community
292K	/usr/lib/firmware/intel/sof-ipc4/tgl/intel-signed
588K	/usr/lib/firmware/intel/sof-ipc4/tgl
544K	/usr/lib/firmware/intel/sof-ipc4/ptl/community
580K	/usr/lib/firmware/intel/sof-ipc4/ptl/intel-signed
1.2M	/usr/lib/firmware/intel/sof-ipc4/ptl
4.0K	/usr/lib/firmware/intel/sof-ipc4/rpl-s/community
292K	/usr/lib/firmware/intel/sof-ipc4/rpl-s/intel-signed
300K	/usr/lib/firmware/intel/sof-ipc4/rpl-s
504K	/usr/lib/firmware/intel/sof-ipc4/lnl/community
536K	/usr/lib/firmware/intel/sof-ipc4/lnl/intel-signed
1.1M	/usr/lib/firmware/intel/sof-ipc4/lnl
4.0K	/usr/lib/firmware/intel/sof-ipc4/adl-n/community
292K	/usr/lib/firmware/intel/sof-ipc4/adl-n/intel-signed
300K	/usr/lib/firmware/intel/sof-ipc4/adl-n
532K	/usr/lib/firmware/intel/sof-ipc4/mtl/community
560K	/usr/lib/firmware/intel/sof-ipc4/mtl/intel-signed
1.1M	/usr/lib/firmware/intel/sof-ipc4/mtl
4.0K	/usr/lib/firmware/intel/sof-ipc4/arl-s/community
560K	/usr/lib/firmware/intel/sof-ipc4/arl-s/intel-signed
568K	/usr/lib/firmware/intel/sof-ipc4/arl-s
4.0K	/usr/lib/firmware/intel/sof-ipc4/arl/community
4.0K	/usr/lib/firmware/intel/sof-ipc4/arl/intel-signed
12K	/usr/lib/firmware/intel/sof-ipc4/arl
292K	/usr/lib/firmware/intel/sof-ipc4/adl/community
292K	/usr/lib/firmware/intel/sof-ipc4/adl/intel-signed
588K	/usr/lib/firmware/intel/sof-ipc4/adl
7.3M	/usr/lib/firmware/intel/sof-ipc4
124K	/usr/lib/firmware/intel/catpt/bdw
128K	/usr/lib/firmware/intel/catpt
1.2M	/usr/lib/firmware/intel/vpu
40K	/usr/lib/firmware/intel/ice/ddp-wireless_edge
40K	/usr/lib/firmware/intel/ice/ddp-comms
40K	/usr/lib/firmware/intel/ice/ddp
36K	/usr/lib/firmware/intel/ice/ddp-lag
160K	/usr/lib/firmware/intel/ice
856K	/usr/lib/firmware/intel/sof-ipc4-tplg
4.4M	/usr/lib/firmware/intel/vsc
13M	/usr/lib/firmware/intel/iwlwifi
16K	/usr/lib/firmware/intel/sof-ipc4-lib/lnl/community
16K	/usr/lib/firmware/intel/sof-ipc4-lib/lnl/intel-signed
36K	/usr/lib/firmware/intel/sof-ipc4-lib/lnl
40K	/usr/lib/firmware/intel/sof-ipc4-lib
1.2M	/usr/lib/firmware/intel/sof-tplg
184K	/usr/lib/firmware/intel/avs/apl
248K	/usr/lib/firmware/intel/avs/cnl
156K	/usr/lib/firmware/intel/avs/skl
592K	/usr/lib/firmware/intel/avs
4.0M	/usr/lib/firmware/intel/ipu
1.2M	/usr/lib/firmware/intel/sof/community
2.0M	/usr/lib/firmware/intel/sof/intel-signed
3.6M	/usr/lib/firmware/intel/sof
58M	/usr/lib/firmware/intel
12K	/usr/lib/firmware/ttusb-budget
348K	/usr/lib/firmware/mwl8k
7.7M	/usr/lib/firmware/brcm
440K	/usr/lib/firmware/video
1.6M	/usr/lib/firmware/liquidio
20K	/usr/lib/firmware/tigon
52K	/usr/lib/firmware/ath6k/AR6004/hw1.3
56K	/usr/lib/firmware/ath6k/AR6004/hw1.2
112K	/usr/lib/firmware/ath6k/AR6004
240K	/usr/lib/firmware/ath6k/AR6003/hw2.1.1
100K	/usr/lib/firmware/ath6k/AR6003/hw2.0
344K	/usr/lib/firmware/ath6k/AR6003
460K	/usr/lib/firmware/ath6k
84K	/usr/lib/firmware/qlogic
476K	/usr/lib/firmware/ath10k/QCA4019/hw1.0
480K	/usr/lib/firmware/ath10k/QCA4019
1.8M	/usr/lib/firmware/ath10k/WCN3990/hw1.0/qcm2290
4.0K	/usr/lib/firmware/ath10k/WCN3990/hw1.0/qrb4210
3.5M	/usr/lib/firmware/ath10k/WCN3990/hw1.0
3.5M	/usr/lib/firmware/ath10k/WCN3990
216K	/usr/lib/firmware/ath10k/QCA9887/hw1.0
220K	/usr/lib/firmware/ath10k/QCA9887
372K	/usr/lib/firmware/ath10k/QCA99X0/hw2.0
376K	/usr/lib/firmware/ath10k/QCA99X0
1.4M	/usr/lib/firmware/ath10k/QCA6174/hw3.0
328K	/usr/lib/firmware/ath10k/QCA6174/hw2.1
1.7M	/usr/lib/firmware/ath10k/QCA6174
512K	/usr/lib/firmware/ath10k/QCA9888/hw2.0
516K	/usr/lib/firmware/ath10k/QCA9888
1.4M	/usr/lib/firmware/ath10k/QCA9377/hw1.0
1.4M	/usr/lib/firmware/ath10k/QCA9377
504K	/usr/lib/firmware/ath10k/QCA9984/hw1.0
508K	/usr/lib/firmware/ath10k/QCA9984
428K	/usr/lib/firmware/ath10k/QCA988X/hw2.0
432K	/usr/lib/firmware/ath10k/QCA988X
9.0M	/usr/lib/firmware/ath10k
460K	/usr/lib/firmware/ti/audio/tas2781
52K	/usr/lib/firmware/ti/audio/tas2783
16K	/usr/lib/firmware/ti/audio/tas2563
532K	/usr/lib/firmware/ti/audio
540K	/usr/lib/firmware/ti
36K	/usr/lib/firmware/3com
8.0K	/usr/lib/firmware/korg
20K	/usr/lib/firmware/cirrus/cs35l41/v6.39.0
24K	/usr/lib/firmware/cirrus/cs35l41/v6.80.0
24K	/usr/lib/firmware/cirrus/cs35l41/v6.61.1
24K	/usr/lib/firmware/cirrus/cs35l41/v6.78.0
24K	/usr/lib/firmware/cirrus/cs35l41/v6.47.0
24K	/usr/lib/firmware/cirrus/cs35l41/v6.63.0
16K	/usr/lib/firmware/cirrus/cs35l41/bincfgs
24K	/usr/lib/firmware/cirrus/cs35l41/v6.68.0
24K	/usr/lib/firmware/cirrus/cs35l41/v6.83.0
24K	/usr/lib/firmware/cirrus/cs35l41/v6.56.0
232K	/usr/lib/firmware/cirrus/cs35l41
28K	/usr/lib/firmware/cirrus/cs35l63
240K	/usr/lib/firmware/cirrus/cs35l56
4.7M	/usr/lib/firmware/cirrus
78M	/usr/lib/firmware/mellanox
108K	/usr/lib/firmware/emi62
168K	/usr/lib/firmware/rtl_nic
1.1M	/usr/lib/firmware/rkwifi/bcmdhd
19M	/usr/lib/firmware/rkwifi
60K	/usr/lib/firmware/arm/mali/arch10.8
64K	/usr/lib/firmware/arm/mali
68K	/usr/lib/firmware/arm
44K	/usr/lib/firmware/cxgb4/configs
2.8M	/usr/lib/firmware/cxgb4
936K	/usr/lib/firmware/libertas
136K	/usr/lib/firmware/airoha
8.0K	/usr/lib/firmware/adaptec
800K	/usr/lib/firmware/ueagle-atm
8.0K	/usr/lib/firmware/vicam
264K	/usr/lib/firmware/mali_csffw_g18p0
3.8M	/usr/lib/firmware/cypress
168K	/usr/lib/firmware/mediatek/mt8192
11M	/usr/lib/firmware/mediatek/mt7996
40K	/usr/lib/firmware/mediatek/mt7988
16K	/usr/lib/firmware/mediatek/sof-tplg
104K	/usr/lib/firmware/mediatek/mt8173
300K	/usr/lib/firmware/mediatek/mt8195
216K	/usr/lib/firmware/mediatek/sof
148K	/usr/lib/firmware/mediatek/mt8186
1.8M	/usr/lib/firmware/mediatek/mt7925
512K	/usr/lib/firmware/mediatek/mt8183
23M	/usr/lib/firmware/mediatek
36K	/usr/lib/firmware/edgeport
272K	/usr/lib/firmware/mali_csffw_g15p0
112K	/usr/lib/firmware/bnx2
28K	/usr/lib/firmware/advansys
2.1M	/usr/lib/firmware/ath11k/IPQ6018/hw1.0
2.1M	/usr/lib/firmware/ath11k/IPQ6018
2.2M	/usr/lib/firmware/ath11k/QCA6698AQ/hw2.1
2.2M	/usr/lib/firmware/ath11k/QCA6698AQ
2.2M	/usr/lib/firmware/ath11k/QCA2066/hw2.1
2.2M	/usr/lib/firmware/ath11k/QCA2066
2.4M	/usr/lib/firmware/ath11k/IPQ8074/hw2.0
2.4M	/usr/lib/firmware/ath11k/IPQ8074
2.1M	/usr/lib/firmware/ath11k/IPQ5018/hw1.0
2.1M	/usr/lib/firmware/ath11k/IPQ5018
1.6M	/usr/lib/firmware/ath11k/QCA6390/hw2.0
1.6M	/usr/lib/firmware/ath11k/QCA6390
4.0K	/usr/lib/firmware/ath11k/WCN6855/hw2.1
2.1M	/usr/lib/firmware/ath11k/WCN6855/hw2.0
2.1M	/usr/lib/firmware/ath11k/WCN6855
1.9M	/usr/lib/firmware/ath11k/QCN9074/hw1.0
1.9M	/usr/lib/firmware/ath11k/QCN9074
3.2M	/usr/lib/firmware/ath11k/WCN6750/hw1.0/qcm6490
3.1M	/usr/lib/firmware/ath11k/WCN6750/hw1.0/sc7280
6.4M	/usr/lib/firmware/ath11k/WCN6750/hw1.0
6.4M	/usr/lib/firmware/ath11k/WCN6750
23M	/usr/lib/firmware/ath11k
628K	/usr/lib/firmware/rsi
44K	/usr/lib/firmware/cavium
40K	/usr/lib/firmware/rockchip
1.6M	/usr/lib/firmware/asihpi
340K	/usr/lib/firmware/amphion/vpu
344K	/usr/lib/firmware/amphion
3.2M	/usr/lib/firmware/xe
3.0M	/usr/lib/firmware/ath12k/WCN7850/hw2.0
3.0M	/usr/lib/firmware/ath12k/WCN7850
3.8M	/usr/lib/firmware/ath12k/QCN9274/hw2.0
3.8M	/usr/lib/firmware/ath12k/QCN9274
6.8M	/usr/lib/firmware/ath12k
68K	/usr/lib/firmware/emi26
12K	/usr/lib/firmware/yam
8.0K	/usr/lib/firmware/cpia2
8.0K	/usr/lib/firmware/ar3k/1020201coex
284K	/usr/lib/firmware/ar3k
852K	/usr/lib/firmware/rtl_bt
20K	/usr/lib/firmware/realtek/rt1320
24K	/usr/lib/firmware/realtek
68K	/usr/lib/firmware/cis
388K	/usr/lib/firmware/ea
2.2M	/usr/lib/firmware/ap6212
660K	/usr/lib/firmware/dell/ish
664K	/usr/lib/firmware/dell
3.1M	/usr/lib/firmware/ti-connectivity
468K	/usr/lib/firmware/atmel
1.5M	/usr/lib/firmware/netronome/nic
1.2M	/usr/lib/firmware/netronome/flower
1.6M	/usr/lib/firmware/netronome/nic-sriov
1.5M	/usr/lib/firmware/netronome/bpf
5.6M	/usr/lib/firmware/netronome
8.0K	/usr/lib/firmware/av7110
128K	/usr/lib/firmware/powervr
52K	/usr/lib/firmware/cxgb3
828K	/usr/lib/firmware/vxge
1.7M	/usr/lib/firmware/qca
12K	/usr/lib/firmware/tehuti
320K	/usr/lib/firmware/wfx
12K	/usr/lib/firmware/inside-secure/eip197_minifw
16K	/usr/lib/firmware/inside-secure
1.9M	/usr/lib/firmware/radeon
2.3M	/usr/lib/firmware/bnx2x
60K	/usr/lib/firmware/slicoss
737M	/usr/lib/firmware
8.0K	/usr/lib/firewalld/zones
12K	/usr/lib/firewalld
8.0K	/usr/lib/locale/C.utf8/LC_MESSAGES
408K	/usr/lib/locale/C.utf8
3.3M	/usr/lib/locale
892K	/usr/lib/pppd/2.4.9
896K	/usr/lib/pppd
40K	/usr/lib/recovery-mode/options
52K	/usr/lib/recovery-mode
84K	/usr/lib/cloud-init
72K	/usr/lib/apt/planners
140K	/usr/lib/apt/solvers
1.2M	/usr/lib/apt/methods
1.5M	/usr/lib/apt
4.0K	/usr/lib/X11
528K	/usr/lib/initramfs-tools/bin
532K	/usr/lib/initramfs-tools
4.0K	/usr/lib/sasl2
608K	/usr/lib/gnupg
160K	/usr/lib/sysstat
172M	/usr/lib/rustlib/aarch64-unknown-linux-gnu/lib
172M	/usr/lib/rustlib/aarch64-unknown-linux-gnu
172M	/usr/lib/rustlib
8.0K	/usr/lib/netplan
20K	/usr/lib/ssl/misc
24K	/usr/lib/ssl
16K	/usr/lib/sysctl.d
12K	/usr/lib/dh-elpa/helper
16K	/usr/lib/dh-elpa
20K	/usr/lib/modprobe.d
244K	/usr/lib/modules/6.1.0-1025-rockchip/kernel/net/llc
120K	/usr/lib/modules/6.1.0-1025-rockchip/kernel/net/phonet
48K	/usr/lib/modules/6.1.0-1025-rockchip/kernel/net/ieee802154/6lowpan
264K	/usr/lib/modules/6.1.0-1025-rockchip/kernel/net/ieee802154
420K	/usr/lib/modules/6.1.0-1025-rockchip/kernel/net/ipv4/netfilter
976K	/usr/lib/modules/6.1.0-1025-rockchip/kernel/net/ipv4
360K	/usr/lib/modules/6.1.0-1025-rockchip/kernel/net/atm
76K	/usr/lib/modules/6.1.0-1025-rockchip/kernel/net/hsr
312K	/usr/lib/modules/6.1.0-1025-rockchip/kernel/net/bridge/netfilter
828K	/usr/lib/modules/6.1.0-1025-rockchip/kernel/net/bridge
376K	/usr/lib/modules/6.1.0-1025-rockchip/kernel/net/ipv6/netfilter
40K	/usr/lib/modules/6.1.0-1025-rockchip/kernel/net/ipv6/ila
1.5M	/usr/lib/modules/6.1.0-1025-rockchip/kernel/net/ipv6
12K	/usr/lib/modules/6.1.0-1025-rockchip/kernel/net/mpls
408K	/usr/lib/modules/6.1.0-1025-rockchip/kernel/net/batman-adv
164K	/usr/lib/modules/6.1.0-1025-rockchip/kernel/net/tls
148K	/usr/lib/modules/6.1.0-1025-rockchip/kernel/net/can
208K	/usr/lib/modules/6.1.0-1025-rockchip/kernel/net/vmw_vsock
60K	/usr/lib/modules/6.1.0-1025-rockchip/kernel/net/xfrm
16K	/usr/lib/modules/6.1.0-1025-rockchip/kernel/net/nsh
1.2M	/usr/lib/modules/6.1.0-1025-rockchip/kernel/net/sched
320K	/usr/lib/modules/6.1.0-1025-rockchip/kernel/net/openvswitch
144K	/usr/lib/modules/6.1.0-1025-rockchip/kernel/net/6lowpan
48K	/usr/lib/modules/6.1.0-1025-rockchip/kernel/net/sunrpc/auth_gss
52K	/usr/lib/modules/6.1.0-1025-rockchip/kernel/net/sunrpc
88K	/usr/lib/modules/6.1.0-1025-rockchip/kernel/net/802
548K	/usr/lib/modules/6.1.0-1025-rockchip/kernel/net/tipc
20K	/usr/lib/modules/6.1.0-1025-rockchip/kernel/net/packet
616K	/usr/lib/modules/6.1.0-1025-rockchip/kernel/net/sctp
68K	/usr/lib/modules/6.1.0-1025-rockchip/kernel/net/key
196K	/usr/lib/modules/6.1.0-1025-rockchip/kernel/net/caif
164K	/usr/lib/modules/6.1.0-1025-rockchip/kernel/net/core
96K	/usr/lib/modules/6.1.0-1025-rockchip/kernel/net/x25
552K	/usr/lib/modules/6.1.0-1025-rockchip/kernel/net/netfilter/ipvs
968K	/usr/lib/modules/6.1.0-1025-rockchip/kernel/net/netfilter/ipset
4.5M	/usr/lib/modules/6.1.0-1025-rockchip/kernel/net/netfilter
108K	/usr/lib/modules/6.1.0-1025-rockchip/kernel/net/qrtr
76K	/usr/lib/modules/6.1.0-1025-rockchip/kernel/net/appletalk
48K	/usr/lib/modules/6.1.0-1025-rockchip/kernel/net/bluetooth/bnep
148K	/usr/lib/modules/6.1.0-1025-rockchip/kernel/net/bluetooth/rfcomm
60K	/usr/lib/modules/6.1.0-1025-rockchip/kernel/net/bluetooth/hidp
312K	/usr/lib/modules/6.1.0-1025-rockchip/kernel/net/bluetooth
292K	/usr/lib/modules/6.1.0-1025-rockchip/kernel/net/dccp
40K	/usr/lib/modules/6.1.0-1025-rockchip/kernel/net/lapb
20K	/usr/lib/modules/6.1.0-1025-rockchip/kernel/net/unix
272K	/usr/lib/modules/6.1.0-1025-rockchip/kernel/net/rds
132K	/usr/lib/modules/6.1.0-1025-rockchip/kernel/net/l2tp
84K	/usr/lib/modules/6.1.0-1025-rockchip/kernel/net/bpfilter
72K	/usr/lib/modules/6.1.0-1025-rockchip/kernel/net/wireless
16K	/usr/lib/modules/6.1.0-1025-rockchip/kernel/net/mptcp
68K	/usr/lib/modules/6.1.0-1025-rockchip/kernel/net/8021q
172K	/usr/lib/modules/6.1.0-1025-rockchip/kernel/net/mac802154
15M	/usr/lib/modules/6.1.0-1025-rockchip/kernel/net
32K	/usr/lib/modules/6.1.0-1025-rockchip/kernel/mm
76K	/usr/lib/modules/6.1.0-1025-rockchip/kernel/crypto/async_tx
204K	/usr/lib/modules/6.1.0-1025-rockchip/kernel/crypto
44K	/usr/lib/modules/6.1.0-1025-rockchip/kernel/arch/arm64/crypto
48K	/usr/lib/modules/6.1.0-1025-rockchip/kernel/arch/arm64
52K	/usr/lib/modules/6.1.0-1025-rockchip/kernel/arch
5.6M	/usr/lib/modules/6.1.0-1025-rockchip/kernel/zfs
304K	/usr/lib/modules/6.1.0-1025-rockchip/kernel/fs/jfs
112K	/usr/lib/modules/6.1.0-1025-rockchip/kernel/fs/hfs
244K	/usr/lib/modules/6.1.0-1025-rockchip/kernel/fs/overlayfs
672K	/usr/lib/modules/6.1.0-1025-rockchip/kernel/fs/ubifs
108K	/usr/lib/modules/6.1.0-1025-rockchip/kernel/fs/squashfs
428K	/usr/lib/modules/6.1.0-1025-rockchip/kernel/fs/reiserfs
344K	/usr/lib/modules/6.1.0-1025-rockchip/kernel/fs/ntfs3
28K	/usr/lib/modules/6.1.0-1025-rockchip/kernel/fs/fat
828K	/usr/lib/modules/6.1.0-1025-rockchip/kernel/fs/ceph
224K	/usr/lib/modules/6.1.0-1025-rockchip/kernel/fs/jffs2
788K	/usr/lib/modules/6.1.0-1025-rockchip/kernel/fs/gfs2
348K	/usr/lib/modules/6.1.0-1025-rockchip/kernel/fs/ocfs2/dlm
48K	/usr/lib/modules/6.1.0-1025-rockchip/kernel/fs/ocfs2/dlmfs
196K	/usr/lib/modules/6.1.0-1025-rockchip/kernel/fs/ocfs2/cluster
2.5M	/usr/lib/modules/6.1.0-1025-rockchip/kernel/fs/ocfs2
84K	/usr/lib/modules/6.1.0-1025-rockchip/kernel/fs/netfs
404K	/usr/lib/modules/6.1.0-1025-rockchip/kernel/fs/nilfs2
24K	/usr/lib/modules/6.1.0-1025-rockchip/kernel/fs/smb/common
1.3M	/usr/lib/modules/6.1.0-1025-rockchip/kernel/fs/smb/client
1.3M	/usr/lib/modules/6.1.0-1025-rockchip/kernel/fs/smb
316K	/usr/lib/modules/6.1.0-1025-rockchip/kernel/fs/fuse
928K	/usr/lib/modules/6.1.0-1025-rockchip/kernel/fs/nfsd
60K	/usr/lib/modules/6.1.0-1025-rockchip/kernel/fs/nfs/blocklayout
64K	/usr/lib/modules/6.1.0-1025-rockchip/kernel/fs/nfs
180K	/usr/lib/modules/6.1.0-1025-rockchip/kernel/fs/hfsplus
200K	/usr/lib/modules/6.1.0-1025-rockchip/kernel/fs/udf
2.9M	/usr/lib/modules/6.1.0-1025-rockchip/kernel/fs/xfs
72K	/usr/lib/modules/6.1.0-1025-rockchip/kernel/fs/isofs
128K	/usr/lib/modules/6.1.0-1025-rockchip/kernel/fs/exfat
176K	/usr/lib/modules/6.1.0-1025-rockchip/kernel/fs/ecryptfs
352K	/usr/lib/modules/6.1.0-1025-rockchip/kernel/fs/ntfs
64K	/usr/lib/modules/6.1.0-1025-rockchip/kernel/fs/quota
14M	/usr/lib/modules/6.1.0-1025-rockchip/kernel/fs
96K	/usr/lib/modules/6.1.0-1025-rockchip/kernel/drivers/hwmon/pmbus
52K	/usr/lib/modules/6.1.0-1025-rockchip/kernel/drivers/hwmon/occ
4.1M	/usr/lib/modules/6.1.0-1025-rockchip/kernel/drivers/hwmon
44K	/usr/lib/modules/6.1.0-1025-rockchip/kernel/drivers/net/arcnet
92K	/usr/lib/modules/6.1.0-1025-rockchip/kernel/drivers/net/can/c_can
72K	/usr/lib/modules/6.1.0-1025-rockchip/kernel/drivers/net/can/dev
160K	/usr/lib/modules/6.1.0-1025-rockchip/kernel/drivers/net/can/sja1000
100K	/usr/lib/modules/6.1.0-1025-rockchip/kernel/drivers/net/can/spi/mcp251xfd
180K	/usr/lib/modules/6.1.0-1025-rockchip/kernel/drivers/net/can/spi
36K	/usr/lib/modules/6.1.0-1025-rockchip/kernel/drivers/net/can/slcan
52K	/usr/lib/modules/6.1.0-1025-rockchip/kernel/drivers/net/can/m_can
52K	/usr/lib/modules/6.1.0-1025-rockchip/kernel/drivers/net/can/softing
120K	/usr/lib/modules/6.1.0-1025-rockchip/kernel/drivers/net/can/rockchip
100K	/usr/lib/modules/6.1.0-1025-rockchip/kernel/drivers/net/can/usb/kvaser_usb
84K	/usr/lib/modules/6.1.0-1025-rockchip/kernel/drivers/net/can/usb/peak_usb
292K	/usr/lib/modules/6.1.0-1025-rockchip/kernel/drivers/net/can/usb
80K	/usr/lib/modules/6.1.0-1025-rockchip/kernel/drivers/net/can/cc770
1.3M	/usr/lib/modules/6.1.0-1025-rockchip/kernel/drivers/net/can
140K	/usr/lib/modules/6.1.0-1025-rockchip/kernel/drivers/net/vxlan
20K	/usr/lib/modules/6.1.0-1025-rockchip/kernel/drivers/net/slip
160K	/usr/lib/modules/6.1.0-1025-rockchip/kernel/drivers/net/wireguard
36K	/usr/lib/modules/6.1.0-1025-rockchip/kernel/drivers/net/caif
236K	/usr/lib/modules/6.1.0-1025-rockchip/kernel/drivers/net/ethernet/motorcomm
156K	/usr/lib/modules/6.1.0-1025-rockchip/kernel/drivers/net/ethernet/realtek
396K	/usr/lib/modules/6.1.0-1025-rockchip/kernel/drivers/net/ethernet
20K	/usr/lib/modules/6.1.0-1025-rockchip/kernel/drivers/net/appletalk
224K	/usr/lib/modules/6.1.0-1025-rockchip/kernel/drivers/net/ppp
336K	/usr/lib/modules/6.1.0-1025-rockchip/kernel/drivers/net/bonding
892K	/usr/lib/modules/6.1.0-1025-rockchip/kernel/drivers/net/wireless/ath/ath9k
240K	/usr/lib/modules/6.1.0-1025-rockchip/kernel/drivers/net/wireless/ath/ath5k
1.3M	/usr/lib/modules/6.1.0-1025-rockchip/kernel/drivers/net/wireless/ath/ath10k
708K	/usr/lib/modules/6.1.0-1025-rockchip/kernel/drivers/net/wireless/ath/wil6210
940K	/usr/lib/modules/6.1.0-1025-rockchip/kernel/drivers/net/wireless/ath/ath11k
384K	/usr/lib/modules/6.1.0-1025-rockchip/kernel/drivers/net/wireless/ath/ath6kl
192K	/usr/lib/modules/6.1.0-1025-rockchip/kernel/drivers/net/wireless/ath/wcn36xx
168K	/usr/lib/modules/6.1.0-1025-rockchip/kernel/drivers/net/wireless/ath/carl9170
84K	/usr/lib/modules/6.1.0-1025-rockchip/kernel/drivers/net/wireless/ath/ar5523
4.9M	/usr/lib/modules/6.1.0-1025-rockchip/kernel/drivers/net/wireless/ath
228K	/usr/lib/modules/6.1.0-1025-rockchip/kernel/drivers/net/wireless/microchip/wilc1000
232K	/usr/lib/modules/6.1.0-1025-rockchip/kernel/drivers/net/wireless/microchip
2.6M	/usr/lib/modules/6.1.0-1025-rockchip/kernel/drivers/net/wireless/rtl8723ds
4.2M	/usr/lib/modules/6.1.0-1025-rockchip/kernel/drivers/net/wireless/rtl8812au
60K	/usr/lib/modules/6.1.0-1025-rockchip/kernel/drivers/net/wireless/uwe5622/tty-sdio
640K	/usr/lib/modules/6.1.0-1025-rockchip/kernel/drivers/net/wireless/uwe5622/unisocwifi
704K	/usr/lib/modules/6.1.0-1025-rockchip/kernel/drivers/net/wireless/uwe5622
3.0M	/usr/lib/modules/6.1.0-1025-rockchip/kernel/drivers/net/wireless/rtl8811cu
9.1M	/usr/lib/modules/6.1.0-1025-rockchip/kernel/drivers/net/wireless/rtl8852bs
684K	/usr/lib/modules/6.1.0-1025-rockchip/kernel/drivers/net/wireless/ralink/rt2x00
688K	/usr/lib/modules/6.1.0-1025-rockchip/kernel/drivers/net/wireless/ralink
468K	/usr/lib/modules/6.1.0-1025-rockchip/kernel/drivers/net/wireless/intel/ipw2x00
516K	/usr/lib/modules/6.1.0-1025-rockchip/kernel/drivers/net/wireless/intel/iwlegacy
800K	/usr/lib/modules/6.1.0-1025-rockchip/kernel/drivers/net/wireless/intel/iwlwifi/mvm
376K	/usr/lib/modules/6.1.0-1025-rockchip/kernel/drivers/net/wireless/intel/iwlwifi/dvm
1.9M	/usr/lib/modules/6.1.0-1025-rockchip/kernel/drivers/net/wireless/intel/iwlwifi
2.9M	/usr/lib/modules/6.1.0-1025-rockchip/kernel/drivers/net/wireless/intel
3.1M	/usr/lib/modules/6.1.0-1025-rockchip/kernel/drivers/net/wireless/rockchip_wlan/rkwifi/bcmdhd
3.1M	/usr/lib/modules/6.1.0-1025-rockchip/kernel/drivers/net/wireless/rockchip_wlan/rkwifi
3.1M	/usr/lib/modules/6.1.0-1025-rockchip/kernel/drivers/net/wireless/rockchip_wlan
2.3M	/usr/lib/modules/6.1.0-1025-rockchip/kernel/drivers/net/wireless/rtl8192eu
208K	/usr/lib/modules/6.1.0-1025-rockchip/kernel/drivers/net/wireless/intersil/hostap
212K	/usr/lib/modules/6.1.0-1025-rockchip/kernel/drivers/net/wireless/intersil
216K	/usr/lib/modules/6.1.0-1025-rockchip/kernel/drivers/net/wireless/mediatek/mt7601u
268K	/usr/lib/modules/6.1.0-1025-rockchip/kernel/drivers/net/wireless/mediatek/mt76/mt7915
116K	/usr/lib/modules/6.1.0-1025-rockchip/kernel/drivers/net/wireless/mediatek/mt76/mt7603
384K	/usr/lib/modules/6.1.0-1025-rockchip/kernel/drivers/net/wireless/mediatek/mt76/mt7615
164K	/usr/lib/modules/6.1.0-1025-rockchip/kernel/drivers/net/wireless/mediatek/mt76/mt76x0
304K	/usr/lib/modules/6.1.0-1025-rockchip/kernel/drivers/net/wireless/mediatek/mt76/mt7921
172K	/usr/lib/modules/6.1.0-1025-rockchip/kernel/drivers/net/wireless/mediatek/mt76/mt76x2
2.0M	/usr/lib/modules/6.1.0-1025-rockchip/kernel/drivers/net/wireless/mediatek/mt76
2.2M	/usr/lib/modules/6.1.0-1025-rockchip/kernel/drivers/net/wireless/mediatek
236K	/usr/lib/modules/6.1.0-1025-rockchip/kernel/drivers/net/wireless/marvell/libertas
656K	/usr/lib/modules/6.1.0-1025-rockchip/kernel/drivers/net/wireless/marvell/mwifiex
896K	/usr/lib/modules/6.1.0-1025-rockchip/kernel/drivers/net/wireless/marvell
2.4M	/usr/lib/modules/6.1.0-1025-rockchip/kernel/drivers/net/wireless/rtl8189es
76K	/usr/lib/modules/6.1.0-1025-rockchip/kernel/drivers/net/wireless/realtek/rtl818x/rtl8187
80K	/usr/lib/modules/6.1.0-1025-rockchip/kernel/drivers/net/wireless/realtek/rtl818x
2.0M	/usr/lib/modules/6.1.0-1025-rockchip/kernel/drivers/net/wireless/realtek/rtw88
128K	/usr/lib/modules/6.1.0-1025-rockchip/kernel/drivers/net/wireless/realtek/rtlwifi/rtl8192c
200K	/usr/lib/modules/6.1.0-1025-rockchip/kernel/drivers/net/wireless/realtek/rtlwifi/rtl8723be
200K	/usr/lib/modules/6.1.0-1025-rockchip/kernel/drivers/net/wireless/realtek/rtlwifi/rtl8192ee
376K	/usr/lib/modules/6.1.0-1025-rockchip/kernel/drivers/net/wireless/realtek/rtlwifi/btcoexist
76K	/usr/lib/modules/6.1.0-1025-rockchip/kernel/drivers/net/wireless/realtek/rtlwifi/rtl8723com
176K	/usr/lib/modules/6.1.0-1025-rockchip/kernel/drivers/net/wireless/realtek/rtlwifi/rtl8192cu
1.6M	/usr/lib/modules/6.1.0-1025-rockchip/kernel/drivers/net/wireless/realtek/rtlwifi
3.0M	/usr/lib/modules/6.1.0-1025-rockchip/kernel/drivers/net/wireless/realtek/rtw89
224K	/usr/lib/modules/6.1.0-1025-rockchip/kernel/drivers/net/wireless/realtek/rtl8xxxu
6.7M	/usr/lib/modules/6.1.0-1025-rockchip/kernel/drivers/net/wireless/realtek
16K	/usr/lib/modules/6.1.0-1025-rockchip/kernel/drivers/net/wireless/aic8800_sdio/aic8800_btlpm
768K	/usr/lib/modules/6.1.0-1025-rockchip/kernel/drivers/net/wireless/aic8800_sdio/aic8800_fdrv
164K	/usr/lib/modules/6.1.0-1025-rockchip/kernel/drivers/net/wireless/aic8800_sdio/aic8800_bsp
952K	/usr/lib/modules/6.1.0-1025-rockchip/kernel/drivers/net/wireless/aic8800_sdio
88K	/usr/lib/modules/6.1.0-1025-rockchip/kernel/drivers/net/wireless/atmel
632K	/usr/lib/modules/6.1.0-1025-rockchip/kernel/drivers/net/wireless/broadcom/b43
212K	/usr/lib/modules/6.1.0-1025-rockchip/kernel/drivers/net/wireless/broadcom/b43legacy
28K	/usr/lib/modules/6.1.0-1025-rockchip/kernel/drivers/net/wireless/broadcom/brcm80211/brcmutil
580K	/usr/lib/modules/6.1.0-1025-rockchip/kernel/drivers/net/wireless/broadcom/brcm80211/brcmfmac
760K	/usr/lib/modules/6.1.0-1025-rockchip/kernel/drivers/net/wireless/broadcom/brcm80211/brcmsmac
1.4M	/usr/lib/modules/6.1.0-1025-rockchip/kernel/drivers/net/wireless/broadcom/brcm80211
2.2M	/usr/lib/modules/6.1.0-1025-rockchip/kernel/drivers/net/wireless/broadcom
6.5M	/usr/lib/modules/6.1.0-1025-rockchip/kernel/drivers/net/wireless/rtl88x2bu
48K	/usr/lib/modules/6.1.0-1025-rockchip/kernel/drivers/net/wireless/zydas
56M	/usr/lib/modules/6.1.0-1025-rockchip/kernel/drivers/net/wireless
168K	/usr/lib/modules/6.1.0-1025-rockchip/kernel/drivers/net/phy
1.2M	/usr/lib/modules/6.1.0-1025-rockchip/kernel/drivers/net/usb
64K	/usr/lib/modules/6.1.0-1025-rockchip/kernel/drivers/net/ipvlan
84K	/usr/lib/modules/6.1.0-1025-rockchip/kernel/drivers/net/team
60M	/usr/lib/modules/6.1.0-1025-rockchip/kernel/drivers/net
16K	/usr/lib/modules/6.1.0-1025-rockchip/kernel/drivers/thermal
32K	/usr/lib/modules/6.1.0-1025-rockchip/kernel/drivers/mux
200K	/usr/lib/modules/6.1.0-1025-rockchip/kernel/drivers/nvme/host
428K	/usr/lib/modules/6.1.0-1025-rockchip/kernel/drivers/nvme/target
632K	/usr/lib/modules/6.1.0-1025-rockchip/kernel/drivers/nvme
20K	/usr/lib/modules/6.1.0-1025-rockchip/kernel/drivers/char/hw_random
24K	/usr/lib/modules/6.1.0-1025-rockchip/kernel/drivers/char
28K	/usr/lib/modules/6.1.0-1025-rockchip/kernel/drivers/power/supply
32K	/usr/lib/modules/6.1.0-1025-rockchip/kernel/drivers/power
44K	/usr/lib/modules/6.1.0-1025-rockchip/kernel/drivers/ptp
64K	/usr/lib/modules/6.1.0-1025-rockchip/kernel/drivers/iio/common/st_sensors
28K	/usr/lib/modules/6.1.0-1025-rockchip/kernel/drivers/iio/common/ms_sensors
96K	/usr/lib/modules/6.1.0-1025-rockchip/kernel/drivers/iio/common
24K	/usr/lib/modules/6.1.0-1025-rockchip/kernel/drivers/iio/potentiostat
316K	/usr/lib/modules/6.1.0-1025-rockchip/kernel/drivers/iio/proximity
32K	/usr/lib/modules/6.1.0-1025-rockchip/kernel/drivers/iio/resolver
24K	/usr/lib/modules/6.1.0-1025-rockchip/kernel/drivers/iio/adc
96K	/usr/lib/modules/6.1.0-1025-rockchip/kernel/drivers/iio/health
224K	/usr/lib/modules/6.1.0-1025-rockchip/kernel/drivers/iio/potentiometer
24K	/usr/lib/modules/6.1.0-1025-rockchip/kernel/drivers/iio/dac
332K	/usr/lib/modules/6.1.0-1025-rockchip/kernel/drivers/iio/gyro
344K	/usr/lib/modules/6.1.0-1025-rockchip/kernel/drivers/iio/chemical
208K	/usr/lib/modules/6.1.0-1025-rockchip/kernel/drivers/iio/temperature
408K	/usr/lib/modules/6.1.0-1025-rockchip/kernel/drivers/iio/pressure
356K	/usr/lib/modules/6.1.0-1025-rockchip/kernel/drivers/iio/magnetometer
16K	/usr/lib/modules/6.1.0-1025-rockchip/kernel/drivers/iio/buffer
32K	/usr/lib/modules/6.1.0-1025-rockchip/kernel/drivers/iio/imu
164K	/usr/lib/modules/6.1.0-1025-rockchip/kernel/drivers/iio/humidity
1012K	/usr/lib/modules/6.1.0-1025-rockchip/kernel/drivers/iio/accel
3.7M	/usr/lib/modules/6.1.0-1025-rockchip/kernel/drivers/iio
116K	/usr/lib/modules/6.1.0-1025-rockchip/kernel/drivers/ssb
320K	/usr/lib/modules/6.1.0-1025-rockchip/kernel/drivers/vhost
652K	/usr/lib/modules/6.1.0-1025-rockchip/kernel/drivers/scsi
88K	/usr/lib/modules/6.1.0-1025-rockchip/kernel/drivers/spi
140K	/usr/lib/modules/6.1.0-1025-rockchip/kernel/drivers/bus/mhi/host
144K	/usr/lib/modules/6.1.0-1025-rockchip/kernel/drivers/bus/mhi
148K	/usr/lib/modules/6.1.0-1025-rockchip/kernel/drivers/bus
72K	/usr/lib/modules/6.1.0-1025-rockchip/kernel/drivers/mfd
304K	/usr/lib/modules/6.1.0-1025-rockchip/kernel/drivers/w1/slaves
124K	/usr/lib/modules/6.1.0-1025-rockchip/kernel/drivers/w1/masters
512K	/usr/lib/modules/6.1.0-1025-rockchip/kernel/drivers/w1
584K	/usr/lib/modules/6.1.0-1025-rockchip/kernel/drivers/target/iscsi
1.2M	/usr/lib/modules/6.1.0-1025-rockchip/kernel/drivers/target
480K	/usr/lib/modules/6.1.0-1025-rockchip/kernel/drivers/video/backlight
484K	/usr/lib/modules/6.1.0-1025-rockchip/kernel/drivers/video
60K	/usr/lib/modules/6.1.0-1025-rockchip/kernel/drivers/spmi
32K	/usr/lib/modules/6.1.0-1025-rockchip/kernel/drivers/leds/trigger
36K	/usr/lib/modules/6.1.0-1025-rockchip/kernel/drivers/leds
32K	/usr/lib/modules/6.1.0-1025-rockchip/kernel/drivers/pps/clients
36K	/usr/lib/modules/6.1.0-1025-rockchip/kernel/drivers/pps
672K	/usr/lib/modules/6.1.0-1025-rockchip/kernel/drivers/hid
952K	/usr/lib/modules/6.1.0-1025-rockchip/kernel/drivers/bluetooth
132K	/usr/lib/modules/6.1.0-1025-rockchip/kernel/drivers/input/sensors/psensor
36K	/usr/lib/modules/6.1.0-1025-rockchip/kernel/drivers/input/sensors/hall
116K	/usr/lib/modules/6.1.0-1025-rockchip/kernel/drivers/input/sensors/gyro
20K	/usr/lib/modules/6.1.0-1025-rockchip/kernel/drivers/input/sensors/temperature
36K	/usr/lib/modules/6.1.0-1025-rockchip/kernel/drivers/input/sensors/angle
20K	/usr/lib/modules/6.1.0-1025-rockchip/kernel/drivers/input/sensors/pressure
216K	/usr/lib/modules/6.1.0-1025-rockchip/kernel/drivers/input/sensors/lsensor
88K	/usr/lib/modules/6.1.0-1025-rockchip/kernel/drivers/input/sensors/compass
28K	/usr/lib/modules/6.1.0-1025-rockchip/kernel/drivers/input/sensors/accel/da228e
28K	/usr/lib/modules/6.1.0-1025-rockchip/kernel/drivers/input/sensors/accel/da215s
440K	/usr/lib/modules/6.1.0-1025-rockchip/kernel/drivers/input/sensors/accel
1.2M	/usr/lib/modules/6.1.0-1025-rockchip/kernel/drivers/input/sensors
72K	/usr/lib/modules/6.1.0-1025-rockchip/kernel/drivers/input/joystick/iforce
564K	/usr/lib/modules/6.1.0-1025-rockchip/kernel/drivers/input/joystick
36K	/usr/lib/modules/6.1.0-1025-rockchip/kernel/drivers/input/gameport
224K	/usr/lib/modules/6.1.0-1025-rockchip/kernel/drivers/input/touchscreen/elan
180K	/usr/lib/modules/6.1.0-1025-rockchip/kernel/drivers/input/touchscreen/cyttsp5
2.4M	/usr/lib/modules/6.1.0-1025-rockchip/kernel/drivers/input/touchscreen
624K	/usr/lib/modules/6.1.0-1025-rockchip/kernel/drivers/input/keyboard
100K	/usr/lib/modules/6.1.0-1025-rockchip/kernel/drivers/input/serio
560K	/usr/lib/modules/6.1.0-1025-rockchip/kernel/drivers/input/mouse
140K	/usr/lib/modules/6.1.0-1025-rockchip/kernel/drivers/input/tablet
5.6M	/usr/lib/modules/6.1.0-1025-rockchip/kernel/drivers/input
52K	/usr/lib/modules/6.1.0-1025-rockchip/kernel/drivers/block/zram
184K	/usr/lib/modules/6.1.0-1025-rockchip/kernel/drivers/block
452K	/usr/lib/modules/6.1.0-1025-rockchip/kernel/drivers/staging/fbtft
456K	/usr/lib/modules/6.1.0-1025-rockchip/kernel/drivers/staging
240K	/usr/lib/modules/6.1.0-1025-rockchip/kernel/drivers/i2c/busses
156K	/usr/lib/modules/6.1.0-1025-rockchip/kernel/drivers/i2c/muxes
24K	/usr/lib/modules/6.1.0-1025-rockchip/kernel/drivers/i2c/algos
492K	/usr/lib/modules/6.1.0-1025-rockchip/kernel/drivers/i2c
40K	/usr/lib/modules/6.1.0-1025-rockchip/kernel/drivers/soc/qcom
44K	/usr/lib/modules/6.1.0-1025-rockchip/kernel/drivers/soc
40K	/usr/lib/modules/6.1.0-1025-rockchip/kernel/drivers/hsi
12K	/usr/lib/modules/6.1.0-1025-rockchip/kernel/drivers/base/regmap
16K	/usr/lib/modules/6.1.0-1025-rockchip/kernel/drivers/base
44K	/usr/lib/modules/6.1.0-1025-rockchip/kernel/drivers/media/v4l2-core
20K	/usr/lib/modules/6.1.0-1025-rockchip/kernel/drivers/media/common/videobuf2
176K	/usr/lib/modules/6.1.0-1025-rockchip/kernel/drivers/media/common/siano
72K	/usr/lib/modules/6.1.0-1025-rockchip/kernel/drivers/media/common/b2c2
352K	/usr/lib/modules/6.1.0-1025-rockchip/kernel/drivers/media/common
56K	/usr/lib/modules/6.1.0-1025-rockchip/kernel/drivers/media/pci/tw5864
256K	/usr/lib/modules/6.1.0-1025-rockchip/kernel/drivers/media/pci/saa7164
44K	/usr/lib/modules/6.1.0-1025-rockchip/kernel/drivers/media/pci/pt1
52K	/usr/lib/modules/6.1.0-1025-rockchip/kernel/drivers/media/pci/tw68
44K	/usr/lib/modules/6.1.0-1025-rockchip/kernel/drivers/media/pci/pt3
64K	/usr/lib/modules/6.1.0-1025-rockchip/kernel/drivers/media/pci/tw686x
100K	/usr/lib/modules/6.1.0-1025-rockchip/kernel/drivers/media/pci/ngene
120K	/usr/lib/modules/6.1.0-1025-rockchip/kernel/drivers/media/pci/solo6x10
28K	/usr/lib/modules/6.1.0-1025-rockchip/kernel/drivers/media/pci/dt3155
120K	/usr/lib/modules/6.1.0-1025-rockchip/kernel/drivers/media/pci/cx25821
28K	/usr/lib/modules/6.1.0-1025-rockchip/kernel/drivers/media/pci/pluto2
172K	/usr/lib/modules/6.1.0-1025-rockchip/kernel/drivers/media/pci/ddbridge
40K	/usr/lib/modules/6.1.0-1025-rockchip/kernel/drivers/media/pci/b2c2
88K	/usr/lib/modules/6.1.0-1025-rockchip/kernel/drivers/media/pci/netup_unidvb
472K	/usr/lib/modules/6.1.0-1025-rockchip/kernel/drivers/media/pci/saa7134
1.7M	/usr/lib/modules/6.1.0-1025-rockchip/kernel/drivers/media/pci
140K	/usr/lib/modules/6.1.0-1025-rockchip/kernel/drivers/media/platform/rockchip/vpss
144K	/usr/lib/modules/6.1.0-1025-rockchip/kernel/drivers/media/platform/rockchip
184K	/usr/lib/modules/6.1.0-1025-rockchip/kernel/drivers/media/platform
56K	/usr/lib/modules/6.1.0-1025-rockchip/kernel/drivers/media/spi
80K	/usr/lib/modules/6.1.0-1025-rockchip/kernel/drivers/media/radio/si4713
80K	/usr/lib/modules/6.1.0-1025-rockchip/kernel/drivers/media/radio/si470x
488K	/usr/lib/modules/6.1.0-1025-rockchip/kernel/drivers/media/radio
24K	/usr/lib/modules/6.1.0-1025-rockchip/kernel/drivers/media/cec/i2c
28K	/usr/lib/modules/6.1.0-1025-rockchip/kernel/drivers/media/cec/usb/rainshadow
40K	/usr/lib/modules/6.1.0-1025-rockchip/kernel/drivers/media/cec/usb/pulse8
72K	/usr/lib/modules/6.1.0-1025-rockchip/kernel/drivers/media/cec/usb
100K	/usr/lib/modules/6.1.0-1025-rockchip/kernel/drivers/media/cec
68K	/usr/lib/modules/6.1.0-1025-rockchip/kernel/drivers/media/i2c/adv748x
48K	/usr/lib/modules/6.1.0-1025-rockchip/kernel/drivers/media/i2c/m5mols
64K	/usr/lib/modules/6.1.0-1025-rockchip/kernel/drivers/media/i2c/s5c73m3
428K	/usr/lib/modules/6.1.0-1025-rockchip/kernel/drivers/media/i2c/nvp6158_drv
44K	/usr/lib/modules/6.1.0-1025-rockchip/kernel/drivers/media/i2c/et8ek8
108K	/usr/lib/modules/6.1.0-1025-rockchip/kernel/drivers/media/i2c/cx25840
6.9M	/usr/lib/modules/6.1.0-1025-rockchip/kernel/drivers/media/i2c
148K	/usr/lib/modules/6.1.0-1025-rockchip/kernel/drivers/media/dvb-frontends/cxd2880
112K	/usr/lib/modules/6.1.0-1025-rockchip/kernel/drivers/media/dvb-frontends/drx39xyj
3.6M	/usr/lib/modules/6.1.0-1025-rockchip/kernel/drivers/media/dvb-frontends
556K	/usr/lib/modules/6.1.0-1025-rockchip/kernel/drivers/media/tuners
68K	/usr/lib/modules/6.1.0-1025-rockchip/kernel/drivers/media/usb/ttusb-dec
376K	/usr/lib/modules/6.1.0-1025-rockchip/kernel/drivers/media/usb/cx231xx
64K	/usr/lib/modules/6.1.0-1025-rockchip/kernel/drivers/media/usb/hdpvr
168K	/usr/lib/modules/6.1.0-1025-rockchip/kernel/drivers/media/usb/go7007
60K	/usr/lib/modules/6.1.0-1025-rockchip/kernel/drivers/media/usb/siano
688K	/usr/lib/modules/6.1.0-1025-rockchip/kernel/drivers/media/usb/dvb-usb-v2
68K	/usr/lib/modules/6.1.0-1025-rockchip/kernel/drivers/media/usb/s2255
48K	/usr/lib/modules/6.1.0-1025-rockchip/kernel/drivers/media/usb/ttusb-budget
48K	/usr/lib/modules/6.1.0-1025-rockchip/kernel/drivers/media/usb/airspy
124K	/usr/lib/modules/6.1.0-1025-rockchip/kernel/drivers/media/usb/pwc
68K	/usr/lib/modules/6.1.0-1025-rockchip/kernel/drivers/media/usb/hackrf
44K	/usr/lib/modules/6.1.0-1025-rockchip/kernel/drivers/media/usb/usbtv
56K	/usr/lib/modules/6.1.0-1025-rockchip/kernel/drivers/media/usb/as102
36K	/usr/lib/modules/6.1.0-1025-rockchip/kernel/drivers/media/usb/b2c2
52K	/usr/lib/modules/6.1.0-1025-rockchip/kernel/drivers/media/usb/stk1160
92K	/usr/lib/modules/6.1.0-1025-rockchip/kernel/drivers/media/usb/gspca/m5602
56K	/usr/lib/modules/6.1.0-1025-rockchip/kernel/drivers/media/usb/gspca/stv06xx
72K	/usr/lib/modules/6.1.0-1025-rockchip/kernel/drivers/media/usb/gspca/gl860
1.6M	/usr/lib/modules/6.1.0-1025-rockchip/kernel/drivers/media/usb/gspca
320K	/usr/lib/modules/6.1.0-1025-rockchip/kernel/drivers/media/usb/pvrusb2
56K	/usr/lib/modules/6.1.0-1025-rockchip/kernel/drivers/media/usb/msi2500
360K	/usr/lib/modules/6.1.0-1025-rockchip/kernel/drivers/media/usb/em28xx
132K	/usr/lib/modules/6.1.0-1025-rockchip/kernel/drivers/media/usb/au0828
4.4M	/usr/lib/modules/6.1.0-1025-rockchip/kernel/drivers/media/usb
19M	/usr/lib/modules/6.1.0-1025-rockchip/kernel/drivers/media
160K	/usr/lib/modules/6.1.0-1025-rockchip/kernel/drivers/md/persistent-data
472K	/usr/lib/modules/6.1.0-1025-rockchip/kernel/drivers/md/bcache
2.9M	/usr/lib/modules/6.1.0-1025-rockchip/kernel/drivers/md
104K	/usr/lib/modules/6.1.0-1025-rockchip/kernel/drivers/bcma
168K	/usr/lib/modules/6.1.0-1025-rockchip/kernel/drivers/uio
24K	/usr/lib/modules/6.1.0-1025-rockchip/kernel/drivers/virtio
2.2M	/usr/lib/modules/6.1.0-1025-rockchip/kernel/drivers/usb/serial
48K	/usr/lib/modules/6.1.0-1025-rockchip/kernel/drivers/usb/common
52K	/usr/lib/modules/6.1.0-1025-rockchip/kernel/drivers/usb/atm
264K	/usr/lib/modules/6.1.0-1025-rockchip/kernel/drivers/usb/storage
60K	/usr/lib/modules/6.1.0-1025-rockchip/kernel/drivers/usb/misc/sisusbvga
540K	/usr/lib/modules/6.1.0-1025-rockchip/kernel/drivers/usb/misc
156K	/usr/lib/modules/6.1.0-1025-rockchip/kernel/drivers/usb/class
56K	/usr/lib/modules/6.1.0-1025-rockchip/kernel/drivers/usb/image
48K	/usr/lib/modules/6.1.0-1025-rockchip/kernel/drivers/usb/gadget/function
124K	/usr/lib/modules/6.1.0-1025-rockchip/kernel/drivers/usb/gadget/udc/bdc
924K	/usr/lib/modules/6.1.0-1025-rockchip/kernel/drivers/usb/gadget/udc
392K	/usr/lib/modules/6.1.0-1025-rockchip/kernel/drivers/usb/gadget/legacy
1.4M	/usr/lib/modules/6.1.0-1025-rockchip/kernel/drivers/usb/gadget
268K	/usr/lib/modules/6.1.0-1025-rockchip/kernel/drivers/usb/usbip
56K	/usr/lib/modules/6.1.0-1025-rockchip/kernel/drivers/usb/mon
4.9M	/usr/lib/modules/6.1.0-1025-rockchip/kernel/drivers/usb
140K	/usr/lib/modules/6.1.0-1025-rockchip/kernel/drivers/gpu/drm/panfrost
24K	/usr/lib/modules/6.1.0-1025-rockchip/kernel/drivers/gpu/drm/display
32K	/usr/lib/modules/6.1.0-1025-rockchip/kernel/drivers/gpu/drm/rockchip
76K	/usr/lib/modules/6.1.0-1025-rockchip/kernel/drivers/gpu/drm/scheduler
128K	/usr/lib/modules/6.1.0-1025-rockchip/kernel/drivers/gpu/drm/lima
1.4M	/usr/lib/modules/6.1.0-1025-rockchip/kernel/drivers/gpu/drm/panel
1.9M	/usr/lib/modules/6.1.0-1025-rockchip/kernel/drivers/gpu/drm
1.9M	/usr/lib/modules/6.1.0-1025-rockchip/kernel/drivers/gpu
416K	/usr/lib/modules/6.1.0-1025-rockchip/kernel/drivers/gpio
36K	/usr/lib/modules/6.1.0-1025-rockchip/kernel/drivers/pwm
109M	/usr/lib/modules/6.1.0-1025-rockchip/kernel/drivers
40K	/usr/lib/modules/6.1.0-1025-rockchip/kernel/security/keys/encrypted-keys
60K	/usr/lib/modules/6.1.0-1025-rockchip/kernel/security/keys/trusted-keys
104K	/usr/lib/modules/6.1.0-1025-rockchip/kernel/security/keys
108K	/usr/lib/modules/6.1.0-1025-rockchip/kernel/security
68K	/usr/lib/modules/6.1.0-1025-rockchip/kernel/sound/soc/codecs/it6621
376K	/usr/lib/modules/6.1.0-1025-rockchip/kernel/sound/soc/codecs/aw882xx
448K	/usr/lib/modules/6.1.0-1025-rockchip/kernel/sound/soc/codecs
32K	/usr/lib/modules/6.1.0-1025-rockchip/kernel/sound/soc/rockchip
484K	/usr/lib/modules/6.1.0-1025-rockchip/kernel/sound/soc
488K	/usr/lib/modules/6.1.0-1025-rockchip/kernel/sound
12K	/usr/lib/modules/6.1.0-1025-rockchip/kernel/lib/math
72K	/usr/lib/modules/6.1.0-1025-rockchip/kernel/lib/crypto
148K	/usr/lib/modules/6.1.0-1025-rockchip/kernel/lib
72K	/usr/lib/modules/6.1.0-1025-rockchip/kernel/v4l2loopback
144M	/usr/lib/modules/6.1.0-1025-rockchip/kernel
4.0K	/usr/lib/modules/6.1.0-1025-rockchip/initrd
28K	/usr/lib/modules/6.1.0-1025-rockchip/vdso
147M	/usr/lib/modules/6.1.0-1025-rockchip
147M	/usr/lib/modules
24K	/usr/lib/python3/dist-packages/Babel-2.10.3.egg-info
16K	/usr/lib/python3/dist-packages/jsonpatch-1.32.egg-info
220K	/usr/lib/python3/dist-packages/serial/__pycache__
84K	/usr/lib/python3/dist-packages/serial/urlhandler/__pycache__
152K	/usr/lib/python3/dist-packages/serial/urlhandler
132K	/usr/lib/python3/dist-packages/serial/tools/__pycache__
232K	/usr/lib/python3/dist-packages/serial/tools
20K	/usr/lib/python3/dist-packages/serial/threaded/__pycache__
36K	/usr/lib/python3/dist-packages/serial/threaded
832K	/usr/lib/python3/dist-packages/serial
144K	/usr/lib/python3/dist-packages/configobj/__pycache__
288K	/usr/lib/python3/dist-packages/configobj
408K	/usr/lib/python3/dist-packages/setuptools/command/__pycache__
740K	/usr/lib/python3/dist-packages/setuptools/command
432K	/usr/lib/python3/dist-packages/setuptools/__pycache__
140K	/usr/lib/python3/dist-packages/setuptools/_vendor/__pycache__
80K	/usr/lib/python3/dist-packages/setuptools/_vendor/importlib_resources/__pycache__
132K	/usr/lib/python3/dist-packages/setuptools/_vendor/importlib_resources
84K	/usr/lib/python3/dist-packages/setuptools/_vendor/importlib_metadata/__pycache__
148K	/usr/lib/python3/dist-packages/setuptools/_vendor/importlib_metadata
44K	/usr/lib/python3/dist-packages/setuptools/_vendor/tomli/__pycache__
84K	/usr/lib/python3/dist-packages/setuptools/_vendor/tomli
168K	/usr/lib/python3/dist-packages/setuptools/_vendor/more_itertools/__pycache__
308K	/usr/lib/python3/dist-packages/setuptools/_vendor/more_itertools
44K	/usr/lib/python3/dist-packages/setuptools/_vendor/jaraco/__pycache__
28K	/usr/lib/python3/dist-packages/setuptools/_vendor/jaraco/text/__pycache__
48K	/usr/lib/python3/dist-packages/setuptools/_vendor/jaraco/text
120K	/usr/lib/python3/dist-packages/setuptools/_vendor/jaraco
188K	/usr/lib/python3/dist-packages/setuptools/_vendor/packaging/__pycache__
360K	/usr/lib/python3/dist-packages/setuptools/_vendor/packaging
1.4M	/usr/lib/python3/dist-packages/setuptools/_vendor
112K	/usr/lib/python3/dist-packages/setuptools/config/__pycache__
224K	/usr/lib/python3/dist-packages/setuptools/config/_validate_pyproject/__pycache__
536K	/usr/lib/python3/dist-packages/setuptools/config/_validate_pyproject
740K	/usr/lib/python3/dist-packages/setuptools/config
8.0K	/usr/lib/python3/dist-packages/setuptools/extern/__pycache__
16K	/usr/lib/python3/dist-packages/setuptools/extern
264K	/usr/lib/python3/dist-packages/setuptools/_distutils/command/__pycache__
524K	/usr/lib/python3/dist-packages/setuptools/_distutils/command
476K	/usr/lib/python3/dist-packages/setuptools/_distutils/__pycache__
1.5M	/usr/lib/python3/dist-packages/setuptools/_distutils
5.1M	/usr/lib/python3/dist-packages/setuptools
20K	/usr/lib/python3/dist-packages/dnspython-2.6.1.dist-info
292K	/usr/lib/python3/dist-packages/OpenSSL/__pycache__
524K	/usr/lib/python3/dist-packages/OpenSSL
628K	/usr/lib/python3/dist-packages/__pycache__
252K	/usr/lib/python3/dist-packages/pexpect/__pycache__
476K	/usr/lib/python3/dist-packages/pexpect
112K	/usr/lib/python3/dist-packages/hyperlink/__pycache__
128K	/usr/lib/python3/dist-packages/hyperlink/test/__pycache__
228K	/usr/lib/python3/dist-packages/hyperlink/test
480K	/usr/lib/python3/dist-packages/hyperlink
236K	/usr/lib/python3/dist-packages/pyrsistent/__pycache__
420K	/usr/lib/python3/dist-packages/pyrsistent
36K	/usr/lib/python3/dist-packages/CommandNotFound/__pycache__
28K	/usr/lib/python3/dist-packages/CommandNotFound/db/__pycache__
52K	/usr/lib/python3/dist-packages/CommandNotFound/db
116K	/usr/lib/python3/dist-packages/CommandNotFound
24K	/usr/lib/python3/dist-packages/Jinja2-3.1.2.egg-info
20K	/usr/lib/python3/dist-packages/httplib2-0.20.4.dist-info
16K	/usr/lib/python3/dist-packages/bcrypt/__pycache__
104K	/usr/lib/python3/dist-packages/bcrypt
196K	/usr/lib/python3/dist-packages/pygments/__pycache__
3.5M	/usr/lib/python3/dist-packages/pygments/lexers/__pycache__
7.6M	/usr/lib/python3/dist-packages/pygments/lexers
240K	/usr/lib/python3/dist-packages/pygments/styles/__pycache__
464K	/usr/lib/python3/dist-packages/pygments/styles
44K	/usr/lib/python3/dist-packages/pygments/filters/__pycache__
88K	/usr/lib/python3/dist-packages/pygments/filters
188K	/usr/lib/python3/dist-packages/pygments/formatters/__pycache__
356K	/usr/lib/python3/dist-packages/pygments/formatters
8.9M	/usr/lib/python3/dist-packages/pygments
104K	/usr/lib/python3/dist-packages/jeepney/__pycache__
92K	/usr/lib/python3/dist-packages/jeepney/io/__pycache__
56K	/usr/lib/python3/dist-packages/jeepney/io/tests/__pycache__
84K	/usr/lib/python3/dist-packages/jeepney/io/tests
240K	/usr/lib/python3/dist-packages/jeepney/io
48K	/usr/lib/python3/dist-packages/jeepney/tests/__pycache__
88K	/usr/lib/python3/dist-packages/jeepney/tests
504K	/usr/lib/python3/dist-packages/jeepney
464K	/usr/lib/python3/dist-packages/click/__pycache__
828K	/usr/lib/python3/dist-packages/click
24K	/usr/lib/python3/dist-packages/speedtest_cli-2.1.3.egg-info
352K	/usr/lib/python3/dist-packages/debian/__pycache__
200K	/usr/lib/python3/dist-packages/debian/_deb822_repro/__pycache__
400K	/usr/lib/python3/dist-packages/debian/_deb822_repro
1.1M	/usr/lib/python3/dist-packages/debian
32K	/usr/lib/python3/dist-packages/borgbackup-1.2.8.egg-info
72K	/usr/lib/python3/dist-packages/msgpack/__pycache__
332K	/usr/lib/python3/dist-packages/msgpack
8.0K	/usr/lib/python3/dist-packages/debian_bundle/__pycache__
16K	/usr/lib/python3/dist-packages/debian_bundle
32K	/usr/lib/python3/dist-packages/colorama-0.4.6.dist-info
1016K	/usr/lib/python3/dist-packages/dns/__pycache__
92K	/usr/lib/python3/dist-packages/dns/rdtypes/__pycache__
248K	/usr/lib/python3/dist-packages/dns/rdtypes/ANY/__pycache__
472K	/usr/lib/python3/dist-packages/dns/rdtypes/ANY
80K	/usr/lib/python3/dist-packages/dns/rdtypes/IN/__pycache__
148K	/usr/lib/python3/dist-packages/dns/rdtypes/IN
12K	/usr/lib/python3/dist-packages/dns/rdtypes/CH/__pycache__
24K	/usr/lib/python3/dist-packages/dns/rdtypes/CH
804K	/usr/lib/python3/dist-packages/dns/rdtypes
56K	/usr/lib/python3/dist-packages/dns/dnssecalgs/__pycache__
92K	/usr/lib/python3/dist-packages/dns/dnssecalgs
72K	/usr/lib/python3/dist-packages/dns/quic/__pycache__
112K	/usr/lib/python3/dist-packages/dns/quic
2.8M	/usr/lib/python3/dist-packages/dns
28K	/usr/lib/python3/dist-packages/Markdown-3.5.2.dist-info
20K	/usr/lib/python3/dist-packages/cloud_init-26.1.egg-info
20K	/usr/lib/python3/dist-packages/sos-4.10.2.egg-info
96K	/usr/lib/python3/dist-packages/twisted/words/__pycache__
160K	/usr/lib/python3/dist-packages/twisted/words/protocols/__pycache__
172K	/usr/lib/python3/dist-packages/twisted/words/protocols/jabber/__pycache__
308K	/usr/lib/python3/dist-packages/twisted/words/protocols/jabber
604K	/usr/lib/python3/dist-packages/twisted/words/protocols
8.0K	/usr/lib/python3/dist-packages/twisted/words/newsfragments
112K	/usr/lib/python3/dist-packages/twisted/words/xish/__pycache__
236K	/usr/lib/python3/dist-packages/twisted/words/xish
104K	/usr/lib/python3/dist-packages/twisted/words/im/__pycache__
260K	/usr/lib/python3/dist-packages/twisted/words/im
560K	/usr/lib/python3/dist-packages/twisted/words/test/__pycache__
928K	/usr/lib/python3/dist-packages/twisted/words/test
2.2M	/usr/lib/python3/dist-packages/twisted/words
32K	/usr/lib/python3/dist-packages/twisted/__pycache__
80K	/usr/lib/python3/dist-packages/twisted/cred/__pycache__
124K	/usr/lib/python3/dist-packages/twisted/cred/test/__pycache__
208K	/usr/lib/python3/dist-packages/twisted/cred/test
356K	/usr/lib/python3/dist-packages/twisted/cred
672K	/usr/lib/python3/dist-packages/twisted/python/__pycache__
8.0K	/usr/lib/python3/dist-packages/twisted/python/_pydoctortemplates
512K	/usr/lib/python3/dist-packages/twisted/python/test/__pycache__
876K	/usr/lib/python3/dist-packages/twisted/python/test
2.1M	/usr/lib/python3/dist-packages/twisted/python
72K	/usr/lib/python3/dist-packages/twisted/scripts/__pycache__
8.0K	/usr/lib/python3/dist-packages/twisted/scripts/newsfragments
16K	/usr/lib/python3/dist-packages/twisted/scripts/test/__pycache__
32K	/usr/lib/python3/dist-packages/twisted/scripts/test
172K	/usr/lib/python3/dist-packages/twisted/scripts
860K	/usr/lib/python3/dist-packages/twisted/web/__pycache__
20K	/usr/lib/python3/dist-packages/twisted/web/newsfragments
32K	/usr/lib/python3/dist-packages/twisted/web/_auth/__pycache__
60K	/usr/lib/python3/dist-packages/twisted/web/_auth
1.6M	/usr/lib/python3/dist-packages/twisted/web/test/__pycache__
2.7M	/usr/lib/python3/dist-packages/twisted/web/test
4.3M	/usr/lib/python3/dist-packages/twisted/web
764K	/usr/lib/python3/dist-packages/twisted/mail/__pycache__
24K	/usr/lib/python3/dist-packages/twisted/mail/scripts/__pycache__
44K	/usr/lib/python3/dist-packages/twisted/mail/scripts
8.0K	/usr/lib/python3/dist-packages/twisted/mail/newsfragments
840K	/usr/lib/python3/dist-packages/twisted/mail/test/__pycache__
1.4M	/usr/lib/python3/dist-packages/twisted/mail/test
2.8M	/usr/lib/python3/dist-packages/twisted/mail
68K	/usr/lib/python3/dist-packages/twisted/pair/__pycache__
108K	/usr/lib/python3/dist-packages/twisted/pair/test/__pycache__
200K	/usr/lib/python3/dist-packages/twisted/pair/test
328K	/usr/lib/python3/dist-packages/twisted/pair
580K	/usr/lib/python3/dist-packages/twisted/protocols/__pycache__
172K	/usr/lib/python3/dist-packages/twisted/protocols/test/__pycache__
296K	/usr/lib/python3/dist-packages/twisted/protocols/test
52K	/usr/lib/python3/dist-packages/twisted/protocols/haproxy/__pycache__
64K	/usr/lib/python3/dist-packages/twisted/protocols/haproxy/test/__pycache__
112K	/usr/lib/python3/dist-packages/twisted/protocols/haproxy/test
208K	/usr/lib/python3/dist-packages/twisted/protocols/haproxy
1.5M	/usr/lib/python3/dist-packages/twisted/protocols
112K	/usr/lib/python3/dist-packages/twisted/application/__pycache__
8.0K	/usr/lib/python3/dist-packages/twisted/application/newsfragments
32K	/usr/lib/python3/dist-packages/twisted/application/runner/__pycache__
60K	/usr/lib/python3/dist-packages/twisted/application/runner/test/__pycache__
104K	/usr/lib/python3/dist-packages/twisted/application/runner/test
164K	/usr/lib/python3/dist-packages/twisted/application/runner
28K	/usr/lib/python3/dist-packages/twisted/application/twist/__pycache__
44K	/usr/lib/python3/dist-packages/twisted/application/twist/test/__pycache__
72K	/usr/lib/python3/dist-packages/twisted/application/twist/test
120K	/usr/lib/python3/dist-packages/twisted/application/twist
80K	/usr/lib/python3/dist-packages/twisted/application/test/__pycache__
140K	/usr/lib/python3/dist-packages/twisted/application/test
636K	/usr/lib/python3/dist-packages/twisted/application
1.2M	/usr/lib/python3/dist-packages/twisted/internet/__pycache__
104K	/usr/lib/python3/dist-packages/twisted/internet/iocpreactor/__pycache__
188K	/usr/lib/python3/dist-packages/twisted/internet/iocpreactor
1.2M	/usr/lib/python3/dist-packages/twisted/internet/test/__pycache__
24K	/usr/lib/python3/dist-packages/twisted/internet/test/fake_CAs
2.0M	/usr/lib/python3/dist-packages/twisted/internet/test
4.4M	/usr/lib/python3/dist-packages/twisted/internet
32K	/usr/lib/python3/dist-packages/twisted/enterprise/__pycache__
60K	/usr/lib/python3/dist-packages/twisted/enterprise
8.0K	/usr/lib/python3/dist-packages/twisted/newsfragments
140K	/usr/lib/python3/dist-packages/twisted/logger/__pycache__
240K	/usr/lib/python3/dist-packages/twisted/logger/test/__pycache__
420K	/usr/lib/python3/dist-packages/twisted/logger/test
688K	/usr/lib/python3/dist-packages/twisted/logger
284K	/usr/lib/python3/dist-packages/twisted/conch/__pycache__
152K	/usr/lib/python3/dist-packages/twisted/conch/scripts/__pycache__
256K	/usr/lib/python3/dist-packages/twisted/conch/scripts
8.0K	/usr/lib/python3/dist-packages/twisted/conch/newsfragments
144K	/usr/lib/python3/dist-packages/twisted/conch/insults/__pycache__
240K	/usr/lib/python3/dist-packages/twisted/conch/insults
1.3M	/usr/lib/python3/dist-packages/twisted/conch/test/__pycache__
2.2M	/usr/lib/python3/dist-packages/twisted/conch/test
32K	/usr/lib/python3/dist-packages/twisted/conch/ui/__pycache__
56K	/usr/lib/python3/dist-packages/twisted/conch/ui
412K	/usr/lib/python3/dist-packages/twisted/conch/ssh/__pycache__
752K	/usr/lib/python3/dist-packages/twisted/conch/ssh
16K	/usr/lib/python3/dist-packages/twisted/conch/openssh_compat/__pycache__
32K	/usr/lib/python3/dist-packages/twisted/conch/openssh_compat
84K	/usr/lib/python3/dist-packages/twisted/conch/client/__pycache__
140K	/usr/lib/python3/dist-packages/twisted/conch/client
4.1M	/usr/lib/python3/dist-packages/twisted/conch
52K	/usr/lib/python3/dist-packages/twisted/runner/__pycache__
8.0K	/usr/lib/python3/dist-packages/twisted/runner/newsfragments
60K	/usr/lib/python3/dist-packages/twisted/runner/test/__pycache__
104K	/usr/lib/python3/dist-packages/twisted/runner/test
208K	/usr/lib/python3/dist-packages/twisted/runner
188K	/usr/lib/python3/dist-packages/twisted/spread/__pycache__
204K	/usr/lib/python3/dist-packages/twisted/spread/test/__pycache__
328K	/usr/lib/python3/dist-packages/twisted/spread/test
668K	/usr/lib/python3/dist-packages/twisted/spread
120K	/usr/lib/python3/dist-packages/twisted/persisted/__pycache__
4.0K	/usr/lib/python3/dist-packages/twisted/persisted/newsfragments
16K	/usr/lib/python3/dist-packages/twisted/persisted/test/__pycache__
28K	/usr/lib/python3/dist-packages/twisted/persisted/test
256K	/usr/lib/python3/dist-packages/twisted/persisted
88K	/usr/lib/python3/dist-packages/twisted/plugins/__pycache__
180K	/usr/lib/python3/dist-packages/twisted/plugins
44K	/usr/lib/python3/dist-packages/twisted/_threads/__pycache__
52K	/usr/lib/python3/dist-packages/twisted/_threads/test/__pycache__
88K	/usr/lib/python3/dist-packages/twisted/_threads/test
168K	/usr/lib/python3/dist-packages/twisted/_threads
332K	/usr/lib/python3/dist-packages/twisted/names/__pycache__
12K	/usr/lib/python3/dist-packages/twisted/names/newsfragments
552K	/usr/lib/python3/dist-packages/twisted/names/test/__pycache__
968K	/usr/lib/python3/dist-packages/twisted/names/test
1.6M	/usr/lib/python3/dist-packages/twisted/names
236K	/usr/lib/python3/dist-packages/twisted/trial/__pycache__
116K	/usr/lib/python3/dist-packages/twisted/trial/_dist/__pycache__
144K	/usr/lib/python3/dist-packages/twisted/trial/_dist/test/__pycache__
248K	/usr/lib/python3/dist-packages/twisted/trial/_dist/test
448K	/usr/lib/python3/dist-packages/twisted/trial/_dist
8.0K	/usr/lib/python3/dist-packages/twisted/trial/newsfragments
740K	/usr/lib/python3/dist-packages/twisted/trial/test/__pycache__
1.2M	/usr/lib/python3/dist-packages/twisted/trial/test
2.1M	/usr/lib/python3/dist-packages/twisted/trial
2.8M	/usr/lib/python3/dist-packages/twisted/test/__pycache__
4.7M	/usr/lib/python3/dist-packages/twisted/test
20K	/usr/lib/python3/dist-packages/twisted/tap/__pycache__
40K	/usr/lib/python3/dist-packages/twisted/tap
108K	/usr/lib/python3/dist-packages/twisted/positioning/__pycache__
124K	/usr/lib/python3/dist-packages/twisted/positioning/test/__pycache__
220K	/usr/lib/python3/dist-packages/twisted/positioning/test
408K	/usr/lib/python3/dist-packages/twisted/positioning
34M	/usr/lib/python3/dist-packages/twisted
8.0K	/usr/lib/python3/dist-packages/validate/__pycache__
16K	/usr/lib/python3/dist-packages/validate
444K	/usr/lib/python3/dist-packages/uaclient/__pycache__
28K	/usr/lib/python3/dist-packages/uaclient/api/__pycache__
8.0K	/usr/lib/python3/dist-packages/uaclient/api/u/__pycache__
8.0K	/usr/lib/python3/dist-packages/uaclient/api/u/apt_news/__pycache__
12K	/usr/lib/python3/dist-packages/uaclient/api/u/apt_news/current_news/__pycache__
20K	/usr/lib/python3/dist-packages/uaclient/api/u/apt_news/current_news
32K	/usr/lib/python3/dist-packages/uaclient/api/u/apt_news
8.0K	/usr/lib/python3/dist-packages/uaclient/api/u/pro/__pycache__
8.0K	/usr/lib/python3/dist-packages/uaclient/api/u/pro/status/__pycache__
16K	/usr/lib/python3/dist-packages/uaclient/api/u/pro/status/enabled_services/__pycache__
28K	/usr/lib/python3/dist-packages/uaclient/api/u/pro/status/enabled_services
16K	/usr/lib/python3/dist-packages/uaclient/api/u/pro/status/is_attached/__pycache__
28K	/usr/lib/python3/dist-packages/uaclient/api/u/pro/status/is_attached
68K	/usr/lib/python3/dist-packages/uaclient/api/u/pro/status
8.0K	/usr/lib/python3/dist-packages/uaclient/api/u/pro/attach/__pycache__
8.0K	/usr/lib/python3/dist-packages/uaclient/api/u/pro/attach/auto/__pycache__
12K	/usr/lib/python3/dist-packages/uaclient/api/u/pro/attach/auto/should_auto_attach/__pycache__
20K	/usr/lib/python3/dist-packages/uaclient/api/u/pro/attach/auto/should_auto_attach
20K	/usr/lib/python3/dist-packages/uaclient/api/u/pro/attach/auto/full_auto_attach/__pycache__
32K	/usr/lib/python3/dist-packages/uaclient/api/u/pro/attach/auto/full_auto_attach
12K	/usr/lib/python3/dist-packages/uaclient/api/u/pro/attach/auto/configure_retry_service/__pycache__
20K	/usr/lib/python3/dist-packages/uaclient/api/u/pro/attach/auto/configure_retry_service
84K	/usr/lib/python3/dist-packages/uaclient/api/u/pro/attach/auto
8.0K	/usr/lib/python3/dist-packages/uaclient/api/u/pro/attach/token/__pycache__
16K	/usr/lib/python3/dist-packages/uaclient/api/u/pro/attach/token/full_token_attach/__pycache__
28K	/usr/lib/python3/dist-packages/uaclient/api/u/pro/attach/token/full_token_attach
40K	/usr/lib/python3/dist-packages/uaclient/api/u/pro/attach/token
16K	/usr/lib/python3/dist-packages/uaclient/api/u/pro/attach/magic/wait/__pycache__
28K	/usr/lib/python3/dist-packages/uaclient/api/u/pro/attach/magic/wait
8.0K	/usr/lib/python3/dist-packages/uaclient/api/u/pro/attach/magic/__pycache__
12K	/usr/lib/python3/dist-packages/uaclient/api/u/pro/attach/magic/revoke/__pycache__
20K	/usr/lib/python3/dist-packages/uaclient/api/u/pro/attach/magic/revoke
12K	/usr/lib/python3/dist-packages/uaclient/api/u/pro/attach/magic/initiate/__pycache__
20K	/usr/lib/python3/dist-packages/uaclient/api/u/pro/attach/magic/initiate
80K	/usr/lib/python3/dist-packages/uaclient/api/u/pro/attach/magic
8.0K	/usr/lib/python3/dist-packages/uaclient/api/u/pro/attach/guest/__pycache__
12K	/usr/lib/python3/dist-packages/uaclient/api/u/pro/attach/guest/get_guest_token/__pycache__
20K	/usr/lib/python3/dist-packages/uaclient/api/u/pro/attach/guest/get_guest_token
32K	/usr/lib/python3/dist-packages/uaclient/api/u/pro/attach/guest
248K	/usr/lib/python3/dist-packages/uaclient/api/u/pro/attach
16K	/usr/lib/python3/dist-packages/uaclient/api/u/pro/detach/__pycache__
28K	/usr/lib/python3/dist-packages/uaclient/api/u/pro/detach
8.0K	/usr/lib/python3/dist-packages/uaclient/api/u/pro/security/__pycache__
8.0K	/usr/lib/python3/dist-packages/uaclient/api/u/pro/security/status/__pycache__
12K	/usr/lib/python3/dist-packages/uaclient/api/u/pro/security/status/livepatch_cves/__pycache__
20K	/usr/lib/python3/dist-packages/uaclient/api/u/pro/security/status/livepatch_cves
16K	/usr/lib/python3/dist-packages/uaclient/api/u/pro/security/status/reboot_required/__pycache__
28K	/usr/lib/python3/dist-packages/uaclient/api/u/pro/security/status/reboot_required
60K	/usr/lib/python3/dist-packages/uaclient/api/u/pro/security/status
24K	/usr/lib/python3/dist-packages/uaclient/api/u/pro/security/cves/__pycache__
32K	/usr/lib/python3/dist-packages/uaclient/api/u/pro/security/cves/_common/__pycache__
56K	/usr/lib/python3/dist-packages/uaclient/api/u/pro/security/cves/_common
96K	/usr/lib/python3/dist-packages/uaclient/api/u/pro/security/cves
8.0K	/usr/lib/python3/dist-packages/uaclient/api/u/pro/security/fix/__pycache__
36K	/usr/lib/python3/dist-packages/uaclient/api/u/pro/security/fix/_common/__pycache__
52K	/usr/lib/python3/dist-packages/uaclient/api/u/pro/security/fix/_common/plan/__pycache__
96K	/usr/lib/python3/dist-packages/uaclient/api/u/pro/security/fix/_common/plan
24K	/usr/lib/python3/dist-packages/uaclient/api/u/pro/security/fix/_common/execute/__pycache__
40K	/usr/lib/python3/dist-packages/uaclient/api/u/pro/security/fix/_common/execute
204K	/usr/lib/python3/dist-packages/uaclient/api/u/pro/security/fix/_common
8.0K	/usr/lib/python3/dist-packages/uaclient/api/u/pro/security/fix/cve/__pycache__
16K	/usr/lib/python3/dist-packages/uaclient/api/u/pro/security/fix/cve/plan/__pycache__
28K	/usr/lib/python3/dist-packages/uaclient/api/u/pro/security/fix/cve/plan
20K	/usr/lib/python3/dist-packages/uaclient/api/u/pro/security/fix/cve/execute/__pycache__
32K	/usr/lib/python3/dist-packages/uaclient/api/u/pro/security/fix/cve/execute
72K	/usr/lib/python3/dist-packages/uaclient/api/u/pro/security/fix/cve
8.0K	/usr/lib/python3/dist-packages/uaclient/api/u/pro/security/fix/usn/__pycache__
16K	/usr/lib/python3/dist-packages/uaclient/api/u/pro/security/fix/usn/plan/__pycache__
28K	/usr/lib/python3/dist-packages/uaclient/api/u/pro/security/fix/usn/plan
20K	/usr/lib/python3/dist-packages/uaclient/api/u/pro/security/fix/usn/execute/__pycache__
36K	/usr/lib/python3/dist-packages/uaclient/api/u/pro/security/fix/usn/execute
76K	/usr/lib/python3/dist-packages/uaclient/api/u/pro/security/fix/usn
368K	/usr/lib/python3/dist-packages/uaclient/api/u/pro/security/fix
536K	/usr/lib/python3/dist-packages/uaclient/api/u/pro/security
12K	/usr/lib/python3/dist-packages/uaclient/api/u/pro/version/__pycache__
20K	/usr/lib/python3/dist-packages/uaclient/api/u/pro/version
8.0K	/usr/lib/python3/dist-packages/uaclient/api/u/pro/packages/__pycache__
16K	/usr/lib/python3/dist-packages/uaclient/api/u/pro/packages/summary/__pycache__
28K	/usr/lib/python3/dist-packages/uaclient/api/u/pro/packages/summary
16K	/usr/lib/python3/dist-packages/uaclient/api/u/pro/packages/updates/__pycache__
28K	/usr/lib/python3/dist-packages/uaclient/api/u/pro/packages/updates
68K	/usr/lib/python3/dist-packages/uaclient/api/u/pro/packages
8.0K	/usr/lib/python3/dist-packages/uaclient/api/u/pro/services/__pycache__
16K	/usr/lib/python3/dist-packages/uaclient/api/u/pro/services/disable/__pycache__
28K	/usr/lib/python3/dist-packages/uaclient/api/u/pro/services/disable
16K	/usr/lib/python3/dist-packages/uaclient/api/u/pro/services/dependencies/__pycache__
28K	/usr/lib/python3/dist-packages/uaclient/api/u/pro/services/dependencies
20K	/usr/lib/python3/dist-packages/uaclient/api/u/pro/services/enable/__pycache__
36K	/usr/lib/python3/dist-packages/uaclient/api/u/pro/services/enable
104K	/usr/lib/python3/dist-packages/uaclient/api/u/pro/services
1.1M	/usr/lib/python3/dist-packages/uaclient/api/u/pro
8.0K	/usr/lib/python3/dist-packages/uaclient/api/u/security/__pycache__
12K	/usr/lib/python3/dist-packages/uaclient/api/u/security/package_manifest/__pycache__
20K	/usr/lib/python3/dist-packages/uaclient/api/u/security/package_manifest
32K	/usr/lib/python3/dist-packages/uaclient/api/u/security
8.0K	/usr/lib/python3/dist-packages/uaclient/api/u/unattended_upgrades/__pycache__
20K	/usr/lib/python3/dist-packages/uaclient/api/u/unattended_upgrades/status/__pycache__
36K	/usr/lib/python3/dist-packages/uaclient/api/u/unattended_upgrades/status
48K	/usr/lib/python3/dist-packages/uaclient/api/u/unattended_upgrades
1.2M	/usr/lib/python3/dist-packages/uaclient/api/u
1.3M	/usr/lib/python3/dist-packages/uaclient/api
212K	/usr/lib/python3/dist-packages/uaclient/entitlements/__pycache__
396K	/usr/lib/python3/dist-packages/uaclient/entitlements
68K	/usr/lib/python3/dist-packages/uaclient/files/__pycache__
124K	/usr/lib/python3/dist-packages/uaclient/files
44K	/usr/lib/python3/dist-packages/uaclient/clouds/__pycache__
80K	/usr/lib/python3/dist-packages/uaclient/clouds
124K	/usr/lib/python3/dist-packages/uaclient/messages/__pycache__
224K	/usr/lib/python3/dist-packages/uaclient/messages
224K	/usr/lib/python3/dist-packages/uaclient/cli/__pycache__
404K	/usr/lib/python3/dist-packages/uaclient/cli
20K	/usr/lib/python3/dist-packages/uaclient/timer/__pycache__
40K	/usr/lib/python3/dist-packages/uaclient/timer
24K	/usr/lib/python3/dist-packages/uaclient/daemon/__pycache__
44K	/usr/lib/python3/dist-packages/uaclient/daemon
36K	/usr/lib/python3/dist-packages/uaclient/http/__pycache__
64K	/usr/lib/python3/dist-packages/uaclient/http
3.4M	/usr/lib/python3/dist-packages/uaclient
140K	/usr/lib/python3/dist-packages/sos/__pycache__
116K	/usr/lib/python3/dist-packages/sos/report/__pycache__
2.1M	/usr/lib/python3/dist-packages/sos/report/plugins/__pycache__
4.2M	/usr/lib/python3/dist-packages/sos/report/plugins
4.4M	/usr/lib/python3/dist-packages/sos/report
144K	/usr/lib/python3/dist-packages/sos/collector/__pycache__
68K	/usr/lib/python3/dist-packages/sos/collector/transports/__pycache__
132K	/usr/lib/python3/dist-packages/sos/collector/transports
104K	/usr/lib/python3/dist-packages/sos/collector/clusters/__pycache__
192K	/usr/lib/python3/dist-packages/sos/collector/clusters
584K	/usr/lib/python3/dist-packages/sos/collector
12K	/usr/lib/python3/dist-packages/sos/presets/__pycache__
8.0K	/usr/lib/python3/dist-packages/sos/presets/redhat/__pycache__
20K	/usr/lib/python3/dist-packages/sos/presets/redhat
40K	/usr/lib/python3/dist-packages/sos/presets
32K	/usr/lib/python3/dist-packages/sos/policies/__pycache__
36K	/usr/lib/python3/dist-packages/sos/policies/package_managers/__pycache__
72K	/usr/lib/python3/dist-packages/sos/policies/package_managers
36K	/usr/lib/python3/dist-packages/sos/policies/runtimes/__pycache__
72K	/usr/lib/python3/dist-packages/sos/policies/runtimes
16K	/usr/lib/python3/dist-packages/sos/policies/init_systems/__pycache__
32K	/usr/lib/python3/dist-packages/sos/policies/init_systems
100K	/usr/lib/python3/dist-packages/sos/policies/distros/__pycache__
192K	/usr/lib/python3/dist-packages/sos/policies/distros
16K	/usr/lib/python3/dist-packages/sos/policies/auth/__pycache__
32K	/usr/lib/python3/dist-packages/sos/policies/auth
460K	/usr/lib/python3/dist-packages/sos/policies
20K	/usr/lib/python3/dist-packages/sos/help/__pycache__
36K	/usr/lib/python3/dist-packages/sos/help
52K	/usr/lib/python3/dist-packages/sos/cleaner/__pycache__
32K	/usr/lib/python3/dist-packages/sos/cleaner/preppers/__pycache__
64K	/usr/lib/python3/dist-packages/sos/cleaner/preppers
68K	/usr/lib/python3/dist-packages/sos/cleaner/mappings/__pycache__
128K	/usr/lib/python3/dist-packages/sos/cleaner/mappings
48K	/usr/lib/python3/dist-packages/sos/cleaner/archives/__pycache__
88K	/usr/lib/python3/dist-packages/sos/cleaner/archives
40K	/usr/lib/python3/dist-packages/sos/cleaner/parsers/__pycache__
76K	/usr/lib/python3/dist-packages/sos/cleaner/parsers
456K	/usr/lib/python3/dist-packages/sos/cleaner
20K	/usr/lib/python3/dist-packages/sos/upload/__pycache__
56K	/usr/lib/python3/dist-packages/sos/upload/targets/__pycache__
108K	/usr/lib/python3/dist-packages/sos/upload/targets
148K	/usr/lib/python3/dist-packages/sos/upload
6.4M	/usr/lib/python3/dist-packages/sos
52K	/usr/lib/python3/dist-packages/blinker/__pycache__
100K	/usr/lib/python3/dist-packages/blinker
340K	/usr/lib/python3/dist-packages/apport/__pycache__
100K	/usr/lib/python3/dist-packages/apport/crashdb_impl/__pycache__
184K	/usr/lib/python3/dist-packages/apport/crashdb_impl
104K	/usr/lib/python3/dist-packages/apport/packaging_impl/__pycache__
204K	/usr/lib/python3/dist-packages/apport/packaging_impl
1.1M	/usr/lib/python3/dist-packages/apport
84K	/usr/lib/python3/dist-packages/lazr/restfulclient/__pycache__
20K	/usr/lib/python3/dist-packages/lazr/restfulclient/authorize/__pycache__
40K	/usr/lib/python3/dist-packages/lazr/restfulclient/authorize
44K	/usr/lib/python3/dist-packages/lazr/restfulclient/tests/__pycache__
80K	/usr/lib/python3/dist-packages/lazr/restfulclient/tests
292K	/usr/lib/python3/dist-packages/lazr/restfulclient
28K	/usr/lib/python3/dist-packages/lazr/uri/__pycache__
16K	/usr/lib/python3/dist-packages/lazr/uri/docs
24K	/usr/lib/python3/dist-packages/lazr/uri/tests/__pycache__
44K	/usr/lib/python3/dist-packages/lazr/uri/tests
120K	/usr/lib/python3/dist-packages/lazr/uri
416K	/usr/lib/python3/dist-packages/lazr
20K	/usr/lib/python3/dist-packages/service_identity-24.1.0.dist-info
32K	/usr/lib/python3/dist-packages/ssh_import_id/__pycache__
60K	/usr/lib/python3/dist-packages/ssh_import_id
32K	/usr/lib/python3/dist-packages/incremental/__pycache__
72K	/usr/lib/python3/dist-packages/incremental/tests/__pycache__
132K	/usr/lib/python3/dist-packages/incremental/tests
196K	/usr/lib/python3/dist-packages/incremental
16K	/usr/lib/python3/dist-packages/python_debian-0.1.49+ubuntu2.egg-info
36K	/usr/lib/python3/dist-packages/cryptography/__pycache__
28K	/usr/lib/python3/dist-packages/cryptography/hazmat/__pycache__
68K	/usr/lib/python3/dist-packages/cryptography/hazmat/primitives/__pycache__
64K	/usr/lib/python3/dist-packages/cryptography/hazmat/primitives/ciphers/__pycache__
116K	/usr/lib/python3/dist-packages/cryptography/hazmat/primitives/ciphers
20K	/usr/lib/python3/dist-packages/cryptography/hazmat/primitives/twofactor/__pycache__
36K	/usr/lib/python3/dist-packages/cryptography/hazmat/primitives/twofactor
48K	/usr/lib/python3/dist-packages/cryptography/hazmat/primitives/kdf/__pycache__
88K	/usr/lib/python3/dist-packages/cryptography/hazmat/primitives/kdf
100K	/usr/lib/python3/dist-packages/cryptography/hazmat/primitives/serialization/__pycache__
180K	/usr/lib/python3/dist-packages/cryptography/hazmat/primitives/serialization
120K	/usr/lib/python3/dist-packages/cryptography/hazmat/primitives/asymmetric/__pycache__
204K	/usr/lib/python3/dist-packages/cryptography/hazmat/primitives/asymmetric
756K	/usr/lib/python3/dist-packages/cryptography/hazmat/primitives
8.0K	/usr/lib/python3/dist-packages/cryptography/hazmat/bindings/__pycache__
28K	/usr/lib/python3/dist-packages/cryptography/hazmat/bindings/openssl/__pycache__
56K	/usr/lib/python3/dist-packages/cryptography/hazmat/bindings/openssl
48K	/usr/lib/python3/dist-packages/cryptography/hazmat/bindings/_rust/openssl
80K	/usr/lib/python3/dist-packages/cryptography/hazmat/bindings/_rust
2.7M	/usr/lib/python3/dist-packages/cryptography/hazmat/bindings
8.0K	/usr/lib/python3/dist-packages/cryptography/hazmat/backends/__pycache__
208K	/usr/lib/python3/dist-packages/cryptography/hazmat/backends/openssl/__pycache__
364K	/usr/lib/python3/dist-packages/cryptography/hazmat/backends/openssl
380K	/usr/lib/python3/dist-packages/cryptography/hazmat/backends
3.8M	/usr/lib/python3/dist-packages/cryptography/hazmat
228K	/usr/lib/python3/dist-packages/cryptography/x509/__pycache__
396K	/usr/lib/python3/dist-packages/cryptography/x509
4.3M	/usr/lib/python3/dist-packages/cryptography
28K	/usr/lib/python3/dist-packages/cryptography.egg-info
60K	/usr/lib/python3/dist-packages/portalocker/__pycache__
112K	/usr/lib/python3/dist-packages/portalocker
84K	/usr/lib/python3/dist-packages/importlib_metadata/__pycache__
148K	/usr/lib/python3/dist-packages/importlib_metadata
104K	/usr/lib/python3/dist-packages/gssapi/__pycache__
184K	/usr/lib/python3/dist-packages/gssapi/tests/__pycache__
308K	/usr/lib/python3/dist-packages/gssapi/tests
16K	/usr/lib/python3/dist-packages/gssapi/raw/__pycache__
8.0K	/usr/lib/python3/dist-packages/gssapi/raw/_enum_extensions/__pycache__
288K	/usr/lib/python3/dist-packages/gssapi/raw/_enum_extensions
5.3M	/usr/lib/python3/dist-packages/gssapi/raw
5.8M	/usr/lib/python3/dist-packages/gssapi
1.2M	/usr/lib/python3/dist-packages/pyasn1_modules/__pycache__
2.1M	/usr/lib/python3/dist-packages/pyasn1_modules
16K	/usr/lib/python3/dist-packages/unattended_upgrades-0.1.egg-info
68K	/usr/lib/python3/dist-packages/distro/__pycache__
132K	/usr/lib/python3/dist-packages/distro
20K	/usr/lib/python3/dist-packages/pygments-2.17.2.dist-info
24K	/usr/lib/python3/dist-packages/Automat-22.10.0.egg-info
292K	/usr/lib/python3/dist-packages/yaml/__pycache__
748K	/usr/lib/python3/dist-packages/yaml
248K	/usr/lib/python3/dist-packages/ufw/__pycache__
476K	/usr/lib/python3/dist-packages/ufw
20K	/usr/lib/python3/dist-packages/PyYAML-6.0.1.dist-info
20K	/usr/lib/python3/dist-packages/gssapi-1.8.2.egg-info
32K	/usr/lib/python3/dist-packages/constantly/__pycache__
68K	/usr/lib/python3/dist-packages/constantly/test/__pycache__
116K	/usr/lib/python3/dist-packages/constantly/test
176K	/usr/lib/python3/dist-packages/constantly
24K	/usr/lib/python3/dist-packages/idna-3.6.dist-info
48K	/usr/lib/python3/dist-packages/service_identity/__pycache__
92K	/usr/lib/python3/dist-packages/service_identity
24K	/usr/lib/python3/dist-packages/chardet-5.2.0.dist-info
12K	/usr/lib/python3/dist-packages/HweSupportStatus/__pycache__
20K	/usr/lib/python3/dist-packages/HweSupportStatus
16K	/usr/lib/python3/dist-packages/mdurl-0.1.2.dist-info
12K	/usr/lib/python3/dist-packages/landscape/__pycache__
36K	/usr/lib/python3/dist-packages/landscape/message_schemas/__pycache__
76K	/usr/lib/python3/dist-packages/landscape/message_schemas
64K	/usr/lib/python3/dist-packages/landscape/sysinfo/__pycache__
124K	/usr/lib/python3/dist-packages/landscape/sysinfo
368K	/usr/lib/python3/dist-packages/landscape/lib/__pycache__
8.0K	/usr/lib/python3/dist-packages/landscape/lib/apt/__pycache__
112K	/usr/lib/python3/dist-packages/landscape/lib/apt/package/__pycache__
204K	/usr/lib/python3/dist-packages/landscape/lib/apt/package
216K	/usr/lib/python3/dist-packages/landscape/lib/apt
896K	/usr/lib/python3/dist-packages/landscape/lib
1.1M	/usr/lib/python3/dist-packages/landscape
20K	/usr/lib/python3/dist-packages/setuptools-68.1.2.egg-info
24K	/usr/lib/python3/dist-packages/jsonschema-4.10.3.dist-info
16K	/usr/lib/python3/dist-packages/packaging-24.0.dist-info
176K	/usr/lib/python3/dist-packages/dbus/__pycache__
12K	/usr/lib/python3/dist-packages/dbus/mainloop/__pycache__
24K	/usr/lib/python3/dist-packages/dbus/mainloop
388K	/usr/lib/python3/dist-packages/dbus
52K	/usr/lib/python3/dist-packages/ptyprocess/__pycache__
100K	/usr/lib/python3/dist-packages/ptyprocess
136K	/usr/lib/python3/dist-packages/httplib2/__pycache__
260K	/usr/lib/python3/dist-packages/httplib2
16K	/usr/lib/python3/dist-packages/systemd_python-235.egg-info
20K	/usr/lib/python3/dist-packages/importlib_metadata-4.12.0.dist-info
20K	/usr/lib/python3/dist-packages/jaraco.classes-3.2.1.egg-info
20K	/usr/lib/python3/dist-packages/decorator-5.1.1.egg-info
80K	/usr/lib/python3/dist-packages/keyring/__pycache__
24K	/usr/lib/python3/dist-packages/keyring/testing/__pycache__
40K	/usr/lib/python3/dist-packages/keyring/testing
12K	/usr/lib/python3/dist-packages/keyring/util/__pycache__
24K	/usr/lib/python3/dist-packages/keyring/util
60K	/usr/lib/python3/dist-packages/keyring/backends/__pycache__
20K	/usr/lib/python3/dist-packages/keyring/backends/macOS/__pycache__
36K	/usr/lib/python3/dist-packages/keyring/backends/macOS
144K	/usr/lib/python3/dist-packages/keyring/backends
364K	/usr/lib/python3/dist-packages/keyring
1.2M	/usr/lib/python3/dist-packages/botocore/__pycache__
716K	/usr/lib/python3/dist-packages/botocore/data/iam/2010-05-08
720K	/usr/lib/python3/dist-packages/botocore/data/iam
232K	/usr/lib/python3/dist-packages/botocore/data/frauddetector/2019-11-15
236K	/usr/lib/python3/dist-packages/botocore/data/frauddetector
100K	/usr/lib/python3/dist-packages/botocore/data/redshift-data/2019-12-20
104K	/usr/lib/python3/dist-packages/botocore/data/redshift-data
196K	/usr/lib/python3/dist-packages/botocore/data/lakeformation/2017-03-31
200K	/usr/lib/python3/dist-packages/botocore/data/lakeformation
68K	/usr/lib/python3/dist-packages/botocore/data/sagemaker-runtime/2017-05-13
72K	/usr/lib/python3/dist-packages/botocore/data/sagemaker-runtime
52K	/usr/lib/python3/dist-packages/botocore/data/sagemaker-featurestore-runtime/2020-07-01
56K	/usr/lib/python3/dist-packages/botocore/data/sagemaker-featurestore-runtime
232K	/usr/lib/python3/dist-packages/botocore/data/appsync/2017-07-25
236K	/usr/lib/python3/dist-packages/botocore/data/appsync
36K	/usr/lib/python3/dist-packages/botocore/data/inspector-scan/2023-08-08
40K	/usr/lib/python3/dist-packages/botocore/data/inspector-scan
88K	/usr/lib/python3/dist-packages/botocore/data/datapipeline/2012-10-29
92K	/usr/lib/python3/dist-packages/botocore/data/datapipeline
192K	/usr/lib/python3/dist-packages/botocore/data/pinpoint-email/2018-07-26
196K	/usr/lib/python3/dist-packages/botocore/data/pinpoint-email
72K	/usr/lib/python3/dist-packages/botocore/data/mediastore/2017-09-01
76K	/usr/lib/python3/dist-packages/botocore/data/mediastore
52K	/usr/lib/python3/dist-packages/botocore/data/elastic-inference/2017-07-25
56K	/usr/lib/python3/dist-packages/botocore/data/elastic-inference
296K	/usr/lib/python3/dist-packages/botocore/data/cloudtrail/2013-11-01
300K	/usr/lib/python3/dist-packages/botocore/data/cloudtrail
160K	/usr/lib/python3/dist-packages/botocore/data/snowball/2016-06-30
164K	/usr/lib/python3/dist-packages/botocore/data/snowball
280K	/usr/lib/python3/dist-packages/botocore/data/datasync/2018-11-09
284K	/usr/lib/python3/dist-packages/botocore/data/datasync
84K	/usr/lib/python3/dist-packages/botocore/data/trustedadvisor/2022-09-15
88K	/usr/lib/python3/dist-packages/botocore/data/trustedadvisor
1.1M	/usr/lib/python3/dist-packages/botocore/data/securityhub/2018-10-26
1.1M	/usr/lib/python3/dist-packages/botocore/data/securityhub
60K	/usr/lib/python3/dist-packages/botocore/data/repostspace/2022-05-13
64K	/usr/lib/python3/dist-packages/botocore/data/repostspace
68K	/usr/lib/python3/dist-packages/botocore/data/ebs/2019-11-02
72K	/usr/lib/python3/dist-packages/botocore/data/ebs
312K	/usr/lib/python3/dist-packages/botocore/data/pinpoint-sms-voice-v2/2022-03-31
316K	/usr/lib/python3/dist-packages/botocore/data/pinpoint-sms-voice-v2
324K	/usr/lib/python3/dist-packages/botocore/data/eks/2017-11-01
328K	/usr/lib/python3/dist-packages/botocore/data/eks
100K	/usr/lib/python3/dist-packages/botocore/data/controltower/2018-05-10
104K	/usr/lib/python3/dist-packages/botocore/data/controltower
240K	/usr/lib/python3/dist-packages/botocore/data/chime-sdk-voice/2022-08-03
244K	/usr/lib/python3/dist-packages/botocore/data/chime-sdk-voice
548K	/usr/lib/python3/dist-packages/botocore/data/cloudformation/2010-05-15
552K	/usr/lib/python3/dist-packages/botocore/data/cloudformation
248K	/usr/lib/python3/dist-packages/botocore/data/es/2015-01-01
252K	/usr/lib/python3/dist-packages/botocore/data/es
264K	/usr/lib/python3/dist-packages/botocore/data/events/2015-10-07
72K	/usr/lib/python3/dist-packages/botocore/data/events/2014-02-03
340K	/usr/lib/python3/dist-packages/botocore/data/events
452K	/usr/lib/python3/dist-packages/botocore/data/waf/2015-08-24
456K	/usr/lib/python3/dist-packages/botocore/data/waf
232K	/usr/lib/python3/dist-packages/botocore/data/elastictranscoder/2012-09-25
236K	/usr/lib/python3/dist-packages/botocore/data/elastictranscoder
260K	/usr/lib/python3/dist-packages/botocore/data/network-firewall/2020-11-12
264K	/usr/lib/python3/dist-packages/botocore/data/network-firewall
96K	/usr/lib/python3/dist-packages/botocore/data/arc-zonal-shift/2022-10-30
100K	/usr/lib/python3/dist-packages/botocore/data/arc-zonal-shift
172K	/usr/lib/python3/dist-packages/botocore/data/textract/2018-06-27
176K	/usr/lib/python3/dist-packages/botocore/data/textract
40K	/usr/lib/python3/dist-packages/botocore/data/kinesis-video-signaling/2019-12-04
44K	/usr/lib/python3/dist-packages/botocore/data/kinesis-video-signaling
160K	/usr/lib/python3/dist-packages/botocore/data/billingconductor/2021-07-30
164K	/usr/lib/python3/dist-packages/botocore/data/billingconductor
120K	/usr/lib/python3/dist-packages/botocore/data/ivs-realtime/2020-07-14
124K	/usr/lib/python3/dist-packages/botocore/data/ivs-realtime
40K	/usr/lib/python3/dist-packages/botocore/data/ec2-instance-connect/2018-04-02
44K	/usr/lib/python3/dist-packages/botocore/data/ec2-instance-connect
208K	/usr/lib/python3/dist-packages/botocore/data/lookoutequipment/2020-12-15
212K	/usr/lib/python3/dist-packages/botocore/data/lookoutequipment
52K	/usr/lib/python3/dist-packages/botocore/data/backupstorage/2018-04-10
56K	/usr/lib/python3/dist-packages/botocore/data/backupstorage
184K	/usr/lib/python3/dist-packages/botocore/data/amplifybackend/2020-08-11
188K	/usr/lib/python3/dist-packages/botocore/data/amplifybackend
228K	/usr/lib/python3/dist-packages/botocore/data/kinesisanalyticsv2/2018-05-23
232K	/usr/lib/python3/dist-packages/botocore/data/kinesisanalyticsv2
140K	/usr/lib/python3/dist-packages/botocore/data/tnb/2008-10-21
144K	/usr/lib/python3/dist-packages/botocore/data/tnb
272K	/usr/lib/python3/dist-packages/botocore/data/resiliencehub/2020-04-30
276K	/usr/lib/python3/dist-packages/botocore/data/resiliencehub
260K	/usr/lib/python3/dist-packages/botocore/data/robomaker/2018-06-29
264K	/usr/lib/python3/dist-packages/botocore/data/robomaker
76K	/usr/lib/python3/dist-packages/botocore/data/marketplace-agreement/2020-03-01
80K	/usr/lib/python3/dist-packages/botocore/data/marketplace-agreement
64K	/usr/lib/python3/dist-packages/botocore/data/sso-oidc/2019-06-10
68K	/usr/lib/python3/dist-packages/botocore/data/sso-oidc
104K	/usr/lib/python3/dist-packages/botocore/data/signer/2017-08-25
108K	/usr/lib/python3/dist-packages/botocore/data/signer
184K	/usr/lib/python3/dist-packages/botocore/data/servicediscovery/2017-03-14
188K	/usr/lib/python3/dist-packages/botocore/data/servicediscovery
68K	/usr/lib/python3/dist-packages/botocore/data/sdb/2009-04-15
72K	/usr/lib/python3/dist-packages/botocore/data/sdb
104K	/usr/lib/python3/dist-packages/botocore/data/codestar-connections/2019-12-01
108K	/usr/lib/python3/dist-packages/botocore/data/codestar-connections
104K	/usr/lib/python3/dist-packages/botocore/data/dlm/2018-01-12
108K	/usr/lib/python3/dist-packages/botocore/data/dlm
292K	/usr/lib/python3/dist-packages/botocore/data/codebuild/2016-10-06
296K	/usr/lib/python3/dist-packages/botocore/data/codebuild
360K	/usr/lib/python3/dist-packages/botocore/data/neptune/2014-10-31
364K	/usr/lib/python3/dist-packages/botocore/data/neptune
660K	/usr/lib/python3/dist-packages/botocore/data/lexv2-models/2020-08-07
664K	/usr/lib/python3/dist-packages/botocore/data/lexv2-models
52K	/usr/lib/python3/dist-packages/botocore/data/artifact/2018-05-10
56K	/usr/lib/python3/dist-packages/botocore/data/artifact
116K	/usr/lib/python3/dist-packages/botocore/data/synthetics/2017-10-11
120K	/usr/lib/python3/dist-packages/botocore/data/synthetics
128K	/usr/lib/python3/dist-packages/botocore/data/lookoutvision/2020-11-20
132K	/usr/lib/python3/dist-packages/botocore/data/lookoutvision
432K	/usr/lib/python3/dist-packages/botocore/data/iotsitewise/2019-12-02
436K	/usr/lib/python3/dist-packages/botocore/data/iotsitewise
88K	/usr/lib/python3/dist-packages/botocore/data/appintegrations/2020-07-29
92K	/usr/lib/python3/dist-packages/botocore/data/appintegrations
48K	/usr/lib/python3/dist-packages/botocore/data/sagemaker-a2i-runtime/2019-11-07
52K	/usr/lib/python3/dist-packages/botocore/data/sagemaker-a2i-runtime
96K	/usr/lib/python3/dist-packages/botocore/data/servicecatalog-appregistry/2020-06-24
100K	/usr/lib/python3/dist-packages/botocore/data/servicecatalog-appregistry
572K	/usr/lib/python3/dist-packages/botocore/data/redshift/2012-12-01
576K	/usr/lib/python3/dist-packages/botocore/data/redshift
112K	/usr/lib/python3/dist-packages/botocore/data/ecr-public/2020-10-30
116K	/usr/lib/python3/dist-packages/botocore/data/ecr-public
156K	/usr/lib/python3/dist-packages/botocore/data/memorydb/2021-01-01
160K	/usr/lib/python3/dist-packages/botocore/data/memorydb
92K	/usr/lib/python3/dist-packages/botocore/data/emr-serverless/2021-07-13
96K	/usr/lib/python3/dist-packages/botocore/data/emr-serverless
44K	/usr/lib/python3/dist-packages/botocore/data/marketplace-deployment/2023-01-25
48K	/usr/lib/python3/dist-packages/botocore/data/marketplace-deployment
272K	/usr/lib/python3/dist-packages/botocore/data/docdb/2014-10-31
276K	/usr/lib/python3/dist-packages/botocore/data/docdb
68K	/usr/lib/python3/dist-packages/botocore/data/docdb-elastic/2022-11-28
72K	/usr/lib/python3/dist-packages/botocore/data/docdb-elastic
128K	/usr/lib/python3/dist-packages/botocore/data/support/2013-04-15
132K	/usr/lib/python3/dist-packages/botocore/data/support
304K	/usr/lib/python3/dist-packages/botocore/data/devicefarm/2015-06-23
308K	/usr/lib/python3/dist-packages/botocore/data/devicefarm
200K	/usr/lib/python3/dist-packages/botocore/data/vpc-lattice/2022-11-30
204K	/usr/lib/python3/dist-packages/botocore/data/vpc-lattice
68K	/usr/lib/python3/dist-packages/botocore/data/codestar-notifications/2019-10-15
72K	/usr/lib/python3/dist-packages/botocore/data/codestar-notifications
40K	/usr/lib/python3/dist-packages/botocore/data/supplychain/2024-01-01
44K	/usr/lib/python3/dist-packages/botocore/data/supplychain
48K	/usr/lib/python3/dist-packages/botocore/data/sms-voice/2018-09-05
52K	/usr/lib/python3/dist-packages/botocore/data/sms-voice
32K	/usr/lib/python3/dist-packages/botocore/data/kinesis-video-webrtc-storage/2018-05-10
36K	/usr/lib/python3/dist-packages/botocore/data/kinesis-video-webrtc-storage
104K	/usr/lib/python3/dist-packages/botocore/data/pi/2018-02-27
108K	/usr/lib/python3/dist-packages/botocore/data/pi
72K	/usr/lib/python3/dist-packages/botocore/data/resourcegroupstaggingapi/2017-01-26
76K	/usr/lib/python3/dist-packages/botocore/data/resourcegroupstaggingapi
128K	/usr/lib/python3/dist-packages/botocore/data/kinesisvideo/2017-09-30
132K	/usr/lib/python3/dist-packages/botocore/data/kinesisvideo
72K	/usr/lib/python3/dist-packages/botocore/data/connectparticipant/2018-09-07
76K	/usr/lib/python3/dist-packages/botocore/data/connectparticipant
48K	/usr/lib/python3/dist-packages/botocore/data/cur/2017-01-06
52K	/usr/lib/python3/dist-packages/botocore/data/cur
116K	/usr/lib/python3/dist-packages/botocore/data/budgets/2016-10-20
120K	/usr/lib/python3/dist-packages/botocore/data/budgets
64K	/usr/lib/python3/dist-packages/botocore/data/savingsplans/2019-06-28
68K	/usr/lib/python3/dist-packages/botocore/data/savingsplans
48K	/usr/lib/python3/dist-packages/botocore/data/license-manager-linux-subscriptions/2018-05-10
52K	/usr/lib/python3/dist-packages/botocore/data/license-manager-linux-subscriptions
204K	/usr/lib/python3/dist-packages/botocore/data/codeartifact/2018-09-22
208K	/usr/lib/python3/dist-packages/botocore/data/codeartifact
48K	/usr/lib/python3/dist-packages/botocore/data/iotsecuretunneling/2018-10-05
52K	/usr/lib/python3/dist-packages/botocore/data/iotsecuretunneling
68K	/usr/lib/python3/dist-packages/botocore/data/oam/2022-06-10
72K	/usr/lib/python3/dist-packages/botocore/data/oam
140K	/usr/lib/python3/dist-packages/botocore/data/discovery/2015-11-01
144K	/usr/lib/python3/dist-packages/botocore/data/discovery
172K	/usr/lib/python3/dist-packages/botocore/data/apprunner/2020-05-15
176K	/usr/lib/python3/dist-packages/botocore/data/apprunner
72K	/usr/lib/python3/dist-packages/botocore/data/iot-roborunner/2018-05-10
76K	/usr/lib/python3/dist-packages/botocore/data/iot-roborunner
216K	/usr/lib/python3/dist-packages/botocore/data/mgn/2020-02-26
220K	/usr/lib/python3/dist-packages/botocore/data/mgn
100K	/usr/lib/python3/dist-packages/botocore/data/identitystore/2020-06-15
104K	/usr/lib/python3/dist-packages/botocore/data/identitystore
276K	/usr/lib/python3/dist-packages/botocore/data/cleanrooms/2022-02-17
280K	/usr/lib/python3/dist-packages/botocore/data/cleanrooms
60K	/usr/lib/python3/dist-packages/botocore/data/license-manager-user-subscriptions/2018-05-10
64K	/usr/lib/python3/dist-packages/botocore/data/license-manager-user-subscriptions
328K	/usr/lib/python3/dist-packages/botocore/data/ses/2010-12-01
332K	/usr/lib/python3/dist-packages/botocore/data/ses
88K	/usr/lib/python3/dist-packages/botocore/data/backup-gateway/2021-01-01
92K	/usr/lib/python3/dist-packages/botocore/data/backup-gateway
224K	/usr/lib/python3/dist-packages/botocore/data/ds/2015-04-16
228K	/usr/lib/python3/dist-packages/botocore/data/ds
328K	/usr/lib/python3/dist-packages/botocore/data/proton/2020-07-20
332K	/usr/lib/python3/dist-packages/botocore/data/proton
36K	/usr/lib/python3/dist-packages/botocore/data/sagemaker-metrics/2022-09-30
40K	/usr/lib/python3/dist-packages/botocore/data/sagemaker-metrics
364K	/usr/lib/python3/dist-packages/botocore/data/imagebuilder/2019-12-02
368K	/usr/lib/python3/dist-packages/botocore/data/imagebuilder
200K	/usr/lib/python3/dist-packages/botocore/data/accessanalyzer/2019-11-01
204K	/usr/lib/python3/dist-packages/botocore/data/accessanalyzer
352K	/usr/lib/python3/dist-packages/botocore/data/organizations/2016-11-28
356K	/usr/lib/python3/dist-packages/botocore/data/organizations
556K	/usr/lib/python3/dist-packages/botocore/data/gamelift/2015-10-01
560K	/usr/lib/python3/dist-packages/botocore/data/gamelift
248K	/usr/lib/python3/dist-packages/botocore/data/elasticache/2014-09-30
564K	/usr/lib/python3/dist-packages/botocore/data/elasticache/2015-02-02
816K	/usr/lib/python3/dist-packages/botocore/data/elasticache
84K	/usr/lib/python3/dist-packages/botocore/data/iotevents-data/2018-10-23
88K	/usr/lib/python3/dist-packages/botocore/data/iotevents-data
192K	/usr/lib/python3/dist-packages/botocore/data/evidently/2021-02-01
196K	/usr/lib/python3/dist-packages/botocore/data/evidently
168K	/usr/lib/python3/dist-packages/botocore/data/workspaces-web/2020-07-08
172K	/usr/lib/python3/dist-packages/botocore/data/workspaces-web
252K	/usr/lib/python3/dist-packages/botocore/data/cloudwatch/2010-08-01
256K	/usr/lib/python3/dist-packages/botocore/data/cloudwatch
268K	/usr/lib/python3/dist-packages/botocore/data/elbv2/2015-12-01
272K	/usr/lib/python3/dist-packages/botocore/data/elbv2
100K	/usr/lib/python3/dist-packages/botocore/data/inspector/2015-08-18
188K	/usr/lib/python3/dist-packages/botocore/data/inspector/2016-02-16
292K	/usr/lib/python3/dist-packages/botocore/data/inspector
112K	/usr/lib/python3/dist-packages/botocore/data/health/2016-08-04
116K	/usr/lib/python3/dist-packages/botocore/data/health
112K	/usr/lib/python3/dist-packages/botocore/data/keyspaces/2022-02-10
116K	/usr/lib/python3/dist-packages/botocore/data/keyspaces
460K	/usr/lib/python3/dist-packages/botocore/data/config/2014-11-12
464K	/usr/lib/python3/dist-packages/botocore/data/config
172K	/usr/lib/python3/dist-packages/botocore/data/sqs/2012-11-05
176K	/usr/lib/python3/dist-packages/botocore/data/sqs
100K	/usr/lib/python3/dist-packages/botocore/data/privatenetworks/2021-12-03
104K	/usr/lib/python3/dist-packages/botocore/data/privatenetworks
140K	/usr/lib/python3/dist-packages/botocore/data/groundstation/2019-05-23
144K	/usr/lib/python3/dist-packages/botocore/data/groundstation
96K	/usr/lib/python3/dist-packages/botocore/data/mediapackage-vod/2018-11-07
100K	/usr/lib/python3/dist-packages/botocore/data/mediapackage-vod
292K	/usr/lib/python3/dist-packages/botocore/data/kafka/2018-11-14
296K	/usr/lib/python3/dist-packages/botocore/data/kafka
188K	/usr/lib/python3/dist-packages/botocore/data/wisdom/2020-10-19
192K	/usr/lib/python3/dist-packages/botocore/data/wisdom
104K	/usr/lib/python3/dist-packages/botocore/data/medical-imaging/2023-07-19
108K	/usr/lib/python3/dist-packages/botocore/data/medical-imaging
116K	/usr/lib/python3/dist-packages/botocore/data/route53-recovery-control-config/2020-11-02
120K	/usr/lib/python3/dist-packages/botocore/data/route53-recovery-control-config
204K	/usr/lib/python3/dist-packages/botocore/data/machinelearning/2014-12-12
208K	/usr/lib/python3/dist-packages/botocore/data/machinelearning
304K	/usr/lib/python3/dist-packages/botocore/data/opsworks/2013-02-18
308K	/usr/lib/python3/dist-packages/botocore/data/opsworks
60K	/usr/lib/python3/dist-packages/botocore/data/iot1click-devices/2018-05-14
64K	/usr/lib/python3/dist-packages/botocore/data/iot1click-devices
488K	/usr/lib/python3/dist-packages/botocore/data/route53/2013-04-01
492K	/usr/lib/python3/dist-packages/botocore/data/route53
36K	/usr/lib/python3/dist-packages/botocore/data/eks-auth/2023-11-26
40K	/usr/lib/python3/dist-packages/botocore/data/eks-auth
316K	/usr/lib/python3/dist-packages/botocore/data/inspector2/2020-06-08
320K	/usr/lib/python3/dist-packages/botocore/data/inspector2
124K	/usr/lib/python3/dist-packages/botocore/data/application-insights/2018-11-25
128K	/usr/lib/python3/dist-packages/botocore/data/application-insights
152K	/usr/lib/python3/dist-packages/botocore/data/iotevents/2018-07-27
156K	/usr/lib/python3/dist-packages/botocore/data/iotevents
44K	/usr/lib/python3/dist-packages/botocore/data/appconfigdata/2021-11-11
48K	/usr/lib/python3/dist-packages/botocore/data/appconfigdata
380K	/usr/lib/python3/dist-packages/botocore/data/sesv2/2019-09-27
384K	/usr/lib/python3/dist-packages/botocore/data/sesv2
60K	/usr/lib/python3/dist-packages/botocore/data/pricing/2017-10-15
64K	/usr/lib/python3/dist-packages/botocore/data/pricing
60K	/usr/lib/python3/dist-packages/botocore/data/bcm-data-exports/2023-11-26
64K	/usr/lib/python3/dist-packages/botocore/data/bcm-data-exports
204K	/usr/lib/python3/dist-packages/botocore/data/mediatailor/2018-04-23
208K	/usr/lib/python3/dist-packages/botocore/data/mediatailor
56K	/usr/lib/python3/dist-packages/botocore/data/route53-recovery-cluster/2019-12-02
60K	/usr/lib/python3/dist-packages/botocore/data/route53-recovery-cluster
48K	/usr/lib/python3/dist-packages/botocore/data/marketplacecommerceanalytics/2015-07-01
52K	/usr/lib/python3/dist-packages/botocore/data/marketplacecommerceanalytics
256K	/usr/lib/python3/dist-packages/botocore/data/personalize/2018-05-22
260K	/usr/lib/python3/dist-packages/botocore/data/personalize
56K	/usr/lib/python3/dist-packages/botocore/data/mobile/2017-07-01
60K	/usr/lib/python3/dist-packages/botocore/data/mobile
104K	/usr/lib/python3/dist-packages/botocore/data/timestream-write/2018-11-01
108K	/usr/lib/python3/dist-packages/botocore/data/timestream-write
316K	/usr/lib/python3/dist-packages/botocore/data/opensearch/2021-01-01
320K	/usr/lib/python3/dist-packages/botocore/data/opensearch
544K	/usr/lib/python3/dist-packages/botocore/data/kms/2014-11-01
548K	/usr/lib/python3/dist-packages/botocore/data/kms
168K	/usr/lib/python3/dist-packages/botocore/data/dataexchange/2017-07-25
172K	/usr/lib/python3/dist-packages/botocore/data/dataexchange
108K	/usr/lib/python3/dist-packages/botocore/data/kinesis-video-archived-media/2017-09-30
112K	/usr/lib/python3/dist-packages/botocore/data/kinesis-video-archived-media
480K	/usr/lib/python3/dist-packages/botocore/data/datazone/2018-05-10
484K	/usr/lib/python3/dist-packages/botocore/data/datazone
84K	/usr/lib/python3/dist-packages/botocore/data/autoscaling-plans/2018-01-06
88K	/usr/lib/python3/dist-packages/botocore/data/autoscaling-plans
132K	/usr/lib/python3/dist-packages/botocore/data/securitylake/2018-05-10
136K	/usr/lib/python3/dist-packages/botocore/data/securitylake
308K	/usr/lib/python3/dist-packages/botocore/data/cloudfront/2018-06-18
180K	/usr/lib/python3/dist-packages/botocore/data/cloudfront/2015-09-17
200K	/usr/lib/python3/dist-packages/botocore/data/cloudfront/2014-11-06
184K	/usr/lib/python3/dist-packages/botocore/data/cloudfront/2016-01-13
188K	/usr/lib/python3/dist-packages/botocore/data/cloudfront/2016-08-20
240K	/usr/lib/python3/dist-packages/botocore/data/cloudfront/2016-11-25
200K	/usr/lib/python3/dist-packages/botocore/data/cloudfront/2014-10-21
196K	/usr/lib/python3/dist-packages/botocore/data/cloudfront/2014-05-31
616K	/usr/lib/python3/dist-packages/botocore/data/cloudfront/2020-05-31
236K	/usr/lib/python3/dist-packages/botocore/data/cloudfront/2016-09-29
176K	/usr/lib/python3/dist-packages/botocore/data/cloudfront/2016-01-28
192K	/usr/lib/python3/dist-packages/botocore/data/cloudfront/2016-08-01
312K	/usr/lib/python3/dist-packages/botocore/data/cloudfront/2018-11-05
304K	/usr/lib/python3/dist-packages/botocore/data/cloudfront/2017-10-30
196K	/usr/lib/python3/dist-packages/botocore/data/cloudfront/2016-09-07
320K	/usr/lib/python3/dist-packages/botocore/data/cloudfront/2019-03-26
204K	/usr/lib/python3/dist-packages/botocore/data/cloudfront/2015-07-27
200K	/usr/lib/python3/dist-packages/botocore/data/cloudfront/2015-04-17
244K	/usr/lib/python3/dist-packages/botocore/data/cloudfront/2017-03-25
4.6M	/usr/lib/python3/dist-packages/botocore/data/cloudfront
76K	/usr/lib/python3/dist-packages/botocore/data/cloud9/2017-09-23
80K	/usr/lib/python3/dist-packages/botocore/data/cloud9
40K	/usr/lib/python3/dist-packages/botocore/data/workmailmessageflow/2019-05-01
44K	/usr/lib/python3/dist-packages/botocore/data/workmailmessageflow
80K	/usr/lib/python3/dist-packages/botocore/data/polly/2016-06-10
84K	/usr/lib/python3/dist-packages/botocore/data/polly
44K	/usr/lib/python3/dist-packages/botocore/data/sso/2019-06-10
48K	/usr/lib/python3/dist-packages/botocore/data/sso
328K	/usr/lib/python3/dist-packages/botocore/data/batch/2016-08-10
332K	/usr/lib/python3/dist-packages/botocore/data/batch
256K	/usr/lib/python3/dist-packages/botocore/data/workspaces/2015-04-08
260K	/usr/lib/python3/dist-packages/botocore/data/workspaces
112K	/usr/lib/python3/dist-packages/botocore/data/honeycode/2020-03-01
116K	/usr/lib/python3/dist-packages/botocore/data/honeycode
268K	/usr/lib/python3/dist-packages/botocore/data/networkmanager/2019-07-05
272K	/usr/lib/python3/dist-packages/botocore/data/networkmanager
148K	/usr/lib/python3/dist-packages/botocore/data/managedblockchain/2018-09-24
152K	/usr/lib/python3/dist-packages/botocore/data/managedblockchain
376K	/usr/lib/python3/dist-packages/botocore/data/codecommit/2015-04-13
380K	/usr/lib/python3/dist-packages/botocore/data/codecommit
240K	/usr/lib/python3/dist-packages/botocore/data/auditmanager/2017-07-25
244K	/usr/lib/python3/dist-packages/botocore/data/auditmanager
240K	/usr/lib/python3/dist-packages/botocore/data/greengrass/2017-06-07
244K	/usr/lib/python3/dist-packages/botocore/data/greengrass
220K	/usr/lib/python3/dist-packages/botocore/data/stepfunctions/2016-11-23
224K	/usr/lib/python3/dist-packages/botocore/data/stepfunctions
500K	/usr/lib/python3/dist-packages/botocore/data/kendra/2019-02-03
504K	/usr/lib/python3/dist-packages/botocore/data/kendra
168K	/usr/lib/python3/dist-packages/botocore/data/chime-sdk-media-pipelines/2021-07-15
172K	/usr/lib/python3/dist-packages/botocore/data/chime-sdk-media-pipelines
140K	/usr/lib/python3/dist-packages/botocore/data/shield/2016-06-02
144K	/usr/lib/python3/dist-packages/botocore/data/shield
140K	/usr/lib/python3/dist-packages/botocore/data/migration-hub-refactor-spaces/2021-10-26
144K	/usr/lib/python3/dist-packages/botocore/data/migration-hub-refactor-spaces
52K	/usr/lib/python3/dist-packages/botocore/data/kendra-ranking/2022-10-19
56K	/usr/lib/python3/dist-packages/botocore/data/kendra-ranking
360K	/usr/lib/python3/dist-packages/botocore/data/swf/2012-01-25
364K	/usr/lib/python3/dist-packages/botocore/data/swf
136K	/usr/lib/python3/dist-packages/botocore/data/opensearchserverless/2021-11-01
140K	/usr/lib/python3/dist-packages/botocore/data/opensearchserverless
44K	/usr/lib/python3/dist-packages/botocore/data/pinpoint-sms-voice/2018-09-05
48K	/usr/lib/python3/dist-packages/botocore/data/pinpoint-sms-voice
260K	/usr/lib/python3/dist-packages/botocore/data/appstream/2016-12-01
264K	/usr/lib/python3/dist-packages/botocore/data/appstream
80K	/usr/lib/python3/dist-packages/botocore/data/managedblockchain-query/2023-05-04
84K	/usr/lib/python3/dist-packages/botocore/data/managedblockchain-query
324K	/usr/lib/python3/dist-packages/botocore/data/servicecatalog/2015-12-10
328K	/usr/lib/python3/dist-packages/botocore/data/servicecatalog
240K	/usr/lib/python3/dist-packages/botocore/data/firehose/2015-08-04
244K	/usr/lib/python3/dist-packages/botocore/data/firehose
56K	/usr/lib/python3/dist-packages/botocore/data/support-app/2021-08-20
60K	/usr/lib/python3/dist-packages/botocore/data/support-app
300K	/usr/lib/python3/dist-packages/botocore/data/compute-optimizer/2019-11-01
304K	/usr/lib/python3/dist-packages/botocore/data/compute-optimizer
96K	/usr/lib/python3/dist-packages/botocore/data/dax/2017-04-19
100K	/usr/lib/python3/dist-packages/botocore/data/dax
676K	/usr/lib/python3/dist-packages/botocore/data/lightsail/2016-11-28
680K	/usr/lib/python3/dist-packages/botocore/data/lightsail
96K	/usr/lib/python3/dist-packages/botocore/data/kafkaconnect/2021-09-14
100K	/usr/lib/python3/dist-packages/botocore/data/kafkaconnect
232K	/usr/lib/python3/dist-packages/botocore/data/application-autoscaling/2016-02-06
236K	/usr/lib/python3/dist-packages/botocore/data/application-autoscaling
64K	/usr/lib/python3/dist-packages/botocore/data/lambda/2014-11-11
392K	/usr/lib/python3/dist-packages/botocore/data/lambda/2015-03-31
460K	/usr/lib/python3/dist-packages/botocore/data/lambda
112K	/usr/lib/python3/dist-packages/botocore/data/opsworkscm/2016-11-01
116K	/usr/lib/python3/dist-packages/botocore/data/opsworkscm
200K	/usr/lib/python3/dist-packages/botocore/data/qconnect/2020-10-19
204K	/usr/lib/python3/dist-packages/botocore/data/qconnect
476K	/usr/lib/python3/dist-packages/botocore/data/wafv2/2019-07-29
480K	/usr/lib/python3/dist-packages/botocore/data/wafv2
120K	/usr/lib/python3/dist-packages/botocore/data/comprehendmedical/2018-10-30
124K	/usr/lib/python3/dist-packages/botocore/data/comprehendmedical
140K	/usr/lib/python3/dist-packages/botocore/data/ssm-incidents/2018-05-10
144K	/usr/lib/python3/dist-packages/botocore/data/ssm-incidents
100K	/usr/lib/python3/dist-packages/botocore/data/resource-groups/2017-11-27
104K	/usr/lib/python3/dist-packages/botocore/data/resource-groups
108K	/usr/lib/python3/dist-packages/botocore/data/acm/2015-12-08
112K	/usr/lib/python3/dist-packages/botocore/data/acm
260K	/usr/lib/python3/dist-packages/botocore/data/appflow/2020-08-23
264K	/usr/lib/python3/dist-packages/botocore/data/appflow
124K	/usr/lib/python3/dist-packages/botocore/data/cloudsearch/2013-01-01
104K	/usr/lib/python3/dist-packages/botocore/data/cloudsearch/2011-02-01
232K	/usr/lib/python3/dist-packages/botocore/data/cloudsearch
148K	/usr/lib/python3/dist-packages/botocore/data/ivs/2020-07-14
152K	/usr/lib/python3/dist-packages/botocore/data/ivs
128K	/usr/lib/python3/dist-packages/botocore/data/voice-id/2021-09-27
132K	/usr/lib/python3/dist-packages/botocore/data/voice-id
40K	/usr/lib/python3/dist-packages/botocore/data/forecastquery/2018-06-26
44K	/usr/lib/python3/dist-packages/botocore/data/forecastquery
492K	/usr/lib/python3/dist-packages/botocore/data/rekognition/2016-06-27
496K	/usr/lib/python3/dist-packages/botocore/data/rekognition
52K	/usr/lib/python3/dist-packages/botocore/data/mediastore-data/2017-09-01
56K	/usr/lib/python3/dist-packages/botocore/data/mediastore-data
84K	/usr/lib/python3/dist-packages/botocore/data/codestar/2017-04-19
88K	/usr/lib/python3/dist-packages/botocore/data/codestar
212K	/usr/lib/python3/dist-packages/botocore/data/glacier/2012-06-01
216K	/usr/lib/python3/dist-packages/botocore/data/glacier
320K	/usr/lib/python3/dist-packages/botocore/data/transfer/2018-11-05
324K	/usr/lib/python3/dist-packages/botocore/data/transfer
920K	/usr/lib/python3/dist-packages/botocore/data/glue/2017-03-31
924K	/usr/lib/python3/dist-packages/botocore/data/glue
260K	/usr/lib/python3/dist-packages/botocore/data/elasticbeanstalk/2010-12-01
264K	/usr/lib/python3/dist-packages/botocore/data/elasticbeanstalk
104K	/usr/lib/python3/dist-packages/botocore/data/emr-containers/2020-10-01
108K	/usr/lib/python3/dist-packages/botocore/data/emr-containers
220K	/usr/lib/python3/dist-packages/botocore/data/codepipeline/2015-07-09
224K	/usr/lib/python3/dist-packages/botocore/data/codepipeline
132K	/usr/lib/python3/dist-packages/botocore/data/route53-recovery-readiness/2019-12-02
136K	/usr/lib/python3/dist-packages/botocore/data/route53-recovery-readiness
88K	/usr/lib/python3/dist-packages/botocore/data/braket/2019-09-01
92K	/usr/lib/python3/dist-packages/botocore/data/braket
136K	/usr/lib/python3/dist-packages/botocore/data/bedrock-agent/2023-06-05
140K	/usr/lib/python3/dist-packages/botocore/data/bedrock-agent
316K	/usr/lib/python3/dist-packages/botocore/data/emr/2009-03-31
320K	/usr/lib/python3/dist-packages/botocore/data/emr
168K	/usr/lib/python3/dist-packages/botocore/data/acm-pca/2017-08-22
172K	/usr/lib/python3/dist-packages/botocore/data/acm-pca
112K	/usr/lib/python3/dist-packages/botocore/data/chime-sdk-meetings/2021-07-15
116K	/usr/lib/python3/dist-packages/botocore/data/chime-sdk-meetings
120K	/usr/lib/python3/dist-packages/botocore/data/migrationhuborchestrator/2021-08-28
124K	/usr/lib/python3/dist-packages/botocore/data/migrationhuborchestrator
692K	/usr/lib/python3/dist-packages/botocore/data/medialive/2017-10-14
696K	/usr/lib/python3/dist-packages/botocore/data/medialive
68K	/usr/lib/python3/dist-packages/botocore/data/connectcampaigns/2021-01-30
72K	/usr/lib/python3/dist-packages/botocore/data/connectcampaigns
48K	/usr/lib/python3/dist-packages/botocore/data/qldb-session/2019-07-11
52K	/usr/lib/python3/dist-packages/botocore/data/qldb-session
316K	/usr/lib/python3/dist-packages/botocore/data/location/2020-11-19
320K	/usr/lib/python3/dist-packages/botocore/data/location
84K	/usr/lib/python3/dist-packages/botocore/data/cloudcontrol/2021-09-30
88K	/usr/lib/python3/dist-packages/botocore/data/cloudcontrol
320K	/usr/lib/python3/dist-packages/botocore/data/omics/2022-11-28
324K	/usr/lib/python3/dist-packages/botocore/data/omics
132K	/usr/lib/python3/dist-packages/botocore/data/migrationhubstrategy/2020-02-19
136K	/usr/lib/python3/dist-packages/botocore/data/migrationhubstrategy
48K	/usr/lib/python3/dist-packages/botocore/data/applicationcostprofiler/2020-09-10
52K	/usr/lib/python3/dist-packages/botocore/data/applicationcostprofiler
68K	/usr/lib/python3/dist-packages/botocore/data/cloudsearchdomain/2013-01-01
72K	/usr/lib/python3/dist-packages/botocore/data/cloudsearchdomain
392K	/usr/lib/python3/dist-packages/botocore/data/comprehend/2017-11-27
396K	/usr/lib/python3/dist-packages/botocore/data/comprehend
92K	/usr/lib/python3/dist-packages/botocore/data/service-quotas/2019-06-24
96K	/usr/lib/python3/dist-packages/botocore/data/service-quotas
300K	/usr/lib/python3/dist-packages/botocore/data/mediaconnect/2018-11-14
304K	/usr/lib/python3/dist-packages/botocore/data/mediaconnect
40K	/usr/lib/python3/dist-packages/botocore/data/connect-contact-lens/2020-08-21
44K	/usr/lib/python3/dist-packages/botocore/data/connect-contact-lens
68K	/usr/lib/python3/dist-packages/botocore/data/osis/2022-01-01
72K	/usr/lib/python3/dist-packages/botocore/data/osis
220K	/usr/lib/python3/dist-packages/botocore/data/wellarchitected/2020-03-31
224K	/usr/lib/python3/dist-packages/botocore/data/wellarchitected
292K	/usr/lib/python3/dist-packages/botocore/data/ce/2017-10-25
296K	/usr/lib/python3/dist-packages/botocore/data/ce
448K	/usr/lib/python3/dist-packages/botocore/data/autoscaling/2011-01-01
452K	/usr/lib/python3/dist-packages/botocore/data/autoscaling
100K	/usr/lib/python3/dist-packages/botocore/data/mwaa/2020-07-01
104K	/usr/lib/python3/dist-packages/botocore/data/mwaa
148K	/usr/lib/python3/dist-packages/botocore/data/finspace-data/2020-07-13
152K	/usr/lib/python3/dist-packages/botocore/data/finspace-data
88K	/usr/lib/python3/dist-packages/botocore/data/timestream-query/2018-11-01
92K	/usr/lib/python3/dist-packages/botocore/data/timestream-query
196K	/usr/lib/python3/dist-packages/botocore/data/iottwinmaker/2021-11-29
200K	/usr/lib/python3/dist-packages/botocore/data/iottwinmaker
132K	/usr/lib/python3/dist-packages/botocore/data/codeguruprofiler/2019-07-18
136K	/usr/lib/python3/dist-packages/botocore/data/codeguruprofiler
260K	/usr/lib/python3/dist-packages/botocore/data/clouddirectory/2017-01-11
256K	/usr/lib/python3/dist-packages/botocore/data/clouddirectory/2016-05-10
520K	/usr/lib/python3/dist-packages/botocore/data/clouddirectory
116K	/usr/lib/python3/dist-packages/botocore/data/cleanroomsml/2023-09-06
120K	/usr/lib/python3/dist-packages/botocore/data/cleanroomsml
236K	/usr/lib/python3/dist-packages/botocore/data/neptunedata/2023-08-01
240K	/usr/lib/python3/dist-packages/botocore/data/neptunedata
184K	/usr/lib/python3/dist-packages/botocore/data/databrew/2017-07-25
188K	/usr/lib/python3/dist-packages/botocore/data/databrew
176K	/usr/lib/python3/dist-packages/botocore/data/efs/2015-02-01
180K	/usr/lib/python3/dist-packages/botocore/data/efs
68K	/usr/lib/python3/dist-packages/botocore/data/rbin/2021-06-15
72K	/usr/lib/python3/dist-packages/botocore/data/rbin
100K	/usr/lib/python3/dist-packages/botocore/data/cost-optimization-hub/2022-07-26
104K	/usr/lib/python3/dist-packages/botocore/data/cost-optimization-hub
84K	/usr/lib/python3/dist-packages/botocore/data/simspaceweaver/2022-10-28
88K	/usr/lib/python3/dist-packages/botocore/data/simspaceweaver
332K	/usr/lib/python3/dist-packages/botocore/data/forecast/2018-06-26
336K	/usr/lib/python3/dist-packages/botocore/data/forecast
300K	/usr/lib/python3/dist-packages/botocore/data/transcribe/2017-10-26
304K	/usr/lib/python3/dist-packages/botocore/data/transcribe
52K	/usr/lib/python3/dist-packages/botocore/data/personalize-runtime/2018-05-22
56K	/usr/lib/python3/dist-packages/botocore/data/personalize-runtime
96K	/usr/lib/python3/dist-packages/botocore/data/chatbot/2017-10-11
100K	/usr/lib/python3/dist-packages/botocore/data/chatbot
92K	/usr/lib/python3/dist-packages/botocore/data/scheduler/2021-06-30
96K	/usr/lib/python3/dist-packages/botocore/data/scheduler
188K	/usr/lib/python3/dist-packages/botocore/data/sns/2010-03-31
192K	/usr/lib/python3/dist-packages/botocore/data/sns
112K	/usr/lib/python3/dist-packages/botocore/data/rum/2018-05-10
116K	/usr/lib/python3/dist-packages/botocore/data/rum
264K	/usr/lib/python3/dist-packages/botocore/data/customer-profiles/2020-08-15
268K	/usr/lib/python3/dist-packages/botocore/data/customer-profiles
148K	/usr/lib/python3/dist-packages/botocore/data/xray/2016-04-12
152K	/usr/lib/python3/dist-packages/botocore/data/xray
72K	/usr/lib/python3/dist-packages/botocore/data/importexport/2010-06-01
76K	/usr/lib/python3/dist-packages/botocore/data/importexport
124K	/usr/lib/python3/dist-packages/botocore/data/entityresolution/2018-05-10
128K	/usr/lib/python3/dist-packages/botocore/data/entityresolution
148K	/usr/lib/python3/dist-packages/botocore/data/m2/2021-04-28
152K	/usr/lib/python3/dist-packages/botocore/data/m2
76K	/usr/lib/python3/dist-packages/botocore/data/networkmonitor/2023-08-01
80K	/usr/lib/python3/dist-packages/botocore/data/networkmonitor
84K	/usr/lib/python3/dist-packages/botocore/data/cloudhsm/2014-05-30
88K	/usr/lib/python3/dist-packages/botocore/data/cloudhsm
124K	/usr/lib/python3/dist-packages/botocore/data/amp/2020-08-01
128K	/usr/lib/python3/dist-packages/botocore/data/amp
292K	/usr/lib/python3/dist-packages/botocore/data/logs/2014-03-28
296K	/usr/lib/python3/dist-packages/botocore/data/logs
276K	/usr/lib/python3/dist-packages/botocore/data/route53resolver/2018-04-01
280K	/usr/lib/python3/dist-packages/botocore/data/route53resolver
248K	/usr/lib/python3/dist-packages/botocore/data/qbusiness/2023-11-27
252K	/usr/lib/python3/dist-packages/botocore/data/qbusiness
204K	/usr/lib/python3/dist-packages/botocore/data/directconnect/2012-10-25
208K	/usr/lib/python3/dist-packages/botocore/data/directconnect
108K	/usr/lib/python3/dist-packages/botocore/data/lexv2-runtime/2020-08-07
112K	/usr/lib/python3/dist-packages/botocore/data/lexv2-runtime
92K	/usr/lib/python3/dist-packages/botocore/data/worklink/2018-09-25
96K	/usr/lib/python3/dist-packages/botocore/data/worklink
120K	/usr/lib/python3/dist-packages/botocore/data/sms/2016-10-24
124K	/usr/lib/python3/dist-packages/botocore/data/sms
136K	/usr/lib/python3/dist-packages/botocore/data/marketplace-catalog/2018-09-17
140K	/usr/lib/python3/dist-packages/botocore/data/marketplace-catalog
460K	/usr/lib/python3/dist-packages/botocore/data/waf-regional/2016-11-28
464K	/usr/lib/python3/dist-packages/botocore/data/waf-regional
224K	/usr/lib/python3/dist-packages/botocore/data/nimble/2020-08-01
228K	/usr/lib/python3/dist-packages/botocore/data/nimble
136K	/usr/lib/python3/dist-packages/botocore/data/lookoutmetrics/2017-07-25
140K	/usr/lib/python3/dist-packages/botocore/data/lookoutmetrics
116K	/usr/lib/python3/dist-packages/botocore/data/fis/2020-12-01
120K	/usr/lib/python3/dist-packages/botocore/data/fis
932K	/usr/lib/python3/dist-packages/botocore/data/connect/2017-08-08
936K	/usr/lib/python3/dist-packages/botocore/data/connect
348K	/usr/lib/python3/dist-packages/botocore/data/rds/2014-09-01
1.2M	/usr/lib/python3/dist-packages/botocore/data/rds/2014-10-31
1.5M	/usr/lib/python3/dist-packages/botocore/data/rds
112K	/usr/lib/python3/dist-packages/botocore/data/grafana/2020-08-18
116K	/usr/lib/python3/dist-packages/botocore/data/grafana
72K	/usr/lib/python3/dist-packages/botocore/data/snow-device-management/2021-08-04
76K	/usr/lib/python3/dist-packages/botocore/data/snow-device-management
128K	/usr/lib/python3/dist-packages/botocore/data/sagemaker-geospatial/2020-05-27
132K	/usr/lib/python3/dist-packages/botocore/data/sagemaker-geospatial
148K	/usr/lib/python3/dist-packages/botocore/data/neptune-graph/2023-11-29
152K	/usr/lib/python3/dist-packages/botocore/data/neptune-graph
232K	/usr/lib/python3/dist-packages/botocore/data/devops-guru/2020-12-01
236K	/usr/lib/python3/dist-packages/botocore/data/devops-guru
208K	/usr/lib/python3/dist-packages/botocore/data/ecr/2015-09-21
212K	/usr/lib/python3/dist-packages/botocore/data/ecr
164K	/usr/lib/python3/dist-packages/botocore/data/iotanalytics/2017-11-27
168K	/usr/lib/python3/dist-packages/botocore/data/iotanalytics
72K	/usr/lib/python3/dist-packages/botocore/data/account/2021-02-01
76K	/usr/lib/python3/dist-packages/botocore/data/account
84K	/usr/lib/python3/dist-packages/botocore/data/dynamodbstreams/2012-08-10
88K	/usr/lib/python3/dist-packages/botocore/data/dynamodbstreams
172K	/usr/lib/python3/dist-packages/botocore/data/verifiedpermissions/2021-12-01
176K	/usr/lib/python3/dist-packages/botocore/data/verifiedpermissions
160K	/usr/lib/python3/dist-packages/botocore/data/codecatalyst/2022-09-28
164K	/usr/lib/python3/dist-packages/botocore/data/codecatalyst
456K	/usr/lib/python3/dist-packages/botocore/data/fsx/2018-03-01
460K	/usr/lib/python3/dist-packages/botocore/data/fsx
108K	/usr/lib/python3/dist-packages/botocore/data/chime-sdk-identity/2021-04-20
112K	/usr/lib/python3/dist-packages/botocore/data/chime-sdk-identity
332K	/usr/lib/python3/dist-packages/botocore/data/apigateway/2015-07-09
336K	/usr/lib/python3/dist-packages/botocore/data/apigateway
152K	/usr/lib/python3/dist-packages/botocore/data/mturk/2017-01-17
156K	/usr/lib/python3/dist-packages/botocore/data/mturk
616K	/usr/lib/python3/dist-packages/botocore/data/dms/2016-01-01
620K	/usr/lib/python3/dist-packages/botocore/data/dms
40K	/usr/lib/python3/dist-packages/botocore/data/freetier/2023-09-07
44K	/usr/lib/python3/dist-packages/botocore/data/freetier
136K	/usr/lib/python3/dist-packages/botocore/data/payment-cryptography-data/2022-02-03
140K	/usr/lib/python3/dist-packages/botocore/data/payment-cryptography-data
84K	/usr/lib/python3/dist-packages/botocore/data/mgh/2017-05-31
88K	/usr/lib/python3/dist-packages/botocore/data/mgh
180K	/usr/lib/python3/dist-packages/botocore/data/appconfig/2019-10-09
184K	/usr/lib/python3/dist-packages/botocore/data/appconfig
108K	/usr/lib/python3/dist-packages/botocore/data/resource-explorer-2/2022-07-28
112K	/usr/lib/python3/dist-packages/botocore/data/resource-explorer-2
72K	/usr/lib/python3/dist-packages/botocore/data/healthlake/2017-07-01
76K	/usr/lib/python3/dist-packages/botocore/data/healthlake
108K	/usr/lib/python3/dist-packages/botocore/data/outposts/2019-12-03
112K	/usr/lib/python3/dist-packages/botocore/data/outposts
144K	/usr/lib/python3/dist-packages/botocore/data/panorama/2019-07-24
148K	/usr/lib/python3/dist-packages/botocore/data/panorama
672K	/usr/lib/python3/dist-packages/botocore/data/s3control/2018-08-20
676K	/usr/lib/python3/dist-packages/botocore/data/s3control
196K	/usr/lib/python3/dist-packages/botocore/data/drs/2020-02-26
200K	/usr/lib/python3/dist-packages/botocore/data/drs
72K	/usr/lib/python3/dist-packages/botocore/data/rds-data/2018-08-01
76K	/usr/lib/python3/dist-packages/botocore/data/rds-data
736K	/usr/lib/python3/dist-packages/botocore/data/ec2/2015-04-15
564K	/usr/lib/python3/dist-packages/botocore/data/ec2/2014-09-01
1.0M	/usr/lib/python3/dist-packages/botocore/data/ec2/2016-09-15
592K	/usr/lib/python3/dist-packages/botocore/data/ec2/2014-10-01
3.2M	/usr/lib/python3/dist-packages/botocore/data/ec2/2016-11-15
876K	/usr/lib/python3/dist-packages/botocore/data/ec2/2015-10-01
1012K	/usr/lib/python3/dist-packages/botocore/data/ec2/2016-04-01
612K	/usr/lib/python3/dist-packages/botocore/data/ec2/2015-03-01
8.4M	/usr/lib/python3/dist-packages/botocore/data/ec2
104K	/usr/lib/python3/dist-packages/botocore/data/qldb/2019-01-02
108K	/usr/lib/python3/dist-packages/botocore/data/qldb
48K	/usr/lib/python3/dist-packages/botocore/data/s3outposts/2017-07-25
52K	/usr/lib/python3/dist-packages/botocore/data/s3outposts
52K	/usr/lib/python3/dist-packages/botocore/data/personalize-events/2018-03-22
56K	/usr/lib/python3/dist-packages/botocore/data/personalize-events
1.3M	/usr/lib/python3/dist-packages/botocore/data/quicksight/2018-04-01
1.3M	/usr/lib/python3/dist-packages/botocore/data/quicksight
176K	/usr/lib/python3/dist-packages/botocore/data/greengrassv2/2020-11-30
180K	/usr/lib/python3/dist-packages/botocore/data/greengrassv2
172K	/usr/lib/python3/dist-packages/botocore/data/route53domains/2014-05-15
176K	/usr/lib/python3/dist-packages/botocore/data/route53domains
48K	/usr/lib/python3/dist-packages/botocore/data/iotfleethub/2020-11-03
52K	/usr/lib/python3/dist-packages/botocore/data/iotfleethub
156K	/usr/lib/python3/dist-packages/botocore/data/elb/2012-06-01
160K	/usr/lib/python3/dist-packages/botocore/data/elb
44K	/usr/lib/python3/dist-packages/botocore/data/migrationhub-config/2019-06-30
48K	/usr/lib/python3/dist-packages/botocore/data/migrationhub-config
120K	/usr/lib/python3/dist-packages/botocore/data/appfabric/2023-05-19
124K	/usr/lib/python3/dist-packages/botocore/data/appfabric
156K	/usr/lib/python3/dist-packages/botocore/data/amplify/2017-07-25
160K	/usr/lib/python3/dist-packages/botocore/data/amplify
108K	/usr/lib/python3/dist-packages/botocore/data/internetmonitor/2021-06-03
112K	/usr/lib/python3/dist-packages/botocore/data/internetmonitor
160K	/usr/lib/python3/dist-packages/botocore/data/amplifyuibuilder/2021-08-11
164K	/usr/lib/python3/dist-packages/botocore/data/amplifyuibuilder
72K	/usr/lib/python3/dist-packages/botocore/data/cloudhsmv2/2017-04-28
76K	/usr/lib/python3/dist-packages/botocore/data/cloudhsmv2
88K	/usr/lib/python3/dist-packages/botocore/data/workspaces-thin-client/2023-08-22
92K	/usr/lib/python3/dist-packages/botocore/data/workspaces-thin-client
1.8M	/usr/lib/python3/dist-packages/botocore/data/sagemaker/2017-07-24
1.8M	/usr/lib/python3/dist-packages/botocore/data/sagemaker
840K	/usr/lib/python3/dist-packages/botocore/data/ssm/2014-11-06
844K	/usr/lib/python3/dist-packages/botocore/data/ssm
328K	/usr/lib/python3/dist-packages/botocore/data/iotwireless/2020-11-22
332K	/usr/lib/python3/dist-packages/botocore/data/iotwireless
260K	/usr/lib/python3/dist-packages/botocore/data/codedeploy/2014-10-06
264K	/usr/lib/python3/dist-packages/botocore/data/codedeploy
164K	/usr/lib/python3/dist-packages/botocore/data/ssm-contacts/2021-05-03
168K	/usr/lib/python3/dist-packages/botocore/data/ssm-contacts
256K	/usr/lib/python3/dist-packages/botocore/data/finspace/2021-03-12
260K	/usr/lib/python3/dist-packages/botocore/data/finspace
116K	/usr/lib/python3/dist-packages/botocore/data/b2bi/2022-06-23
120K	/usr/lib/python3/dist-packages/botocore/data/b2bi
592K	/usr/lib/python3/dist-packages/botocore/data/cognito-idp/2016-04-18
596K	/usr/lib/python3/dist-packages/botocore/data/cognito-idp
132K	/usr/lib/python3/dist-packages/botocore/data/connectcases/2022-10-03
136K	/usr/lib/python3/dist-packages/botocore/data/connectcases
200K	/usr/lib/python3/dist-packages/botocore/data/globalaccelerator/2018-08-08
204K	/usr/lib/python3/dist-packages/botocore/data/globalaccelerator
192K	/usr/lib/python3/dist-packages/botocore/data/chime-sdk-messaging/2021-05-15
196K	/usr/lib/python3/dist-packages/botocore/data/chime-sdk-messaging
32K	/usr/lib/python3/dist-packages/botocore/data/apigatewaymanagementapi/2018-11-29
36K	/usr/lib/python3/dist-packages/botocore/data/apigatewaymanagementapi
80K	/usr/lib/python3/dist-packages/botocore/data/ssm-sap/2018-05-10
84K	/usr/lib/python3/dist-packages/botocore/data/ssm-sap
144K	/usr/lib/python3/dist-packages/botocore/data/mediapackagev2/2022-12-25
148K	/usr/lib/python3/dist-packages/botocore/data/mediapackagev2
56K	/usr/lib/python3/dist-packages/botocore/data/launch-wizard/2018-05-10
60K	/usr/lib/python3/dist-packages/botocore/data/launch-wizard
48K	/usr/lib/python3/dist-packages/botocore/data/iot-jobs-data/2017-09-29
52K	/usr/lib/python3/dist-packages/botocore/data/iot-jobs-data
932K	/usr/lib/python3/dist-packages/botocore/data/mediaconvert/2017-08-29
936K	/usr/lib/python3/dist-packages/botocore/data/mediaconvert
172K	/usr/lib/python3/dist-packages/botocore/data/redshift-serverless/2021-04-21
176K	/usr/lib/python3/dist-packages/botocore/data/redshift-serverless
148K	/usr/lib/python3/dist-packages/botocore/data/pca-connector-ad/2018-05-10
152K	/usr/lib/python3/dist-packages/botocore/data/pca-connector-ad
96K	/usr/lib/python3/dist-packages/botocore/data/ivschat/2020-07-14
100K	/usr/lib/python3/dist-packages/botocore/data/ivschat
168K	/usr/lib/python3/dist-packages/botocore/data/sts/2011-06-15
172K	/usr/lib/python3/dist-packages/botocore/data/sts
48K	/usr/lib/python3/dist-packages/botocore/data/bedrock-runtime/2023-09-30
52K	/usr/lib/python3/dist-packages/botocore/data/bedrock-runtime
776K	/usr/lib/python3/dist-packages/botocore/data/pinpoint/2016-12-01
780K	/usr/lib/python3/dist-packages/botocore/data/pinpoint
632K	/usr/lib/python3/dist-packages/botocore/data/ecs/2014-11-13
636K	/usr/lib/python3/dist-packages/botocore/data/ecs
44K	/usr/lib/python3/dist-packages/botocore/data/kinesis-video-media/2017-09-30
48K	/usr/lib/python3/dist-packages/botocore/data/kinesis-video-media
60K	/usr/lib/python3/dist-packages/botocore/data/meteringmarketplace/2016-01-14
64K	/usr/lib/python3/dist-packages/botocore/data/meteringmarketplace
112K	/usr/lib/python3/dist-packages/botocore/data/iotthingsgraph/2018-09-06
116K	/usr/lib/python3/dist-packages/botocore/data/iotthingsgraph
72K	/usr/lib/python3/dist-packages/botocore/data/iotdeviceadvisor/2020-09-18
76K	/usr/lib/python3/dist-packages/botocore/data/iotdeviceadvisor
368K	/usr/lib/python3/dist-packages/botocore/data/guardduty/2017-11-28
372K	/usr/lib/python3/dist-packages/botocore/data/guardduty
220K	/usr/lib/python3/dist-packages/botocore/data/iotfleetwise/2021-06-17
224K	/usr/lib/python3/dist-packages/botocore/data/iotfleetwise
416K	/usr/lib/python3/dist-packages/botocore/data/backup/2018-11-15
420K	/usr/lib/python3/dist-packages/botocore/data/backup
44K	/usr/lib/python3/dist-packages/botocore/data/sagemaker-edge/2020-09-23
48K	/usr/lib/python3/dist-packages/botocore/data/sagemaker-edge
68K	/usr/lib/python3/dist-packages/botocore/data/iot-data/2015-05-28
72K	/usr/lib/python3/dist-packages/botocore/data/iot-data
204K	/usr/lib/python3/dist-packages/botocore/data/ram/2018-01-04
208K	/usr/lib/python3/dist-packages/botocore/data/ram
1.7M	/usr/lib/python3/dist-packages/botocore/data/s3/2006-03-01
1.7M	/usr/lib/python3/dist-packages/botocore/data/s3
80K	/usr/lib/python3/dist-packages/botocore/data/rolesanywhere/2018-05-10
84K	/usr/lib/python3/dist-packages/botocore/data/rolesanywhere
396K	/usr/lib/python3/dist-packages/botocore/data/storagegateway/2013-06-30
400K	/usr/lib/python3/dist-packages/botocore/data/storagegateway
872K	/usr/lib/python3/dist-packages/botocore/data/iot/2015-05-28
876K	/usr/lib/python3/dist-packages/botocore/data/iot
100K	/usr/lib/python3/dist-packages/botocore/data/cognito-identity/2014-06-30
104K	/usr/lib/python3/dist-packages/botocore/data/cognito-identity
192K	/usr/lib/python3/dist-packages/botocore/data/mq/2017-11-27
196K	/usr/lib/python3/dist-packages/botocore/data/mq
116K	/usr/lib/python3/dist-packages/botocore/data/translate/2017-07-01
120K	/usr/lib/python3/dist-packages/botocore/data/translate
40K	/usr/lib/python3/dist-packages/botocore/data/marketplace-entitlement/2017-01-11
44K	/usr/lib/python3/dist-packages/botocore/data/marketplace-entitlement
176K	/usr/lib/python3/dist-packages/botocore/data/license-manager/2018-08-01
180K	/usr/lib/python3/dist-packages/botocore/data/license-manager
124K	/usr/lib/python3/dist-packages/botocore/data/codeguru-reviewer/2019-09-19
128K	/usr/lib/python3/dist-packages/botocore/data/codeguru-reviewer
264K	/usr/lib/python3/dist-packages/botocore/data/appmesh/2019-01-25
104K	/usr/lib/python3/dist-packages/botocore/data/appmesh/2018-10-01
372K	/usr/lib/python3/dist-packages/botocore/data/appmesh
172K	/usr/lib/python3/dist-packages/botocore/data/workdocs/2016-05-01
176K	/usr/lib/python3/dist-packages/botocore/data/workdocs
104K	/usr/lib/python3/dist-packages/botocore/data/lex-runtime/2016-11-28
108K	/usr/lib/python3/dist-packages/botocore/data/lex-runtime
476K	/usr/lib/python3/dist-packages/botocore/data/apigatewayv2/2018-11-29
480K	/usr/lib/python3/dist-packages/botocore/data/apigatewayv2
88K	/usr/lib/python3/dist-packages/botocore/data/cognito-sync/2014-06-30
92K	/usr/lib/python3/dist-packages/botocore/data/cognito-sync
68K	/usr/lib/python3/dist-packages/botocore/data/cloudfront-keyvaluestore/2022-07-26
72K	/usr/lib/python3/dist-packages/botocore/data/cloudfront-keyvaluestore
148K	/usr/lib/python3/dist-packages/botocore/data/kinesisanalytics/2015-08-14
152K	/usr/lib/python3/dist-packages/botocore/data/kinesisanalytics
128K	/usr/lib/python3/dist-packages/botocore/data/payment-cryptography/2021-09-14
132K	/usr/lib/python3/dist-packages/botocore/data/payment-cryptography
120K	/usr/lib/python3/dist-packages/botocore/data/detective/2018-10-26
124K	/usr/lib/python3/dist-packages/botocore/data/detective
244K	/usr/lib/python3/dist-packages/botocore/data/workmail/2017-10-01
248K	/usr/lib/python3/dist-packages/botocore/data/workmail
252K	/usr/lib/python3/dist-packages/botocore/data/fms/2018-01-01
256K	/usr/lib/python3/dist-packages/botocore/data/fms
136K	/usr/lib/python3/dist-packages/botocore/data/serverlessrepo/2017-09-08
140K	/usr/lib/python3/dist-packages/botocore/data/serverlessrepo
84K	/usr/lib/python3/dist-packages/botocore/data/codeguru-security/2018-05-10
88K	/usr/lib/python3/dist-packages/botocore/data/codeguru-security
580K	/usr/lib/python3/dist-packages/botocore/data/chime/2018-05-01
584K	/usr/lib/python3/dist-packages/botocore/data/chime
64K	/usr/lib/python3/dist-packages/botocore/data/iot1click-projects/2018-05-14
68K	/usr/lib/python3/dist-packages/botocore/data/iot1click-projects
164K	/usr/lib/python3/dist-packages/botocore/data/pipes/2015-10-07
168K	/usr/lib/python3/dist-packages/botocore/data/pipes
196K	/usr/lib/python3/dist-packages/botocore/data/secretsmanager/2017-10-17
200K	/usr/lib/python3/dist-packages/botocore/data/secretsmanager
132K	/usr/lib/python3/dist-packages/botocore/data/mediapackage/2017-10-12
136K	/usr/lib/python3/dist-packages/botocore/data/mediapackage
40K	/usr/lib/python3/dist-packages/botocore/data/cloudtrail-data/2021-08-11
44K	/usr/lib/python3/dist-packages/botocore/data/cloudtrail-data
512K	/usr/lib/python3/dist-packages/botocore/data/macie2/2020-01-01
516K	/usr/lib/python3/dist-packages/botocore/data/macie2
128K	/usr/lib/python3/dist-packages/botocore/data/schemas/2019-12-02
132K	/usr/lib/python3/dist-packages/botocore/data/schemas
64K	/usr/lib/python3/dist-packages/botocore/data/bedrock-agent-runtime/2023-07-26
68K	/usr/lib/python3/dist-packages/botocore/data/bedrock-agent-runtime
244K	/usr/lib/python3/dist-packages/botocore/data/athena/2017-05-18
248K	/usr/lib/python3/dist-packages/botocore/data/athena
104K	/usr/lib/python3/dist-packages/botocore/data/bedrock/2023-04-20
108K	/usr/lib/python3/dist-packages/botocore/data/bedrock
492K	/usr/lib/python3/dist-packages/botocore/data/dynamodb/2012-08-10
28K	/usr/lib/python3/dist-packages/botocore/data/dynamodb/2011-12-05
524K	/usr/lib/python3/dist-packages/botocore/data/dynamodb
232K	/usr/lib/python3/dist-packages/botocore/data/sso-admin/2020-07-20
236K	/usr/lib/python3/dist-packages/botocore/data/sso-admin
240K	/usr/lib/python3/dist-packages/botocore/data/alexaforbusiness/2017-11-09
244K	/usr/lib/python3/dist-packages/botocore/data/alexaforbusiness
300K	/usr/lib/python3/dist-packages/botocore/data/kinesis/2013-12-02
304K	/usr/lib/python3/dist-packages/botocore/data/kinesis
260K	/usr/lib/python3/dist-packages/botocore/data/lex-models/2017-04-19
264K	/usr/lib/python3/dist-packages/botocore/data/lex-models
94M	/usr/lib/python3/dist-packages/botocore/data
64K	/usr/lib/python3/dist-packages/botocore/retries/__pycache__
120K	/usr/lib/python3/dist-packages/botocore/retries
32K	/usr/lib/python3/dist-packages/botocore/crt/__pycache__
68K	/usr/lib/python3/dist-packages/botocore/crt
144K	/usr/lib/python3/dist-packages/botocore/docs/__pycache__
68K	/usr/lib/python3/dist-packages/botocore/docs/bcdoc/__pycache__
116K	/usr/lib/python3/dist-packages/botocore/docs/bcdoc
388K	/usr/lib/python3/dist-packages/botocore/docs
97M	/usr/lib/python3/dist-packages/botocore
20K	/usr/lib/python3/dist-packages/gyp-0.1.egg-info
76K	/usr/lib/python3/dist-packages/pytz/__pycache__
144K	/usr/lib/python3/dist-packages/pytz
28K	/usr/lib/python3/dist-packages/twisted-24.3.0.dist-info
56K	/usr/lib/python3/dist-packages/secretstorage/__pycache__
104K	/usr/lib/python3/dist-packages/secretstorage
8.0K	/usr/lib/python3/dist-packages/zope/__pycache__
280K	/usr/lib/python3/dist-packages/zope/interface/__pycache__
96K	/usr/lib/python3/dist-packages/zope/interface/common/__pycache__
48K	/usr/lib/python3/dist-packages/zope/interface/common/tests/__pycache__
92K	/usr/lib/python3/dist-packages/zope/interface/common/tests
272K	/usr/lib/python3/dist-packages/zope/interface/common
820K	/usr/lib/python3/dist-packages/zope/interface/tests/__pycache__
1.3M	/usr/lib/python3/dist-packages/zope/interface/tests
2.2M	/usr/lib/python3/dist-packages/zope/interface
2.2M	/usr/lib/python3/dist-packages/zope
156K	/usr/lib/python3/dist-packages/softwareproperties/__pycache__
28K	/usr/lib/python3/dist-packages/softwareproperties/dbus/__pycache__
52K	/usr/lib/python3/dist-packages/softwareproperties/dbus
340K	/usr/lib/python3/dist-packages/softwareproperties
4.0K	/usr/lib/python3/dist-packages/distro_info
36K	/usr/lib/python3/dist-packages/launchpadlib-1.11.0.egg-info
20K	/usr/lib/python3/dist-packages/zipp-1.0.0.dist-info
52K	/usr/lib/python3/dist-packages/colorama/__pycache__
68K	/usr/lib/python3/dist-packages/colorama/tests/__pycache__
112K	/usr/lib/python3/dist-packages/colorama/tests
208K	/usr/lib/python3/dist-packages/colorama
456K	/usr/lib/python3/dist-packages/pyparsing/__pycache__
32K	/usr/lib/python3/dist-packages/pyparsing/diagram/__pycache__
60K	/usr/lib/python3/dist-packages/pyparsing/diagram
900K	/usr/lib/python3/dist-packages/pyparsing
16K	/usr/lib/python3/dist-packages/six-1.16.0.egg-info
40K	/usr/lib/python3/dist-packages/oauthlib/__pycache__
8.0K	/usr/lib/python3/dist-packages/oauthlib/oauth1/__pycache__
92K	/usr/lib/python3/dist-packages/oauthlib/oauth1/rfc5849/__pycache__
68K	/usr/lib/python3/dist-packages/oauthlib/oauth1/rfc5849/endpoints/__pycache__
136K	/usr/lib/python3/dist-packages/oauthlib/oauth1/rfc5849/endpoints
332K	/usr/lib/python3/dist-packages/oauthlib/oauth1/rfc5849
348K	/usr/lib/python3/dist-packages/oauthlib/oauth1
8.0K	/usr/lib/python3/dist-packages/oauthlib/openid/__pycache__
8.0K	/usr/lib/python3/dist-packages/oauthlib/openid/connect/__pycache__
36K	/usr/lib/python3/dist-packages/oauthlib/openid/connect/core/__pycache__
48K	/usr/lib/python3/dist-packages/oauthlib/openid/connect/core/grant_types/__pycache__
92K	/usr/lib/python3/dist-packages/oauthlib/openid/connect/core/grant_types
24K	/usr/lib/python3/dist-packages/oauthlib/openid/connect/core/endpoints/__pycache__
44K	/usr/lib/python3/dist-packages/oauthlib/openid/connect/core/endpoints
204K	/usr/lib/python3/dist-packages/oauthlib/openid/connect/core
216K	/usr/lib/python3/dist-packages/oauthlib/openid/connect
232K	/usr/lib/python3/dist-packages/oauthlib/openid
8.0K	/usr/lib/python3/dist-packages/oauthlib/oauth2/__pycache__
100K	/usr/lib/python3/dist-packages/oauthlib/oauth2/rfc6749/__pycache__
84K	/usr/lib/python3/dist-packages/oauthlib/oauth2/rfc6749/clients/__pycache__
160K	/usr/lib/python3/dist-packages/oauthlib/oauth2/rfc6749/clients
96K	/usr/lib/python3/dist-packages/oauthlib/oauth2/rfc6749/grant_types/__pycache__
192K	/usr/lib/python3/dist-packages/oauthlib/oauth2/rfc6749/grant_types
80K	/usr/lib/python3/dist-packages/oauthlib/oauth2/rfc6749/endpoints/__pycache__
156K	/usr/lib/python3/dist-packages/oauthlib/oauth2/rfc6749/endpoints
700K	/usr/lib/python3/dist-packages/oauthlib/oauth2/rfc6749
8.0K	/usr/lib/python3/dist-packages/oauthlib/oauth2/rfc8628/__pycache__
16K	/usr/lib/python3/dist-packages/oauthlib/oauth2/rfc8628/clients/__pycache__
28K	/usr/lib/python3/dist-packages/oauthlib/oauth2/rfc8628/clients
44K	/usr/lib/python3/dist-packages/oauthlib/oauth2/rfc8628
760K	/usr/lib/python3/dist-packages/oauthlib/oauth2
1.4M	/usr/lib/python3/dist-packages/oauthlib
20K	/usr/lib/python3/dist-packages/pyasn1-0.4.8.egg-info
40K	/usr/lib/python3/dist-packages/keyring-24.3.1.dist-info
68K	/usr/lib/python3/dist-packages/zope.interface-6.1.egg-info
192K	/usr/lib/python3/dist-packages/apt/__pycache__
40K	/usr/lib/python3/dist-packages/apt/progress/__pycache__
72K	/usr/lib/python3/dist-packages/apt/progress
420K	/usr/lib/python3/dist-packages/apt
8.0K	/usr/lib/python3/dist-packages/_yaml/__pycache__
16K	/usr/lib/python3/dist-packages/_yaml
800K	/usr/lib/python3/dist-packages/samba/__pycache__
8.0K	/usr/lib/python3/dist-packages/samba/dcerpc/__pycache__
16M	/usr/lib/python3/dist-packages/samba/dcerpc
64K	/usr/lib/python3/dist-packages/samba/gp_parse/__pycache__
116K	/usr/lib/python3/dist-packages/samba/gp_parse
296K	/usr/lib/python3/dist-packages/samba/gp/__pycache__
12K	/usr/lib/python3/dist-packages/samba/gp/util/__pycache__
20K	/usr/lib/python3/dist-packages/samba/gp/util
568K	/usr/lib/python3/dist-packages/samba/gp
904K	/usr/lib/python3/dist-packages/samba/netcmd/__pycache__
300K	/usr/lib/python3/dist-packages/samba/netcmd/domain/__pycache__
28K	/usr/lib/python3/dist-packages/samba/netcmd/domain/claim/__pycache__
56K	/usr/lib/python3/dist-packages/samba/netcmd/domain/claim
48K	/usr/lib/python3/dist-packages/samba/netcmd/domain/auth/__pycache__
96K	/usr/lib/python3/dist-packages/samba/netcmd/domain/auth
88K	/usr/lib/python3/dist-packages/samba/netcmd/domain/models/__pycache__
168K	/usr/lib/python3/dist-packages/samba/netcmd/domain/models
928K	/usr/lib/python3/dist-packages/samba/netcmd/domain
2.7M	/usr/lib/python3/dist-packages/samba/netcmd
144K	/usr/lib/python3/dist-packages/samba/emulate/__pycache__
272K	/usr/lib/python3/dist-packages/samba/emulate
184K	/usr/lib/python3/dist-packages/samba/provision/__pycache__
360K	/usr/lib/python3/dist-packages/samba/provision
256K	/usr/lib/python3/dist-packages/samba/kcc/__pycache__
528K	/usr/lib/python3/dist-packages/samba/kcc
40K	/usr/lib/python3/dist-packages/samba/subunit/__pycache__
76K	/usr/lib/python3/dist-packages/samba/subunit
36K	/usr/lib/python3/dist-packages/samba/samba3/__pycache__
668K	/usr/lib/python3/dist-packages/samba/samba3
25M	/usr/lib/python3/dist-packages/samba
24K	/usr/lib/python3/dist-packages/ubuntu_pro_client-8001.egg-info
28K	/usr/lib/python3/dist-packages/incremental-22.10.0.dist-info
16K	/usr/lib/python3/dist-packages/python_apt-2.7.7+ubuntu5.2.egg-info
12K	/usr/lib/python3/dist-packages/hamcrest/__pycache__
8.0K	/usr/lib/python3/dist-packages/hamcrest/library/__pycache__
12K	/usr/lib/python3/dist-packages/hamcrest/library/integration/__pycache__
24K	/usr/lib/python3/dist-packages/hamcrest/library/integration
20K	/usr/lib/python3/dist-packages/hamcrest/library/number/__pycache__
36K	/usr/lib/python3/dist-packages/hamcrest/library/number
40K	/usr/lib/python3/dist-packages/hamcrest/library/text/__pycache__
80K	/usr/lib/python3/dist-packages/hamcrest/library/text
68K	/usr/lib/python3/dist-packages/hamcrest/library/collection/__pycache__
120K	/usr/lib/python3/dist-packages/hamcrest/library/collection
28K	/usr/lib/python3/dist-packages/hamcrest/library/object/__pycache__
52K	/usr/lib/python3/dist-packages/hamcrest/library/object
328K	/usr/lib/python3/dist-packages/hamcrest/library
40K	/usr/lib/python3/dist-packages/hamcrest/core/__pycache__
20K	/usr/lib/python3/dist-packages/hamcrest/core/helpers/__pycache__
40K	/usr/lib/python3/dist-packages/hamcrest/core/helpers
68K	/usr/lib/python3/dist-packages/hamcrest/core/core/__pycache__
132K	/usr/lib/python3/dist-packages/hamcrest/core/core
252K	/usr/lib/python3/dist-packages/hamcrest/core
604K	/usr/lib/python3/dist-packages/hamcrest
20K	/usr/lib/python3/dist-packages/urllib3-2.0.7.dist-info
224K	/usr/lib/python3/dist-packages/markdown/__pycache__
196K	/usr/lib/python3/dist-packages/markdown/extensions/__pycache__
364K	/usr/lib/python3/dist-packages/markdown/extensions
792K	/usr/lib/python3/dist-packages/markdown
320K	/usr/lib/python3/dist-packages/gpg/__pycache__
52K	/usr/lib/python3/dist-packages/gpg/constants/__pycache__
12K	/usr/lib/python3/dist-packages/gpg/constants/tofu/__pycache__
24K	/usr/lib/python3/dist-packages/gpg/constants/tofu
12K	/usr/lib/python3/dist-packages/gpg/constants/data/__pycache__
24K	/usr/lib/python3/dist-packages/gpg/constants/data
16K	/usr/lib/python3/dist-packages/gpg/constants/sig/__pycache__
32K	/usr/lib/python3/dist-packages/gpg/constants/sig
12K	/usr/lib/python3/dist-packages/gpg/constants/keylist/__pycache__
24K	/usr/lib/python3/dist-packages/gpg/constants/keylist
208K	/usr/lib/python3/dist-packages/gpg/constants
1.7M	/usr/lib/python3/dist-packages/gpg
36K	/usr/lib/python3/dist-packages/magic/__pycache__
76K	/usr/lib/python3/dist-packages/magic
744K	/usr/lib/python3/dist-packages/DistUpgrade/__pycache__
1.4M	/usr/lib/python3/dist-packages/DistUpgrade
24K	/usr/lib/python3/dist-packages/botocore-1.34.46.egg-info
56K	/usr/lib/python3/dist-packages/boto3/__pycache__
56K	/usr/lib/python3/dist-packages/boto3/data/iam/2010-05-08
60K	/usr/lib/python3/dist-packages/boto3/data/iam
12K	/usr/lib/python3/dist-packages/boto3/data/cloudformation/2010-05-15
16K	/usr/lib/python3/dist-packages/boto3/data/cloudformation
16K	/usr/lib/python3/dist-packages/boto3/data/cloudwatch/2010-08-01
20K	/usr/lib/python3/dist-packages/boto3/data/cloudwatch
12K	/usr/lib/python3/dist-packages/boto3/data/sqs/2012-11-05
16K	/usr/lib/python3/dist-packages/boto3/data/sqs
12K	/usr/lib/python3/dist-packages/boto3/data/opsworks/2013-02-18
16K	/usr/lib/python3/dist-packages/boto3/data/opsworks
24K	/usr/lib/python3/dist-packages/boto3/data/glacier/2012-06-01
28K	/usr/lib/python3/dist-packages/boto3/data/glacier
16K	/usr/lib/python3/dist-packages/boto3/data/sns/2010-03-31
20K	/usr/lib/python3/dist-packages/boto3/data/sns
72K	/usr/lib/python3/dist-packages/boto3/data/ec2/2015-04-15
80K	/usr/lib/python3/dist-packages/boto3/data/ec2/2016-09-15
72K	/usr/lib/python3/dist-packages/boto3/data/ec2/2014-10-01
80K	/usr/lib/python3/dist-packages/boto3/data/ec2/2016-11-15
80K	/usr/lib/python3/dist-packages/boto3/data/ec2/2015-10-01
80K	/usr/lib/python3/dist-packages/boto3/data/ec2/2016-04-01
72K	/usr/lib/python3/dist-packages/boto3/data/ec2/2015-03-01
540K	/usr/lib/python3/dist-packages/boto3/data/ec2
44K	/usr/lib/python3/dist-packages/boto3/data/s3/2006-03-01
48K	/usr/lib/python3/dist-packages/boto3/data/s3
8.0K	/usr/lib/python3/dist-packages/boto3/data/dynamodb/2012-08-10
12K	/usr/lib/python3/dist-packages/boto3/data/dynamodb
780K	/usr/lib/python3/dist-packages/boto3/data
16K	/usr/lib/python3/dist-packages/boto3/examples
104K	/usr/lib/python3/dist-packages/boto3/docs/__pycache__
204K	/usr/lib/python3/dist-packages/boto3/docs
112K	/usr/lib/python3/dist-packages/boto3/resources/__pycache__
220K	/usr/lib/python3/dist-packages/boto3/resources
16K	/usr/lib/python3/dist-packages/boto3/ec2/__pycache__
32K	/usr/lib/python3/dist-packages/boto3/ec2
60K	/usr/lib/python3/dist-packages/boto3/s3/__pycache__
116K	/usr/lib/python3/dist-packages/boto3/s3
68K	/usr/lib/python3/dist-packages/boto3/dynamodb/__pycache__
128K	/usr/lib/python3/dist-packages/boto3/dynamodb
1.6M	/usr/lib/python3/dist-packages/boto3
40K	/usr/lib/python3/dist-packages/pytz-2024.1.egg-info
68K	/usr/lib/python3/dist-packages/netplan/__pycache__
244K	/usr/lib/python3/dist-packages/netplan
20K	/usr/lib/python3/dist-packages/python_magic-0.4.27.egg-info
148K	/usr/lib/python3/dist-packages/pkg_resources/__pycache__
112K	/usr/lib/python3/dist-packages/pkg_resources/_vendor/__pycache__
80K	/usr/lib/python3/dist-packages/pkg_resources/_vendor/importlib_resources/__pycache__
132K	/usr/lib/python3/dist-packages/pkg_resources/_vendor/importlib_resources
200K	/usr/lib/python3/dist-packages/pkg_resources/_vendor/more_itertools/__pycache__
368K	/usr/lib/python3/dist-packages/pkg_resources/_vendor/more_itertools
76K	/usr/lib/python3/dist-packages/pkg_resources/_vendor/platformdirs/__pycache__
136K	/usr/lib/python3/dist-packages/pkg_resources/_vendor/platformdirs
44K	/usr/lib/python3/dist-packages/pkg_resources/_vendor/jaraco/__pycache__
28K	/usr/lib/python3/dist-packages/pkg_resources/_vendor/jaraco/text/__pycache__
48K	/usr/lib/python3/dist-packages/pkg_resources/_vendor/jaraco/text
120K	/usr/lib/python3/dist-packages/pkg_resources/_vendor/jaraco
188K	/usr/lib/python3/dist-packages/pkg_resources/_vendor/packaging/__pycache__
360K	/usr/lib/python3/dist-packages/pkg_resources/_vendor/packaging
1.3M	/usr/lib/python3/dist-packages/pkg_resources/_vendor
8.0K	/usr/lib/python3/dist-packages/pkg_resources/extern/__pycache__
16K	/usr/lib/python3/dist-packages/pkg_resources/extern
1.6M	/usr/lib/python3/dist-packages/pkg_resources
708K	/usr/lib/python3/dist-packages/jinja2/__pycache__
1.3M	/usr/lib/python3/dist-packages/jinja2
28K	/usr/lib/python3/dist-packages/pyhamcrest-2.1.0.dist-info
24K	/usr/lib/python3/dist-packages/pyserial-3.5.egg-info
8.0K	/usr/lib/python3/dist-packages/janitor/__pycache__
36K	/usr/lib/python3/dist-packages/janitor/plugincore/__pycache__
72K	/usr/lib/python3/dist-packages/janitor/plugincore
88K	/usr/lib/python3/dist-packages/janitor
8.0K	/usr/lib/python3/dist-packages/apt_inst-stubs
24K	/usr/lib/python3/dist-packages/attrs-23.2.0.dist-info
96K	/usr/lib/python3/dist-packages/jmespath/__pycache__
180K	/usr/lib/python3/dist-packages/jmespath
1.3M	/usr/lib/python3/dist-packages/rich/__pycache__
2.4M	/usr/lib/python3/dist-packages/rich
20K	/usr/lib/python3/dist-packages/ssh_import_id-5.11.egg-info
24K	/usr/lib/python3/dist-packages/PyJWT-2.7.0.dist-info
20K	/usr/lib/python3/dist-packages/UpdateManager/__pycache__
52K	/usr/lib/python3/dist-packages/UpdateManager/backend/__pycache__
100K	/usr/lib/python3/dist-packages/UpdateManager/backend
124K	/usr/lib/python3/dist-packages/UpdateManager/Core/__pycache__
228K	/usr/lib/python3/dist-packages/UpdateManager/Core
360K	/usr/lib/python3/dist-packages/UpdateManager
300K	/usr/lib/python3/dist-packages/idna/__pycache__
624K	/usr/lib/python3/dist-packages/idna
28K	/usr/lib/python3/dist-packages/distro-1.9.0.dist-info
124K	/usr/lib/python3/dist-packages/dateutil/__pycache__
88K	/usr/lib/python3/dist-packages/dateutil/parser/__pycache__
172K	/usr/lib/python3/dist-packages/dateutil/parser
16K	/usr/lib/python3/dist-packages/dateutil/zoneinfo/__pycache__
32K	/usr/lib/python3/dist-packages/dateutil/zoneinfo
120K	/usr/lib/python3/dist-packages/dateutil/tz/__pycache__
228K	/usr/lib/python3/dist-packages/dateutil/tz
680K	/usr/lib/python3/dist-packages/dateutil
20K	/usr/lib/python3/dist-packages/jmespath-1.0.1.egg-info
24K	/usr/lib/python3/dist-packages/msgpack-1.0.3.egg-info
20K	/usr/lib/python3/dist-packages/_distutils_hack/__pycache__
36K	/usr/lib/python3/dist-packages/_distutils_hack
52K	/usr/lib/python3/dist-packages/wadllib-1.3.6.egg-info
32K	/usr/lib/python3/dist-packages/lazr.uri-1.0.6.egg-info
28K	/usr/lib/python3/dist-packages/requests-2.31.0.egg-info
16K	/usr/lib/python3/dist-packages/blinker-1.7.0.dist-info
16K	/usr/lib/python3/dist-packages/pexpect-4.9.0.egg-info
68K	/usr/lib/python3/dist-packages/wadllib/__pycache__
12K	/usr/lib/python3/dist-packages/wadllib/tests/__pycache__
8.0K	/usr/lib/python3/dist-packages/wadllib/tests/data/__pycache__
252K	/usr/lib/python3/dist-packages/wadllib/tests/data
276K	/usr/lib/python3/dist-packages/wadllib/tests
404K	/usr/lib/python3/dist-packages/wadllib
16K	/usr/lib/python3/dist-packages/dbus_python-1.3.2.egg-info
84K	/usr/lib/python3/dist-packages/launchpadlib/__pycache__
52K	/usr/lib/python3/dist-packages/launchpadlib/testing/__pycache__
40K	/usr/lib/python3/dist-packages/launchpadlib/testing/tests/__pycache__
64K	/usr/lib/python3/dist-packages/launchpadlib/testing/tests
1.7M	/usr/lib/python3/dist-packages/launchpadlib/testing
80K	/usr/lib/python3/dist-packages/launchpadlib/tests/__pycache__
148K	/usr/lib/python3/dist-packages/launchpadlib/tests
2.0M	/usr/lib/python3/dist-packages/launchpadlib
60K	/usr/lib/python3/dist-packages/automat/__pycache__
120K	/usr/lib/python3/dist-packages/automat/_test/__pycache__
192K	/usr/lib/python3/dist-packages/automat/_test
304K	/usr/lib/python3/dist-packages/automat
28K	/usr/lib/python3/dist-packages/portalocker-2.2.1.egg-info
20K	/usr/lib/python3/dist-packages/s3transfer-0.10.1.egg-info
40K	/usr/lib/python3/dist-packages/systemd/__pycache__
60K	/usr/lib/python3/dist-packages/systemd/test/__pycache__
96K	/usr/lib/python3/dist-packages/systemd/test
512K	/usr/lib/python3/dist-packages/systemd
112K	/usr/lib/python3/dist-packages/markdown_it/__pycache__
36K	/usr/lib/python3/dist-packages/markdown_it/common/__pycache__
68K	/usr/lib/python3/dist-packages/markdown_it/common
80K	/usr/lib/python3/dist-packages/markdown_it/rules_inline/__pycache__
164K	/usr/lib/python3/dist-packages/markdown_it/rules_inline
16K	/usr/lib/python3/dist-packages/markdown_it/cli/__pycache__
24K	/usr/lib/python3/dist-packages/markdown_it/cli
20K	/usr/lib/python3/dist-packages/markdown_it/helpers/__pycache__
40K	/usr/lib/python3/dist-packages/markdown_it/helpers
20K	/usr/lib/python3/dist-packages/markdown_it/presets/__pycache__
40K	/usr/lib/python3/dist-packages/markdown_it/presets
52K	/usr/lib/python3/dist-packages/markdown_it/rules_core/__pycache__
100K	/usr/lib/python3/dist-packages/markdown_it/rules_core
80K	/usr/lib/python3/dist-packages/markdown_it/rules_block/__pycache__
168K	/usr/lib/python3/dist-packages/markdown_it/rules_block
824K	/usr/lib/python3/dist-packages/markdown_it
832K	/usr/lib/python3/dist-packages/borg/__pycache__
28K	/usr/lib/python3/dist-packages/borg/platform/__pycache__
452K	/usr/lib/python3/dist-packages/borg/platform
8.0K	/usr/lib/python3/dist-packages/borg/algorithms/__pycache__
152K	/usr/lib/python3/dist-packages/borg/algorithms
96K	/usr/lib/python3/dist-packages/borg/crypto/__pycache__
372K	/usr/lib/python3/dist-packages/borg/crypto
888K	/usr/lib/python3/dist-packages/borg/testsuite/__pycache__
1.5M	/usr/lib/python3/dist-packages/borg/testsuite
188K	/usr/lib/python3/dist-packages/borg/helpers/__pycache__
344K	/usr/lib/python3/dist-packages/borg/helpers
5.4M	/usr/lib/python3/dist-packages/borg
28K	/usr/lib/python3/dist-packages/netifaces-0.11.0.egg-info
284K	/usr/lib/python3/dist-packages/babel/__pycache__
184K	/usr/lib/python3/dist-packages/babel/messages/__pycache__
352K	/usr/lib/python3/dist-packages/babel/messages
20K	/usr/lib/python3/dist-packages/babel/localtime/__pycache__
40K	/usr/lib/python3/dist-packages/babel/localtime
920K	/usr/lib/python3/dist-packages/babel
24K	/usr/lib/python3/dist-packages/boto3-1.34.46.egg-info
16K	/usr/lib/python3/dist-packages/jeepney-0.8.0.dist-info
32K	/usr/lib/python3/dist-packages/rich-13.7.1.dist-info
176K	/usr/lib/python3/dist-packages/jsonschema/__pycache__
16K	/usr/lib/python3/dist-packages/jsonschema/benchmarks/__pycache__
120K	/usr/lib/python3/dist-packages/jsonschema/benchmarks/issue232
152K	/usr/lib/python3/dist-packages/jsonschema/benchmarks
260K	/usr/lib/python3/dist-packages/jsonschema/tests/__pycache__
452K	/usr/lib/python3/dist-packages/jsonschema/tests
56K	/usr/lib/python3/dist-packages/jsonschema/schemas
976K	/usr/lib/python3/dist-packages/jsonschema
24K	/usr/lib/python3/dist-packages/cryptography-41.0.7.dist-info
116K	/usr/lib/python3/dist-packages/aptsources/__pycache__
208K	/usr/lib/python3/dist-packages/aptsources
32K	/usr/lib/python3/dist-packages/mdurl/__pycache__
72K	/usr/lib/python3/dist-packages/mdurl
28K	/usr/lib/python3/dist-packages/markupsafe/__pycache__
120K	/usr/lib/python3/dist-packages/markupsafe
208K	/usr/lib/python3/dist-packages/more_itertools/__pycache__
420K	/usr/lib/python3/dist-packages/more_itertools
48K	/usr/lib/python3/dist-packages/more_itertools-10.2.0.dist-info
16K	/usr/lib/python3/dist-packages/ufw-0.36.2.egg-info
16K	/usr/lib/python3/dist-packages/imaplib2-3.5.egg-info
20K	/usr/lib/python3/dist-packages/configobj-5.0.8.dist-info
20K	/usr/lib/python3/dist-packages/click-8.1.6.egg-info
32K	/usr/lib/python3/dist-packages/markdown_it_py-3.0.0.dist-info
244K	/usr/lib/python3/dist-packages/requests/__pycache__
464K	/usr/lib/python3/dist-packages/requests
24K	/usr/lib/python3/dist-packages/hyperlink-21.0.0.egg-info
20K	/usr/lib/python3/dist-packages/certifi-2023.11.17.egg-info
36K	/usr/lib/python3/dist-packages/lazr.restfulclient-0.14.6.egg-info
244K	/usr/lib/python3/dist-packages/urllib3/__pycache__
132K	/usr/lib/python3/dist-packages/urllib3/util/__pycache__
264K	/usr/lib/python3/dist-packages/urllib3/util
84K	/usr/lib/python3/dist-packages/urllib3/contrib/__pycache__
44K	/usr/lib/python3/dist-packages/urllib3/contrib/_securetransport/__pycache__
80K	/usr/lib/python3/dist-packages/urllib3/contrib/_securetransport
232K	/usr/lib/python3/dist-packages/urllib3/contrib
976K	/usr/lib/python3/dist-packages/urllib3
16K	/usr/lib/python3/dist-packages/distro_info-1.7+build1.egg-info
28K	/usr/lib/python3/dist-packages/pyOpenSSL-23.2.0.egg-info
348K	/usr/lib/python3/dist-packages/s3transfer/__pycache__
660K	/usr/lib/python3/dist-packages/s3transfer
660K	/usr/lib/python3/dist-packages/gyp/__pycache__
520K	/usr/lib/python3/dist-packages/gyp/generator/__pycache__
1.1M	/usr/lib/python3/dist-packages/gyp/generator
2.4M	/usr/lib/python3/dist-packages/gyp
200K	/usr/lib/python3/dist-packages/attr/__pycache__
440K	/usr/lib/python3/dist-packages/attr
1.1M	/usr/lib/python3/dist-packages/chardet/__pycache__
12K	/usr/lib/python3/dist-packages/chardet/cli/__pycache__
20K	/usr/lib/python3/dist-packages/chardet/cli
20K	/usr/lib/python3/dist-packages/chardet/metadata/__pycache__
40K	/usr/lib/python3/dist-packages/chardet/metadata
2.3M	/usr/lib/python3/dist-packages/chardet
28K	/usr/lib/python3/dist-packages/attrs/__pycache__
60K	/usr/lib/python3/dist-packages/attrs
16K	/usr/lib/python3/dist-packages/certifi/__pycache__
316K	/usr/lib/python3/dist-packages/certifi
16K	/usr/lib/python3/dist-packages/gpg-1.18.0.egg-info
20K	/usr/lib/python3/dist-packages/pyasn1/__pycache__
32K	/usr/lib/python3/dist-packages/pyasn1/compat/__pycache__
64K	/usr/lib/python3/dist-packages/pyasn1/compat
284K	/usr/lib/python3/dist-packages/pyasn1/type/__pycache__
516K	/usr/lib/python3/dist-packages/pyasn1/type
8.0K	/usr/lib/python3/dist-packages/pyasn1/codec/__pycache__
16K	/usr/lib/python3/dist-packages/pyasn1/codec/der/__pycache__
32K	/usr/lib/python3/dist-packages/pyasn1/codec/der
100K	/usr/lib/python3/dist-packages/pyasn1/codec/ber/__pycache__
200K	/usr/lib/python3/dist-packages/pyasn1/codec/ber
32K	/usr/lib/python3/dist-packages/pyasn1/codec/native/__pycache__
56K	/usr/lib/python3/dist-packages/pyasn1/codec/native
24K	/usr/lib/python3/dist-packages/pyasn1/codec/cer/__pycache__
48K	/usr/lib/python3/dist-packages/pyasn1/codec/cer
352K	/usr/lib/python3/dist-packages/pyasn1/codec
968K	/usr/lib/python3/dist-packages/pyasn1
16K	/usr/lib/python3/dist-packages/constantly-23.10.4.egg-info
16K	/usr/lib/python3/dist-packages/ptyprocess-0.7.0.dist-info
24K	/usr/lib/python3/dist-packages/jaraco/classes/__pycache__
40K	/usr/lib/python3/dist-packages/jaraco/classes
44K	/usr/lib/python3/dist-packages/jaraco
16K	/usr/lib/python3/dist-packages/SecretStorage-3.3.3.egg-info
144K	/usr/lib/python3/dist-packages/gi/__pycache__
236K	/usr/lib/python3/dist-packages/gi/overrides/__pycache__
432K	/usr/lib/python3/dist-packages/gi/overrides
8.0K	/usr/lib/python3/dist-packages/gi/repository/__pycache__
16K	/usr/lib/python3/dist-packages/gi/repository
1.2M	/usr/lib/python3/dist-packages/gi
204K	/usr/lib/python3/dist-packages/packaging/__pycache__
392K	/usr/lib/python3/dist-packages/packaging
16K	/usr/lib/python3/dist-packages/MarkupSafe-2.1.5.egg-info
48K	/usr/lib/python3/dist-packages/cloudinit/handlers/__pycache__
92K	/usr/lib/python3/dist-packages/cloudinit/handlers
372K	/usr/lib/python3/dist-packages/cloudinit/net/__pycache__
20K	/usr/lib/python3/dist-packages/cloudinit/net/netops/__pycache__
36K	/usr/lib/python3/dist-packages/cloudinit/net/netops
772K	/usr/lib/python3/dist-packages/cloudinit/net
488K	/usr/lib/python3/dist-packages/cloudinit/__pycache__
656K	/usr/lib/python3/dist-packages/cloudinit/sources/__pycache__
168K	/usr/lib/python3/dist-packages/cloudinit/sources/helpers/__pycache__
8.0K	/usr/lib/python3/dist-packages/cloudinit/sources/helpers/vmware/__pycache__
104K	/usr/lib/python3/dist-packages/cloudinit/sources/helpers/vmware/imc/__pycache__
188K	/usr/lib/python3/dist-packages/cloudinit/sources/helpers/vmware/imc
200K	/usr/lib/python3/dist-packages/cloudinit/sources/helpers/vmware
512K	/usr/lib/python3/dist-packages/cloudinit/sources/helpers
40K	/usr/lib/python3/dist-packages/cloudinit/sources/azure/__pycache__
68K	/usr/lib/python3/dist-packages/cloudinit/sources/azure
1.8M	/usr/lib/python3/dist-packages/cloudinit/sources
40K	/usr/lib/python3/dist-packages/cloudinit/analyze/__pycache__
80K	/usr/lib/python3/dist-packages/cloudinit/analyze
660K	/usr/lib/python3/dist-packages/cloudinit/config/__pycache__
8.0K	/usr/lib/python3/dist-packages/cloudinit/config/schemas/__pycache__
216K	/usr/lib/python3/dist-packages/cloudinit/config/schemas
1.5M	/usr/lib/python3/dist-packages/cloudinit/config
340K	/usr/lib/python3/dist-packages/cloudinit/distros/__pycache__
32K	/usr/lib/python3/dist-packages/cloudinit/distros/package_management/__pycache__
60K	/usr/lib/python3/dist-packages/cloudinit/distros/package_management
48K	/usr/lib/python3/dist-packages/cloudinit/distros/parsers/__pycache__
92K	/usr/lib/python3/dist-packages/cloudinit/distros/parsers
824K	/usr/lib/python3/dist-packages/cloudinit/distros
24K	/usr/lib/python3/dist-packages/cloudinit/log/__pycache__
44K	/usr/lib/python3/dist-packages/cloudinit/log
24K	/usr/lib/python3/dist-packages/cloudinit/mergers/__pycache__
48K	/usr/lib/python3/dist-packages/cloudinit/mergers
48K	/usr/lib/python3/dist-packages/cloudinit/reporting/__pycache__
88K	/usr/lib/python3/dist-packages/cloudinit/reporting
12K	/usr/lib/python3/dist-packages/cloudinit/filters/__pycache__
20K	/usr/lib/python3/dist-packages/cloudinit/filters
112K	/usr/lib/python3/dist-packages/cloudinit/cmd/__pycache__
76K	/usr/lib/python3/dist-packages/cloudinit/cmd/devel/__pycache__
136K	/usr/lib/python3/dist-packages/cloudinit/cmd/devel
344K	/usr/lib/python3/dist-packages/cloudinit/cmd
6.4M	/usr/lib/python3/dist-packages/cloudinit
16K	/usr/lib/python3/dist-packages/jsonpointer-2.0.egg-info
40K	/usr/lib/python3/dist-packages/pyrsistent-0.20.0.egg-info
16K	/usr/lib/python3/dist-packages/typing_extensions-4.10.0.dist-info
24K	/usr/lib/python3/dist-packages/oauthlib-3.2.2.egg-info
28K	/usr/lib/python3/dist-packages/bcrypt-3.2.2.egg-info
16K	/usr/lib/python3/dist-packages/apt_pkg-stubs
120K	/usr/lib/python3/dist-packages/jwt/__pycache__
220K	/usr/lib/python3/dist-packages/jwt
60K	/usr/lib/python3/dist-packages/pygtkcompat/__pycache__
108K	/usr/lib/python3/dist-packages/pygtkcompat
28K	/usr/lib/python3/dist-packages/rfc6555-1.0.0.egg-info
24K	/usr/lib/python3/dist-packages/python_dateutil-2.8.2.egg-info
20K	/usr/lib/python3/dist-packages/pyparsing-3.1.1.dist-info
257M	/usr/lib/python3/dist-packages
257M	/usr/lib/python3
28K	/usr/lib/dhcpcd/dhcpcd-hooks
44K	/usr/lib/dhcpcd
988K	/usr/lib/openssh
72K	/usr/lib/systemd/system-environment-generators
16K	/usr/lib/systemd/system-sleep
1.4M	/usr/lib/systemd/system-generators
56K	/usr/lib/systemd/network
8.0K	/usr/lib/systemd/system-preset
72K	/usr/lib/systemd/user-environment-generators
8.0K	/usr/lib/systemd/journald.conf.d
8.0K	/usr/lib/systemd/ntp-units.d
72K	/usr/lib/systemd/user-generators
8.0K	/usr/lib/systemd/user-preset
248K	/usr/lib/systemd/catalog
8.0K	/usr/lib/systemd/logind.conf.d
4.0K	/usr/lib/systemd/user/graphical-session-pre.target.wants
4.0K	/usr/lib/systemd/user/sockets.target.wants
184K	/usr/lib/systemd/user
8.0K	/usr/lib/systemd/system-shutdown
16K	/usr/lib/systemd/repart/definitions/confext.repart.d
16K	/usr/lib/systemd/repart/definitions/portable.repart.d
16K	/usr/lib/systemd/repart/definitions/sysext.repart.d
52K	/usr/lib/systemd/repart/definitions
56K	/usr/lib/systemd/repart
4.0K	/usr/lib/systemd/system/graphical.target.wants
8.0K	/usr/lib/systemd/system/systemd-coredump@.service.d
4.0K	/usr/lib/systemd/system/multi-user.target.wants
4.0K	/usr/lib/systemd/system/reboot.target.wants
4.0K	/usr/lib/systemd/system/system-update.target.wants
12K	/usr/lib/systemd/system/user@.service.d
4.0K	/usr/lib/systemd/system/initrd-switch-root.target.wants
4.0K	/usr/lib/systemd/system/getty.target.wants
8.0K	/usr/lib/systemd/system/systemd-logind.service.d
8.0K	/usr/lib/systemd/system/rc-local.service.d
8.0K	/usr/lib/systemd/system/serial-getty@.service.d
8.0K	/usr/lib/systemd/system/systemd-localed.service.d
4.0K	/usr/lib/systemd/system/sockets.target.wants
4.0K	/usr/lib/systemd/system/poweroff.target.wants
4.0K	/usr/lib/systemd/system/kexec.target.wants
8.0K	/usr/lib/systemd/system/systemd-journald.service.d
4.0K	/usr/lib/systemd/system/initrd-root-device.target.wants
4.0K	/usr/lib/systemd/system/initrd-root-fs.target.wants
4.0K	/usr/lib/systemd/system/rescue.target.wants
8.0K	/usr/lib/systemd/system/user-.slice.d
4.0K	/usr/lib/systemd/system/halt.target.wants
8.0K	/usr/lib/systemd/system/user@0.service.d
12K	/usr/lib/systemd/system/sysinit.target.wants
8.0K	/usr/lib/systemd/system/sshd-keygen@.service.d
8.0K	/usr/lib/systemd/system/systemd-udevd.service.d
4.0K	/usr/lib/systemd/system/initrd.target.wants
4.0K	/usr/lib/systemd/system/timers.target.wants
1.7M	/usr/lib/systemd/system
10M	/usr/lib/systemd
28K	/usr/lib/dpkg/methods/apt
32K	/usr/lib/dpkg/methods
36K	/usr/lib/dpkg
16K	/usr/lib/init
4.0K	/usr/lib/policykit-1
8.0K	/usr/lib/software-properties
8.0K	/usr/lib/nagios/plugins
12K	/usr/lib/nagios
5.4M	/usr/lib/python3.12/__pycache__
104K	/usr/lib/python3.12/xmlrpc/__pycache__
200K	/usr/lib/python3.12/xmlrpc
64K	/usr/lib/python3.12/json/__pycache__
124K	/usr/lib/python3.12/json
172K	/usr/lib/python3.12/importlib/__pycache__
76K	/usr/lib/python3.12/importlib/metadata/__pycache__
136K	/usr/lib/python3.12/importlib/metadata
76K	/usr/lib/python3.12/importlib/resources/__pycache__
128K	/usr/lib/python3.12/importlib/resources
608K	/usr/lib/python3.12/importlib
320K	/usr/lib/python3.12/unittest/__pycache__
596K	/usr/lib/python3.12/unittest
448K	/usr/lib/python3.12/email/__pycache__
44K	/usr/lib/python3.12/email/mime/__pycache__
80K	/usr/lib/python3.12/email/mime
944K	/usr/lib/python3.12/email
212K	/usr/lib/python3.12/logging/__pycache__
408K	/usr/lib/python3.12/logging
8.0K	/usr/lib/python3.12/concurrent/__pycache__
88K	/usr/lib/python3.12/concurrent/futures/__pycache__
168K	/usr/lib/python3.12/concurrent/futures
184K	/usr/lib/python3.12/concurrent
204K	/usr/lib/python3.12/urllib/__pycache__
380K	/usr/lib/python3.12/urllib
8.0K	/usr/lib/python3.12/xml/__pycache__
116K	/usr/lib/python3.12/xml/etree/__pycache__
228K	/usr/lib/python3.12/xml/etree
12K	/usr/lib/python3.12/xml/parsers/__pycache__
24K	/usr/lib/python3.12/xml/parsers
204K	/usr/lib/python3.12/xml/dom/__pycache__
356K	/usr/lib/python3.12/xml/dom
96K	/usr/lib/python3.12/xml/sax/__pycache__
172K	/usr/lib/python3.12/xml/sax
796K	/usr/lib/python3.12/xml
52K	/usr/lib/python3.12/zoneinfo/__pycache__
104K	/usr/lib/python3.12/zoneinfo
108K	/usr/lib/python3.12/re/__pycache__
216K	/usr/lib/python3.12/re
132K	/usr/lib/python3.12/html/__pycache__
244K	/usr/lib/python3.12/html
84K	/usr/lib/python3.12/wsgiref/__pycache__
160K	/usr/lib/python3.12/wsgiref
12K	/usr/lib/python3.12/__phello__/__pycache__
24K	/usr/lib/python3.12/__phello__
416K	/usr/lib/python3.12/multiprocessing/__pycache__
16K	/usr/lib/python3.12/multiprocessing/dummy/__pycache__
28K	/usr/lib/python3.12/multiprocessing/dummy
760K	/usr/lib/python3.12/multiprocessing
4.0K	/usr/lib/python3.12/config-3.12-aarch64-linux-gnu
776K	/usr/lib/python3.12/encodings/__pycache__
2.5M	/usr/lib/python3.12/encodings
500K	/usr/lib/python3.12/pydoc_data/__pycache__
1.3M	/usr/lib/python3.12/pydoc_data
40K	/usr/lib/python3.12/venv/__pycache__
20K	/usr/lib/python3.12/venv/scripts/common
12K	/usr/lib/python3.12/venv/scripts/posix
36K	/usr/lib/python3.12/venv/scripts
112K	/usr/lib/python3.12/venv
36K	/usr/lib/python3.12/dbm/__pycache__
68K	/usr/lib/python3.12/dbm
108K	/usr/lib/python3.12/zipfile/__pycache__
28K	/usr/lib/python3.12/zipfile/_path/__pycache__
48K	/usr/lib/python3.12/zipfile/_path
252K	/usr/lib/python3.12/zipfile
4.9M	/usr/lib/python3.12/lib-dynload
64K	/usr/lib/python3.12/test/__pycache__
332K	/usr/lib/python3.12/test/support/__pycache__
16K	/usr/lib/python3.12/test/support/_hypothesis_stubs/__pycache__
32K	/usr/lib/python3.12/test/support/_hypothesis_stubs
632K	/usr/lib/python3.12/test/support
276K	/usr/lib/python3.12/test/libregrtest/__pycache__
496K	/usr/lib/python3.12/test/libregrtest
52K	/usr/lib/python3.12/test/typinganndata/__pycache__
100K	/usr/lib/python3.12/test/typinganndata
1.4M	/usr/lib/python3.12/test
684K	/usr/lib/python3.12/asyncio/__pycache__
1.3M	/usr/lib/python3.12/asyncio
44K	/usr/lib/python3.12/curses/__pycache__
76K	/usr/lib/python3.12/curses
80K	/usr/lib/python3.12/collections/__pycache__
140K	/usr/lib/python3.12/collections
80K	/usr/lib/python3.12/ctypes/__pycache__
148K	/usr/lib/python3.12/ctypes
28K	/usr/lib/python3.12/sqlite3/__pycache__
48K	/usr/lib/python3.12/sqlite3
236K	/usr/lib/python3.12/http/__pycache__
460K	/usr/lib/python3.12/http
44K	/usr/lib/python3.12/tomllib/__pycache__
84K	/usr/lib/python3.12/tomllib
29M	/usr/lib/python3.12
4.0K	/usr/lib/groff/site-tmac
8.0K	/usr/lib/groff
20K	/usr/lib/lsb/init-functions.d
36K	/usr/lib/lsb
40K	/usr/lib/open-iscsi
268K	/usr/lib/gcc/aarch64-linux-gnu/13/plugin
56K	/usr/lib/gcc/aarch64-linux-gnu/13/include/sanitizer
1.2M	/usr/lib/gcc/aarch64-linux-gnu/13/include
24M	/usr/lib/gcc/aarch64-linux-gnu/13
24M	/usr/lib/gcc/aarch64-linux-gnu
24M	/usr/lib/gcc
72K	/usr/lib/dbus-1.0
24K	/usr/lib/needrestart
36K	/usr/lib/autossh
100K	/usr/lib/girepository-1.0
4.0K	/usr/lib/compat-ld
208K	/usr/lib/cups/notifier
408K	/usr/lib/cups/cgi-bin
140K	/usr/lib/cups/monitor
816K	/usr/lib/cups/backend
2.2M	/usr/lib/cups/filter
4.0K	/usr/lib/cups/backend-available
340K	/usr/lib/cups/daemon
76K	/usr/lib/cups/driver
4.2M	/usr/lib/cups
16K	/usr/lib/hdparm
40K	/usr/lib/sysusers.d
4.0K	/usr/lib/udisks2
24K	/usr/lib/apparmor
88K	/usr/lib/node_modules/corepack/shims/nodewin
176K	/usr/lib/node_modules/corepack/shims
952K	/usr/lib/node_modules/corepack/dist/lib
984K	/usr/lib/node_modules/corepack/dist
1.2M	/usr/lib/node_modules/corepack
144K	/usr/lib/node_modules/npm/man/man7
136K	/usr/lib/node_modules/npm/man/man5
492K	/usr/lib/node_modules/npm/man/man1
776K	/usr/lib/node_modules/npm/man
12K	/usr/lib/node_modules/npm/bin/node-gyp-bin
52K	/usr/lib/node_modules/npm/bin
212K	/usr/lib/node_modules/npm/docs/output/using-npm
804K	/usr/lib/node_modules/npm/docs/output/commands
176K	/usr/lib/node_modules/npm/docs/output/configuring-npm
1.2M	/usr/lib/node_modules/npm/docs/output
12K	/usr/lib/node_modules/npm/docs/lib
1.2M	/usr/lib/node_modules/npm/docs
200K	/usr/lib/node_modules/npm/lib/utils
24K	/usr/lib/node_modules/npm/lib/cli
408K	/usr/lib/node_modules/npm/lib/commands
676K	/usr/lib/node_modules/npm/lib
36K	/usr/lib/node_modules/npm/node_modules/libnpmexec/lib
44K	/usr/lib/node_modules/npm/node_modules/libnpmexec
28K	/usr/lib/node_modules/npm/node_modules/cacache/lib/content
16K	/usr/lib/node_modules/npm/node_modules/cacache/lib/util
92K	/usr/lib/node_modules/npm/node_modules/cacache/lib
100K	/usr/lib/node_modules/npm/node_modules/cacache
308K	/usr/lib/node_modules/npm/node_modules/glob/dist/esm
264K	/usr/lib/node_modules/npm/node_modules/glob/dist/commonjs
576K	/usr/lib/node_modules/npm/node_modules/glob/dist
584K	/usr/lib/node_modules/npm/node_modules/glob
16K	/usr/lib/node_modules/npm/node_modules/fs-minipass/lib
24K	/usr/lib/node_modules/npm/node_modules/fs-minipass
12K	/usr/lib/node_modules/npm/node_modules/promise-retry
12K	/usr/lib/node_modules/npm/node_modules/npm-pick-manifest/lib
20K	/usr/lib/node_modules/npm/node_modules/npm-pick-manifest
8.0K	/usr/lib/node_modules/npm/node_modules/npm-normalize-package-bin/lib
16K	/usr/lib/node_modules/npm/node_modules/npm-normalize-package-bin
8.0K	/usr/lib/node_modules/npm/node_modules/@npmcli/name-from-folder/lib
16K	/usr/lib/node_modules/npm/node_modules/@npmcli/name-from-folder
60K	/usr/lib/node_modules/npm/node_modules/@npmcli/package-json/lib
68K	/usr/lib/node_modules/npm/node_modules/@npmcli/package-json
92K	/usr/lib/node_modules/npm/node_modules/@npmcli/config/lib/definitions
160K	/usr/lib/node_modules/npm/node_modules/@npmcli/config/lib
168K	/usr/lib/node_modules/npm/node_modules/@npmcli/config
12K	/usr/lib/node_modules/npm/node_modules/@npmcli/fs/lib/common
24K	/usr/lib/node_modules/npm/node_modules/@npmcli/fs/lib/cp
56K	/usr/lib/node_modules/npm/node_modules/@npmcli/fs/lib
64K	/usr/lib/node_modules/npm/node_modules/@npmcli/fs
20K	/usr/lib/node_modules/npm/node_modules/@npmcli/arborist/bin/lib
64K	/usr/lib/node_modules/npm/node_modules/@npmcli/arborist/bin
196K	/usr/lib/node_modules/npm/node_modules/@npmcli/arborist/lib/arborist
544K	/usr/lib/node_modules/npm/node_modules/@npmcli/arborist/lib
616K	/usr/lib/node_modules/npm/node_modules/@npmcli/arborist
32K	/usr/lib/node_modules/npm/node_modules/@npmcli/metavuln-calculator/lib
8.0K	/usr/lib/node_modules/npm/node_modules/@npmcli/metavuln-calculator/node_modules/pacote/bin
32K	/usr/lib/node_modules/npm/node_modules/@npmcli/metavuln-calculator/node_modules/pacote/lib/util
100K	/usr/lib/node_modules/npm/node_modules/@npmcli/metavuln-calculator/node_modules/pacote/lib
116K	/usr/lib/node_modules/npm/node_modules/@npmcli/metavuln-calculator/node_modules/pacote
120K	/usr/lib/node_modules/npm/node_modules/@npmcli/metavuln-calculator/node_modules
160K	/usr/lib/node_modules/npm/node_modules/@npmcli/metavuln-calculator
60K	/usr/lib/node_modules/npm/node_modules/@npmcli/git/lib
68K	/usr/lib/node_modules/npm/node_modules/@npmcli/git
32K	/usr/lib/node_modules/npm/node_modules/@npmcli/agent/lib
40K	/usr/lib/node_modules/npm/node_modules/@npmcli/agent
16K	/usr/lib/node_modules/npm/node_modules/@npmcli/query/lib
24K	/usr/lib/node_modules/npm/node_modules/@npmcli/query
12K	/usr/lib/node_modules/npm/node_modules/@npmcli/run-script/lib/node-gyp-bin
48K	/usr/lib/node_modules/npm/node_modules/@npmcli/run-script/lib
56K	/usr/lib/node_modules/npm/node_modules/@npmcli/run-script
8.0K	/usr/lib/node_modules/npm/node_modules/@npmcli/node-gyp/lib
16K	/usr/lib/node_modules/npm/node_modules/@npmcli/node-gyp
12K	/usr/lib/node_modules/npm/node_modules/@npmcli/map-workspaces/lib
20K	/usr/lib/node_modules/npm/node_modules/@npmcli/map-workspaces
16K	/usr/lib/node_modules/npm/node_modules/@npmcli/promise-spawn/lib
24K	/usr/lib/node_modules/npm/node_modules/@npmcli/promise-spawn
32K	/usr/lib/node_modules/npm/node_modules/@npmcli/redact/lib
40K	/usr/lib/node_modules/npm/node_modules/@npmcli/redact
8.0K	/usr/lib/node_modules/npm/node_modules/@npmcli/installed-package-contents/bin
12K	/usr/lib/node_modules/npm/node_modules/@npmcli/installed-package-contents/lib
28K	/usr/lib/node_modules/npm/node_modules/@npmcli/installed-package-contents
1.4M	/usr/lib/node_modules/npm/node_modules/@npmcli
16K	/usr/lib/node_modules/npm/node_modules/env-paths
12K	/usr/lib/node_modules/npm/node_modules/libnpmfund/lib
20K	/usr/lib/node_modules/npm/node_modules/libnpmfund
16K	/usr/lib/node_modules/npm/node_modules/shebang-command
68K	/usr/lib/node_modules/npm/node_modules/picomatch/lib
84K	/usr/lib/node_modules/npm/node_modules/picomatch
44K	/usr/lib/node_modules/npm/node_modules/make-fetch-happen/lib/cache
72K	/usr/lib/node_modules/npm/node_modules/make-fetch-happen/lib
80K	/usr/lib/node_modules/npm/node_modules/make-fetch-happen
20K	/usr/lib/node_modules/npm/node_modules/p-map
44K	/usr/lib/node_modules/npm/node_modules/minipass/dist/esm
44K	/usr/lib/node_modules/npm/node_modules/minipass/dist/commonjs
92K	/usr/lib/node_modules/npm/node_modules/minipass/dist
100K	/usr/lib/node_modules/npm/node_modules/minipass
8.0K	/usr/lib/node_modules/npm/node_modules/is-cidr/dist
16K	/usr/lib/node_modules/npm/node_modules/is-cidr
96K	/usr/lib/node_modules/npm/node_modules/minimatch/dist/esm
96K	/usr/lib/node_modules/npm/node_modules/minimatch/dist/commonjs
196K	/usr/lib/node_modules/npm/node_modules/minimatch/dist
204K	/usr/lib/node_modules/npm/node_modules/minimatch
40K	/usr/lib/node_modules/npm/node_modules/semver/classes
12K	/usr/lib/node_modules/npm/node_modules/semver/bin
52K	/usr/lib/node_modules/npm/node_modules/semver/ranges
100K	/usr/lib/node_modules/npm/node_modules/semver/functions
32K	/usr/lib/node_modules/npm/node_modules/semver/internal
256K	/usr/lib/node_modules/npm/node_modules/semver
12K	/usr/lib/node_modules/npm/node_modules/http-proxy-agent/dist
20K	/usr/lib/node_modules/npm/node_modules/http-proxy-agent
12K	/usr/lib/node_modules/npm/node_modules/npm-profile/lib
20K	/usr/lib/node_modules/npm/node_modules/npm-profile
64K	/usr/lib/node_modules/npm/node_modules/minipass-fetch/lib
72K	/usr/lib/node_modules/npm/node_modules/minipass-fetch
40K	/usr/lib/node_modules/npm/node_modules/npm-registry-fetch/lib
48K	/usr/lib/node_modules/npm/node_modules/npm-registry-fetch
24K	/usr/lib/node_modules/npm/node_modules/minizlib/dist/esm
