warning: unused import: `HashMap`
 --> src/ast.rs:1:34
  |
1 | use std::collections::{BTreeMap, HashMap};
  |                                  ^^^^^^^
  |
  = note: `#[warn(unused_imports)]` (part of `#[warn(unused)]`) on by default

warning: unused import: `HashMap`
  --> src/parser/commands.rs:13:34
   |
13 | use std::collections::{BTreeMap, HashMap};
   |                                  ^^^^^^^

warning: unused import: `Token`
    --> src/parser/commands.rs:3555:31
     |
3555 |     use crate::lexer::{Lexer, Token};
     |                               ^^^^^

warning: unused import: `HashMap`
 --> src/parser/control_flow.rs:7:34
  |
7 | use std::collections::{BTreeMap, HashMap};
  |                                  ^^^^^^^

warning: unused imports: `BTreeMap` and `HashMap`
 --> src/parser/redirects.rs:7:24
  |
7 | use std::collections::{BTreeMap, HashMap};
  |                        ^^^^^^^^  ^^^^^^^

warning: unused import: `HashMap`
 --> src/parser/words.rs:7:34
  |
7 | use std::collections::{BTreeMap, HashMap};
  |                                  ^^^^^^^

warning: unused import: `BTreeMap`
  --> src/estree.rs:21:24
   |
21 | use std::collections::{BTreeMap, HashMap, HashSet};
   |                        ^^^^^^^^

warning: unexpected `cfg` condition value: `no-brace-fix`
    --> src/ir.rs:1105:14
     |
1105 |     if !cfg!(feature = "no-brace-fix") {
     |              ^^^^^^^^^^^^^^^^^^^^^^^^
     |
     = note: expected values for `feature` are: `default` and `wasi-lib`
     = help: consider adding `no-brace-fix` as a feature in `Cargo.toml`
     = note: see <https://doc.rust-lang.org/nightly/rustc/check-cfg/cargo-specifics.html> for more information about checking conditional configuration
     = note: `#[warn(unexpected_cfgs)]` on by default

warning: unused import: `BTreeSet`
    --> src/shir.rs:4170:38
     |
4170 |     use std::collections::{BTreeMap, BTreeSet};
     |                                      ^^^^^^^^

warning: unused import: `std::borrow::Cow`
    --> src/shir.rs:4441:9
     |
4441 |     use std::borrow::Cow;
     |         ^^^^^^^^^^^^^^^^

warning: unused import: `super::*`
     --> src/shir.rs:36022:9
      |
36022 |     use super::*;
      |         ^^^^^^^^
      |
help: if this is a test module, consider adding a `#[cfg(test)]` to the containing module
     --> src/shir.rs:36021:1
      |
36021 | mod clobber_redirect_tests {
      | ^^^^^^^^^^^^^^^^^^^^^^^^^^

warning: unused import: `StrStyle`
  --> src/transforms/arith_forms.rs:28:69
   |
28 | use crate::ir::{ArithAst, AssignTarget, InterpPart, IrExpr, IrStmt, StrStyle};
   |                                                                     ^^^^^^^^

warning: unused import: `Sigil`
 --> src/generator/commands/pipeline_commands.rs:6:61
  |
6 | use crate::ir::{expr_to_perl, stmt_to_perl, IrExpr, IrStmt, Sigil};
  |                                                             ^^^^^

warning: unused import: `extract_array_key_impl`
 --> src/generator/commands/simple_commands.rs:2:31
  |
2 | use crate::generator::utils::{extract_array_key_impl, get_temp_dir};
  |                               ^^^^^^^^^^^^^^^^^^^^^^

warning: unused import: `HashMap`
 --> src/generator/commands/simple_commands.rs:5:34
  |
5 | use std::collections::{BTreeMap, HashMap};
  |                                  ^^^^^^^

warning: unnecessary parentheses around `if` condition
  --> src/generator/commands/perl.rs:24:12
   |
24 |         if (i + 4 <= bytes.len() && &bytes[i..i + 4] == b"open") {
   |            ^                                                   ^
   |
   = note: `#[warn(unused_parens)]` (part of `#[warn(unused)]`) on by default
help: remove these parentheses
   |
24 -         if (i + 4 <= bytes.len() && &bytes[i..i + 4] == b"open") {
24 +         if i + 4 <= bytes.len() && &bytes[i..i + 4] == b"open"  {
   |

warning: unused import: `std::collections::HashMap`
 --> src/generator/redirects.rs:5:5
  |
5 | use std::collections::HashMap;
  |     ^^^^^^^^^^^^^^^^^^^^^^^^^

warning: unused import: `crate::ir::expr_to_perl`
 --> src/generator/utils.rs:3:5
  |
3 | use crate::ir::expr_to_perl;
  |     ^^^^^^^^^^^^^^^^^^^^^^^

warning: unnecessary parentheses around block return value
    --> src/go_backend.rs:2458:21
     |
2458 |                     (Some((n.to_string(), true)))
     |                     ^                           ^
     |
help: remove these parentheses
     |
2458 -                     (Some((n.to_string(), true)))
2458 +                     Some((n.to_string(), true))
     |

warning: unnecessary parentheses around `if` condition
    --> src/sh_backend.rs:2146:36
     |
2146 | ...                   if (fl == "-P" || fl == "--perl-regexp") {
     |                          ^                                   ^
     |
help: remove these parentheses
     |
2146 -                                 if (fl == "-P" || fl == "--perl-regexp") {
2146 +                                 if fl == "-P" || fl == "--perl-regexp" {
     |

warning: unused imports: `IrRedirect` and `IrSub`
  --> src/glsl_backend.rs:42:65
   |
42 |     ArithAst, BinOpKind, Decl, IrCaseClause, IrExpr, IrProgram, IrRedirect, IrStmt, IrSub,
   |                                                                 ^^^^^^^^^^          ^^^^^

warning: unreachable pattern
   --> src/ast_words.rs:337:29
    |
270 | ...                   ParameterExpansionOperator::ZshFlags(flags, pat) => {
    |                       ------------------------------------------------ matches all the relevant values
...
337 | ...                   ParameterExpansionOperator::ZshFlags(flags, sep) => match sep {
    |                       ^^^^^^^^^^^^^^^^^^^^^^^^^^^^^^^^^^^^^^^^^^^^^^^^ no value can reach this
    |
    = note: `#[warn(unreachable_patterns)]` (part of `#[warn(unused)]`) on by default

warning: unreachable pattern
   --> src/ast_words.rs:518:17
    |
474 |                 ParameterExpansionOperator::ZshFlags(flags, pat) => {
    |                 ------------------------------------------------ matches all the relevant values
...
518 |                 ParameterExpansionOperator::ZshFlags(flags, sep) => match sep {
    |                 ^^^^^^^^^^^^^^^^^^^^^^^^^^^^^^^^^^^^^^^^^^^^^^^^ no value can reach this

warning: unreachable pattern
   --> src/ast_words.rs:648:29
    |
581 | ...                   ParameterExpansionOperator::ZshFlags(flags, pat) => {
    |                       ------------------------------------------------ matches all the relevant values
...
648 | ...                   ParameterExpansionOperator::ZshFlags(flags, sep) => match sep {
    |                       ^^^^^^^^^^^^^^^^^^^^^^^^^^^^^^^^^^^^^^^^^^^^^^^^ no value can reach this

warning: unused variable: `brace_depth`
   --> src/lexer.rs:931:49
    |
931 |     pub fn handle_comment_with_brace(&mut self, brace_depth: usize) -> Result<String, ParserError> {
    |                                                 ^^^^^^^^^^^ help: if this is intentional, prefix it with an underscore: `_brace_depth`
    |
    = note: `#[warn(unused_variables)]` (part of `#[warn(unused)]`) on by default

warning: unused variable: `input`
    --> src/lexer.rs:1599:31
     |
1599 |     pub fn fix_split_comments(input: &str, tokens: &mut Vec<(Token, usize, usize)>) {
     |                               ^^^^^ help: if this is intentional, prefix it with an underscore: `_input`

warning: variable `line_start` is assigned to, but never used
  --> src/parser/commands.rs:79:13
   |
79 |         let mut line_start = 0usize;
   |             ^^^^^^^^^^^^^^
   |
   = note: consider using `_line_start` instead

warning: value assigned to `newline_count` is never read
  --> src/parser/commands.rs:61:33
   |
61 |         let mut newline_count = 0;
   |                                 ^
   |
   = help: maybe it is overwritten before being read?
   = note: `#[warn(unused_assignments)]` (part of `#[warn(unused)]`) on by default

warning: value assigned to `newline_count` is never read
  --> src/parser/commands.rs:68:21
   |
68 |                     newline_count += 1;
   |                     ^^^^^^^^^^^^^^^^^^
   |
   = help: maybe it is overwritten before being read?

warning: value assigned to `line_start` is never read
  --> src/parser/commands.rs:91:17
   |
91 |                 line_start = commands.len();
   |                 ^^^^^^^^^^^^^^^^^^^^^^^^^^^
   |
   = help: maybe it is overwritten before being read?

warning: value assigned to `line_start` is never read
   --> src/parser/commands.rs:118:25
    |
118 |                         line_start = commands.len() + 1;
    |                         ^^^^^^^^^^^^^^^^^^^^^^^^^^^^^^^
    |
    = help: maybe it is overwritten before being read?

warning: value assigned to `line_start` is never read
   --> src/parser/commands.rs:150:25
    |
150 |                         line_start = commands.len();
    |                         ^^^^^^^^^^^^^^^^^^^^^^^^^^^
    |
    = help: maybe it is overwritten before being read?

warning: unused variable: `start_byte_pos`
   --> src/parser/commands.rs:891:13
    |
891 |             start_byte_pos: usize,
    |             ^^^^^^^^^^^^^^ help: if this is intentional, prefix it with an underscore: `_start_byte_pos`

warning: unused variable: `parser`
   --> src/parser/commands.rs:892:13
    |
892 |             parser: &Parser,
    |             ^^^^^^ help: if this is intentional, prefix it with an underscore: `_parser`

warning: variable does not need to be mutable
    --> src/parser/commands.rs:2166:25
     |
2166 |                     let mut inner = match *redir.command {
     |                         ----^^^^^
     |                         |
     |                         help: remove this `mut`
     |
     = note: `#[warn(unused_mut)]` (part of `#[warn(unused)]`) on by default

warning: value assigned to `brace_depth` is never read
    --> src/parser/commands.rs:2747:37
     |
2747 | ...                   brace_depth = 0;
     |                       ^^^^^^^^^^^^^^^
     |
     = help: maybe it is overwritten before being read?

warning: variable does not need to be mutable
    --> src/parser/commands.rs:3534:9
     |
3534 |     let mut lexer = Lexer::new(text);
     |         ----^^^^^
     |         |
     |         help: remove this `mut`

warning: variable does not need to be mutable
    --> src/parser/commands.rs:3558:9
     |
3558 |     let mut lexer = Lexer::new(text);
     |         ----^^^^^
     |         |
     |         help: remove this `mut`

warning: unused variable: `sq_text`
   --> src/parser/control_flow.rs:454:37
    |
454 | ...                   let sq_text = parser.lexer.get_raw_token_text()?;
    |                           ^^^^^^^ help: if this is intentional, prefix it with an underscore: `_sq_text`

warning: unused variable: `quote_char`
   --> src/parser/redirects.rs:236:25
    |
236 |                     let quote_char = if truncated.ends_with('\'') { '\'' } else { '"' };
    |                         ^^^^^^^^^^ help: if this is intentional, prefix it with an underscore: `_quote_char`

warning: unused variable: `start_pos`
  --> src/parser/utilities.rs:66:13
   |
66 |         let start_pos = self.current;
   |             ^^^^^^^^^ help: if this is intentional, prefix it with an underscore: `_start_pos`

warning: value assigned to `delim_str` is never read
   --> src/parser/utilities.rs:233:41
    |
233 |                     let mut delim_str = String::new();
    |                                         ^^^^^^^^^^^^^
    |
    = help: maybe it is overwritten before being read?

warning: value assigned to `delim_str` is never read
   --> src/parser/utilities.rs:241:29
    |
241 | ...                   delim_str = text.to_string();
    |                       ^^^^^^^^^
    |
    = help: maybe it is overwritten before being read?

warning: unreachable pattern
  --> src/parser/words.rs:92:9
   |
84 |         Word::Arithmetic(a, _) => Some(vec![StringPart::Arithmetic(a)]),
   |         ---------------------- matches all the relevant values
...
92 |         Word::Arithmetic(a, _) => Some(vec![StringPart::Arithmetic(a)]),
   |         ^^^^^^^^^^^^^^^^^^^^^^ no value can reach this

warning: unreachable pattern
   --> src/parser/words.rs:459:15
    |
457 |             | Some(Token::Colon)
    |               ------------------ matches all the relevant values
458 |             | Some(Token::Star)
459 |             | Some(Token::Colon)
    |               ^^^^^^^^^^^^^^^^^^ no value can reach this

warning: unreachable pattern
   --> src/parser/words.rs:462:15
    |
457 |             | Some(Token::Colon)
    |               ------------------ matches all the relevant values
...
462 |             | Some(Token::Colon)
    |               ^^^^^^^^^^^^^^^^^^ no value can reach this

warning: unreachable pattern
   --> src/parser/words.rs:465:15
    |
457 |             | Some(Token::Colon)
    |               ------------------ matches all the relevant values
...
465 |             | Some(Token::Colon)
    |               ^^^^^^^^^^^^^^^^^^ no value can reach this

warning: unreachable pattern
   --> src/parser/words.rs:468:15
    |
457 |             | Some(Token::Colon)
    |               ------------------ matches all the relevant values
...
468 |             | Some(Token::Colon)
    |               ^^^^^^^^^^^^^^^^^^ no value can reach this

warning: unreachable pattern
   --> src/parser/words.rs:471:15
    |
457 |             | Some(Token::Colon)
    |               ------------------ matches all the relevant values
...
471 |             | Some(Token::Colon)
    |               ^^^^^^^^^^^^^^^^^^ no value can reach this

warning: unreachable pattern
   --> src/parser/words.rs:474:15
    |
457 |             | Some(Token::Colon)
    |               ------------------ matches all the relevant values
...
474 |             | Some(Token::Colon)
    |               ^^^^^^^^^^^^^^^^^^ no value can reach this

warning: unreachable pattern
   --> src/parser/words.rs:477:15
    |
457 |             | Some(Token::Colon)
    |               ------------------ matches all the relevant values
...
477 |             | Some(Token::Colon)
    |               ^^^^^^^^^^^^^^^^^^ no value can reach this

warning: unreachable pattern
   --> src/parser/words.rs:480:15
    |
457 |             | Some(Token::Colon)
    |               ------------------ matches all the relevant values
...
480 |             | Some(Token::Colon)
    |               ^^^^^^^^^^^^^^^^^^ no value can reach this

warning: unreachable pattern
   --> src/parser/words.rs:483:15
    |
457 |             | Some(Token::Colon)
    |               ------------------ matches all the relevant values
...
483 |             | Some(Token::Colon)
    |               ^^^^^^^^^^^^^^^^^^ no value can reach this

warning: unreachable pattern
   --> src/parser/words.rs:486:15
    |
457 |             | Some(Token::Colon)
    |               ------------------ matches all the relevant values
...
486 |             | Some(Token::Colon)
    |               ^^^^^^^^^^^^^^^^^^ no value can reach this

warning: unreachable pattern
   --> src/parser/words.rs:489:15
    |
457 |             | Some(Token::Colon)
    |               ------------------ matches all the relevant values
...
489 |             | Some(Token::Colon)
    |               ^^^^^^^^^^^^^^^^^^ no value can reach this

warning: unreachable pattern
   --> src/parser/words.rs:492:15
    |
457 |             | Some(Token::Colon)
    |               ------------------ matches all the relevant values
...
492 |             | Some(Token::Colon)
    |               ^^^^^^^^^^^^^^^^^^ no value can reach this

warning: unreachable pattern
   --> src/parser/words.rs:495:15
    |
457 |             | Some(Token::Colon)
    |               ------------------ matches all the relevant values
...
495 |             | Some(Token::Colon)
    |               ^^^^^^^^^^^^^^^^^^ no value can reach this

warning: unreachable pattern
   --> src/parser/words.rs:498:15
    |
457 |             | Some(Token::Colon)
    |               ------------------ matches all the relevant values
...
498 |             | Some(Token::Colon)
    |               ^^^^^^^^^^^^^^^^^^ no value can reach this

warning: unreachable pattern
   --> src/parser/words.rs:501:15
    |
457 |             | Some(Token::Colon)
    |               ------------------ matches all the relevant values
...
501 |             | Some(Token::Colon)
    |               ^^^^^^^^^^^^^^^^^^ no value can reach this

warning: unreachable pattern
   --> src/parser/words.rs:504:15
    |
457 |             | Some(Token::Colon)
    |               ------------------ matches all the relevant values
...
504 |             | Some(Token::Colon)
    |               ^^^^^^^^^^^^^^^^^^ no value can reach this

warning: unreachable pattern
   --> src/parser/words.rs:507:15
    |
457 |             | Some(Token::Colon)
    |               ------------------ matches all the relevant values
...
507 |             | Some(Token::Colon)
    |               ^^^^^^^^^^^^^^^^^^ no value can reach this

warning: unreachable pattern
   --> src/parser/words.rs:510:15
    |
457 |             | Some(Token::Colon)
    |               ------------------ matches all the relevant values
...
510 |             | Some(Token::Colon)
    |               ^^^^^^^^^^^^^^^^^^ no value can reach this

warning: unreachable pattern
   --> src/parser/words.rs:513:15
    |
457 |             | Some(Token::Colon)
    |               ------------------ matches all the relevant values
...
513 |             | Some(Token::Colon)
    |               ^^^^^^^^^^^^^^^^^^ no value can reach this

warning: unreachable pattern
   --> src/parser/words.rs:554:19
    |
552 |                 | Some(Token::Colon)
    |                   ------------------ matches all the relevant values
553 |                 | Some(Token::Star)
554 |                 | Some(Token::Colon)
    |                   ^^^^^^^^^^^^^^^^^^ no value can reach this

warning: unreachable pattern
   --> src/parser/words.rs:557:19
    |
552 |                 | Some(Token::Colon)
    |                   ------------------ matches all the relevant values
...
557 |                 | Some(Token::Colon)
    |                   ^^^^^^^^^^^^^^^^^^ no value can reach this

warning: unreachable pattern
   --> src/parser/words.rs:560:19
    |
552 |                 | Some(Token::Colon)
    |                   ------------------ matches all the relevant values
...
560 |                 | Some(Token::Colon)
    |                   ^^^^^^^^^^^^^^^^^^ no value can reach this

warning: unreachable pattern
   --> src/parser/words.rs:563:19
    |
552 |                 | Some(Token::Colon)
    |                   ------------------ matches all the relevant values
...
563 |                 | Some(Token::Colon)
    |                   ^^^^^^^^^^^^^^^^^^ no value can reach this

warning: unreachable pattern
   --> src/parser/words.rs:566:19
    |
552 |                 | Some(Token::Colon)
    |                   ------------------ matches all the relevant values
...
566 |                 | Some(Token::Colon)
    |                   ^^^^^^^^^^^^^^^^^^ no value can reach this

warning: unreachable pattern
   --> src/parser/words.rs:569:19
    |
552 |                 | Some(Token::Colon)
    |                   ------------------ matches all the relevant values
...
569 |                 | Some(Token::Colon)
    |                   ^^^^^^^^^^^^^^^^^^ no value can reach this

warning: unreachable pattern
   --> src/parser/words.rs:572:19
    |
552 |                 | Some(Token::Colon)
    |                   ------------------ matches all the relevant values
...
572 |                 | Some(Token::Colon)
    |                   ^^^^^^^^^^^^^^^^^^ no value can reach this

warning: unreachable pattern
   --> src/parser/words.rs:575:19
    |
552 |                 | Some(Token::Colon)
    |                   ------------------ matches all the relevant values
...
575 |                 | Some(Token::Colon)
    |                   ^^^^^^^^^^^^^^^^^^ no value can reach this

warning: unreachable pattern
   --> src/parser/words.rs:578:19
    |
552 |                 | Some(Token::Colon)
    |                   ------------------ matches all the relevant values
...
578 |                 | Some(Token::Colon)
    |                   ^^^^^^^^^^^^^^^^^^ no value can reach this

warning: unreachable pattern
   --> src/parser/words.rs:581:19
    |
552 |                 | Some(Token::Colon)
    |                   ------------------ matches all the relevant values
...
581 |                 | Some(Token::Colon)
    |                   ^^^^^^^^^^^^^^^^^^ no value can reach this

warning: unreachable pattern
   --> src/parser/words.rs:584:19
    |
552 |                 | Some(Token::Colon)
    |                   ------------------ matches all the relevant values
...
584 |                 | Some(Token::Colon)
    |                   ^^^^^^^^^^^^^^^^^^ no value can reach this

warning: unreachable pattern
   --> src/parser/words.rs:587:19
    |
552 |                 | Some(Token::Colon)
    |                   ------------------ matches all the relevant values
...
587 |                 | Some(Token::Colon)
    |                   ^^^^^^^^^^^^^^^^^^ no value can reach this

warning: unreachable pattern
   --> src/parser/words.rs:590:19
    |
552 |                 | Some(Token::Colon)
    |                   ------------------ matches all the relevant values
...
590 |                 | Some(Token::Colon)
    |                   ^^^^^^^^^^^^^^^^^^ no value can reach this

warning: unreachable pattern
   --> src/parser/words.rs:593:19
    |
552 |                 | Some(Token::Colon)
    |                   ------------------ matches all the relevant values
...
593 |                 | Some(Token::Colon)
    |                   ^^^^^^^^^^^^^^^^^^ no value can reach this

warning: unreachable pattern
   --> src/parser/words.rs:596:19
    |
552 |                 | Some(Token::Colon)
    |                   ------------------ matches all the relevant values
...
596 |                 | Some(Token::Colon)
    |                   ^^^^^^^^^^^^^^^^^^ no value can reach this

warning: unreachable pattern
   --> src/parser/words.rs:599:19
    |
552 |                 | Some(Token::Colon)
    |                   ------------------ matches all the relevant values
...
599 |                 | Some(Token::Colon)
    |                   ^^^^^^^^^^^^^^^^^^ no value can reach this

warning: unreachable pattern
   --> src/parser/words.rs:602:19
    |
552 |                 | Some(Token::Colon)
    |                   ------------------ matches all the relevant values
...
602 |                 | Some(Token::Colon)
    |                   ^^^^^^^^^^^^^^^^^^ no value can reach this

warning: unreachable pattern
   --> src/parser/words.rs:605:19
    |
552 |                 | Some(Token::Colon)
    |                   ------------------ matches all the relevant values
...
605 |                 | Some(Token::Colon)
    |                   ^^^^^^^^^^^^^^^^^^ no value can reach this

warning: unreachable pattern
   --> src/parser/words.rs:608:19
    |
552 |                 | Some(Token::Colon)
    |                   ------------------ matches all the relevant values
...
608 |                 | Some(Token::Colon)
    |                   ^^^^^^^^^^^^^^^^^^ no value can reach this

warning: unreachable pattern
    --> src/parser/words.rs:1331:15
     |
1329 |             | Some(Token::Colon)
     |               ------------------ matches all the relevant values
1330 |             | Some(Token::Star)
1331 |             | Some(Token::Colon)
     |               ^^^^^^^^^^^^^^^^^^ no value can reach this

warning: unreachable pattern
    --> src/parser/words.rs:1334:15
     |
1329 |             | Some(Token::Colon)
     |               ------------------ matches all the relevant values
...
1334 |             | Some(Token::Colon)
     |               ^^^^^^^^^^^^^^^^^^ no value can reach this

warning: unreachable pattern
    --> src/parser/words.rs:1337:15
     |
1329 |             | Some(Token::Colon)
     |               ------------------ matches all the relevant values
...
1337 |             | Some(Token::Colon)
     |               ^^^^^^^^^^^^^^^^^^ no value can reach this

warning: unreachable pattern
    --> src/parser/words.rs:1340:15
     |
1329 |             | Some(Token::Colon)
     |               ------------------ matches all the relevant values
...
1340 |             | Some(Token::Colon)
     |               ^^^^^^^^^^^^^^^^^^ no value can reach this

warning: unreachable pattern
    --> src/parser/words.rs:1343:15
     |
1329 |             | Some(Token::Colon)
     |               ------------------ matches all the relevant values
...
1343 |             | Some(Token::Colon)
     |               ^^^^^^^^^^^^^^^^^^ no value can reach this

warning: unreachable pattern
    --> src/parser/words.rs:1346:15
     |
1329 |             | Some(Token::Colon)
     |               ------------------ matches all the relevant values
...
1346 |             | Some(Token::Colon)
     |               ^^^^^^^^^^^^^^^^^^ no value can reach this

warning: unreachable pattern
    --> src/parser/words.rs:1349:15
     |
1329 |             | Some(Token::Colon)
     |               ------------------ matches all the relevant values
...
1349 |             | Some(Token::Colon)
     |               ^^^^^^^^^^^^^^^^^^ no value can reach this

warning: unreachable pattern
    --> src/parser/words.rs:1352:15
     |
1329 |             | Some(Token::Colon)
     |               ------------------ matches all the relevant values
...
1352 |             | Some(Token::Colon)
     |               ^^^^^^^^^^^^^^^^^^ no value can reach this

warning: unreachable pattern
    --> src/parser/words.rs:1355:15
     |
1329 |             | Some(Token::Colon)
     |               ------------------ matches all the relevant values
...
1355 |             | Some(Token::Colon)
     |               ^^^^^^^^^^^^^^^^^^ no value can reach this

warning: unreachable pattern
    --> src/parser/words.rs:1358:15
     |
1329 |             | Some(Token::Colon)
     |               ------------------ matches all the relevant values
...
1358 |             | Some(Token::Colon)
     |               ^^^^^^^^^^^^^^^^^^ no value can reach this

warning: unreachable pattern
    --> src/parser/words.rs:1361:15
     |
1329 |             | Some(Token::Colon)
     |               ------------------ matches all the relevant values
...
1361 |             | Some(Token::Colon)
     |               ^^^^^^^^^^^^^^^^^^ no value can reach this

warning: unreachable pattern
    --> src/parser/words.rs:1364:15
     |
1329 |             | Some(Token::Colon)
     |               ------------------ matches all the relevant values
...
1364 |             | Some(Token::Colon)
     |               ^^^^^^^^^^^^^^^^^^ no value can reach this

warning: unreachable pattern
    --> src/parser/words.rs:1367:15
     |
1329 |             | Some(Token::Colon)
     |               ------------------ matches all the relevant values
...
1367 |             | Some(Token::Colon)
     |               ^^^^^^^^^^^^^^^^^^ no value can reach this

warning: unreachable pattern
    --> src/parser/words.rs:1370:15
     |
1329 |             | Some(Token::Colon)
     |               ------------------ matches all the relevant values
...
1370 |             | Some(Token::Colon)
     |               ^^^^^^^^^^^^^^^^^^ no value can reach this

warning: unreachable pattern
    --> src/parser/words.rs:1373:15
     |
1329 |             | Some(Token::Colon)
     |               ------------------ matches all the relevant values
...
1373 |             | Some(Token::Colon)
     |               ^^^^^^^^^^^^^^^^^^ no value can reach this

warning: unreachable pattern
    --> src/parser/words.rs:1376:15
     |
1329 |             | Some(Token::Colon)
     |               ------------------ matches all the relevant values
...
1376 |             | Some(Token::Colon)
     |               ^^^^^^^^^^^^^^^^^^ no value can reach this

warning: unreachable pattern
    --> src/parser/words.rs:1379:15
     |
1329 |             | Some(Token::Colon)
     |               ------------------ matches all the relevant values
...
1379 |             | Some(Token::Colon)
     |               ^^^^^^^^^^^^^^^^^^ no value can reach this

warning: unreachable pattern
    --> src/parser/words.rs:1382:15
     |
1329 |             | Some(Token::Colon)
     |               ------------------ matches all the relevant values
...
1382 |             | Some(Token::Colon)
     |               ^^^^^^^^^^^^^^^^^^ no value can reach this

warning: unreachable pattern
    --> src/parser/words.rs:1385:15
     |
1329 |             | Some(Token::Colon)
     |               ------------------ matches all the relevant values
...
1385 |             | Some(Token::Colon)
     |               ^^^^^^^^^^^^^^^^^^ no value can reach this

warning: unreachable pattern
    --> src/parser/words.rs:1426:19
     |
1424 |                 | Some(Token::Colon)
     |                   ------------------ matches all the relevant values
1425 |                 | Some(Token::Star)
1426 |                 | Some(Token::Colon)
     |                   ^^^^^^^^^^^^^^^^^^ no value can reach this

warning: unreachable pattern
    --> src/parser/words.rs:1429:19
     |
1424 |                 | Some(Token::Colon)
     |                   ------------------ matches all the relevant values
...
1429 |                 | Some(Token::Colon)
     |                   ^^^^^^^^^^^^^^^^^^ no value can reach this

warning: unreachable pattern
    --> src/parser/words.rs:1432:19
     |
1424 |                 | Some(Token::Colon)
     |                   ------------------ matches all the relevant values
...
1432 |                 | Some(Token::Colon)
     |                   ^^^^^^^^^^^^^^^^^^ no value can reach this

warning: unreachable pattern
    --> src/parser/words.rs:1435:19
     |
1424 |                 | Some(Token::Colon)
     |                   ------------------ matches all the relevant values
...
1435 |                 | Some(Token::Colon)
     |                   ^^^^^^^^^^^^^^^^^^ no value can reach this

warning: unreachable pattern
    --> src/parser/words.rs:1438:19
     |
1424 |                 | Some(Token::Colon)
     |                   ------------------ matches all the relevant values
...
1438 |                 | Some(Token::Colon)
     |                   ^^^^^^^^^^^^^^^^^^ no value can reach this

warning: unreachable pattern
    --> src/parser/words.rs:1441:19
     |
1424 |                 | Some(Token::Colon)
     |                   ------------------ matches all the relevant values
...
1441 |                 | Some(Token::Colon)
     |                   ^^^^^^^^^^^^^^^^^^ no value can reach this

warning: unreachable pattern
    --> src/parser/words.rs:1444:19
     |
1424 |                 | Some(Token::Colon)
     |                   ------------------ matches all the relevant values
...
1444 |                 | Some(Token::Colon)
     |                   ^^^^^^^^^^^^^^^^^^ no value can reach this

warning: unreachable pattern
    --> src/parser/words.rs:1447:19
     |
1424 |                 | Some(Token::Colon)
     |                   ------------------ matches all the relevant values
...
1447 |                 | Some(Token::Colon)
     |                   ^^^^^^^^^^^^^^^^^^ no value can reach this

warning: unreachable pattern
    --> src/parser/words.rs:1450:19
     |
1424 |                 | Some(Token::Colon)
     |                   ------------------ matches all the relevant values
...
1450 |                 | Some(Token::Colon)
     |                   ^^^^^^^^^^^^^^^^^^ no value can reach this

warning: unreachable pattern
    --> src/parser/words.rs:1453:19
     |
1424 |                 | Some(Token::Colon)
     |                   ------------------ matches all the relevant values
...
1453 |                 | Some(Token::Colon)
     |                   ^^^^^^^^^^^^^^^^^^ no value can reach this

warning: unreachable pattern
    --> src/parser/words.rs:1456:19
     |
1424 |                 | Some(Token::Colon)
     |                   ------------------ matches all the relevant values
...
1456 |                 | Some(Token::Colon)
     |                   ^^^^^^^^^^^^^^^^^^ no value can reach this

warning: unreachable pattern
    --> src/parser/words.rs:1459:19
     |
1424 |                 | Some(Token::Colon)
     |                   ------------------ matches all the relevant values
...
1459 |                 | Some(Token::Colon)
     |                   ^^^^^^^^^^^^^^^^^^ no value can reach this

warning: unreachable pattern
    --> src/parser/words.rs:1462:19
     |
1424 |                 | Some(Token::Colon)
     |                   ------------------ matches all the relevant values
...
1462 |                 | Some(Token::Colon)
     |                   ^^^^^^^^^^^^^^^^^^ no value can reach this

warning: unreachable pattern
    --> src/parser/words.rs:1465:19
     |
1424 |                 | Some(Token::Colon)
     |                   ------------------ matches all the relevant values
...
1465 |                 | Some(Token::Colon)
     |                   ^^^^^^^^^^^^^^^^^^ no value can reach this

warning: unreachable pattern
    --> src/parser/words.rs:1468:19
     |
1424 |                 | Some(Token::Colon)
     |                   ------------------ matches all the relevant values
...
1468 |                 | Some(Token::Colon)
     |                   ^^^^^^^^^^^^^^^^^^ no value can reach this

warning: unreachable pattern
    --> src/parser/words.rs:1471:19
     |
1424 |                 | Some(Token::Colon)
     |                   ------------------ matches all the relevant values
...
1471 |                 | Some(Token::Colon)
     |                   ^^^^^^^^^^^^^^^^^^ no value can reach this

warning: unreachable pattern
    --> src/parser/words.rs:1474:19
     |
1424 |                 | Some(Token::Colon)
     |                   ------------------ matches all the relevant values
...
1474 |                 | Some(Token::Colon)
     |                   ^^^^^^^^^^^^^^^^^^ no value can reach this

warning: unreachable pattern
    --> src/parser/words.rs:1477:19
     |
1424 |                 | Some(Token::Colon)
     |                   ------------------ matches all the relevant values
...
1477 |                 | Some(Token::Colon)
     |                   ^^^^^^^^^^^^^^^^^^ no value can reach this

warning: unreachable pattern
    --> src/parser/words.rs:1480:19
     |
1424 |                 | Some(Token::Colon)
     |                   ------------------ matches all the relevant values
...
1480 |                 | Some(Token::Colon)
     |                   ^^^^^^^^^^^^^^^^^^ no value can reach this

warning: unused variable: `first`
    --> src/parser/words.rs:2346:25
     |
2346 |                     let first = text.chars().next().unwrap_or(' ');
     |                         ^^^^^ help: if this is intentional, prefix it with an underscore: `_first`

warning: unused variable: `label`
   --> src/estree.rs:376:32
    |
376 |         Stmt::BreakStatement { label } if in_arrow && !in_switch => Stmt::ExpressionStatement {
    |                                ^^^^^ help: try ignoring the field: `label: _`

warning: unused variable: `label`
   --> src/estree.rs:379:35
    |
379 |         Stmt::ContinueStatement { label } if in_arrow && !in_switch => Stmt::ExpressionStatement {
    |                                   ^^^^^ help: try ignoring the field: `label: _`

warning: unused variable: `target`
    --> src/estree.rs:1479:17
     |
1479 |             let target = args.get(1).and_then(lit_str).unwrap_or("");
     |                 ^^^^^^ help: if this is intentional, prefix it with an underscore: `_target`

warning: unused variable: `right`
    --> src/estree.rs:5084:75
     |
5084 | ...                   if let Expr::AssignmentExpression { left, right, .. } = x {
     |                                                                 ^^^^^ help: try ignoring the field: `right: _`

warning: value assigned to `idx` is never read
    --> src/estree.rs:4661:23
     |
4661 |         let mut idx = 0usize;
     |                       ^^^^^^
     |
     = help: maybe it is overwritten before being read?

warning: unused variable: `f`
    --> src/estree.rs:5568:19
     |
5568 |     fn build_expr(f: &FnInfo, args: Vec<Expr>, prog_body: &mut Vec<Stmt>) -> Expr {
     |                   ^ help: if this is intentional, prefix it with an underscore: `_f`

warning: unused variable: `args`
    --> src/estree.rs:5568:31
     |
5568 |     fn build_expr(f: &FnInfo, args: Vec<Expr>, prog_body: &mut Vec<Stmt>) -> Expr {
     |                               ^^^^ help: if this is intentional, prefix it with an underscore: `_args`

warning: unused variable: `prog_body`
    --> src/estree.rs:5568:48
     |
5568 |     fn build_expr(f: &FnInfo, args: Vec<Expr>, prog_body: &mut Vec<Stmt>) -> Expr {
     |                                                ^^^^^^^^^ help: if this is intentional, prefix it with an underscore: `_prog_body`

warning: unused variable: `stmt_pos`
    --> src/estree.rs:5849:84
     |
5849 |     fn recurse_expr(e: &mut Expr, fns: &std::collections::HashMap<String, FnInfo>, stmt_pos: bool) {
     |                                                                                    ^^^^^^^^ help: if this is intentional, prefix it with an underscore: `_stmt_pos`

warning: unused variable: `op`
    --> src/ir.rs:1606:41
     |
1606 | ...                   let op = match r.mode.as_str() {
     |                           ^^ help: if this is intentional, prefix it with an underscore: `_op`

warning: unreachable pattern
    --> src/ir.rs:2805:16
     |
2799 |         "/" => format!(
     |         --- matches all the relevant values
...
2805 |         "//" | "/" => {
     |                ^^^ no value can reach this

warning: variable does not need to be mutable
    --> src/ir.rs:4217:25
     |
4217 |                     let mut val = eq.1.to_string();
     |                         ----^^^
     |                         |
     |                         help: remove this `mut`

warning: unused variable: `left`
    --> src/shir.rs:2955:32
     |
2955 |         Stmt::ForOfStatement { left, right, body } => {
     |                                ^^^^ help: try ignoring the field: `left: _`

warning: unused variable: `func`
    --> src/shir.rs:3168:45
     |
3168 |                 IrStmt::Expr(IrExpr::Call { func, args }) => {
     |                                             ^^^^ help: try ignoring the field: `func: _`

warning: unreachable pattern
    --> src/shir.rs:6755:11
     |
6602 |         IrStmt::Declare { vars, init, .. } => {
     |         ---------------------------------- matches all the relevant values
...
6755 |         | IrStmt::Declare { .. }
     |           ^^^^^^^^^^^^^^^^^^^^^^ no value can reach this

warning: unreachable pattern
    --> src/shir.rs:7399:9
     |
7399 |         other => IrStmt::Expr(call("unsupported", vec![st(&format!("{other:?}"))])),
     |         ^^^^^ no value can reach this
     |
note: multiple earlier patterns match some of the same values
    --> src/shir.rs:7399:9
     |
7221 |         Command::BlankLine => return None,
     |         ------------------ matches some of the same values
7222 |         Command::TestExpression(t) => {
     |         -------------------------- matches some of the same values
...
7234 |         Command::Simple(sc) => exec_stmt(&sc.name, &sc.args, &sc.env_vars, &sc.redirects),
     |         ------------------- matches some of the same values
7235 |         Command::BuiltinCommand(bc) => exec_stmt(
     |         --------------------------- matches some of the same values
...
7399 |         other => IrStmt::Expr(call("unsupported", vec![st(&format!("{other:?}"))])),
     |         ^^^^^ ...and 20 other patterns collectively make this unreachable

warning: unused variable: `cmd`
    --> src/shir.rs:7972:52
     |
7972 |         RedirectOperator::ProcessSubstitutionInput(cmd) => ("process-in", 0),
     |                                                    ^^^ help: if this is intentional, prefix it with an underscore: `_cmd`

warning: unused variable: `cmd`
    --> src/shir.rs:7973:53
     |
7973 |         RedirectOperator::ProcessSubstitutionOutput(cmd) => ("process-out", 1),
     |                                                     ^^^ help: if this is intentional, prefix it with an underscore: `_cmd`

warning: unreachable pattern
    --> src/shir.rs:8477:9
     |
8477 |         other => call("unsupported", vec![st(&other.to_string())]),
     |         ^^^^^ no value can reach this
     |
note: multiple earlier patterns match some of the same values
    --> src/shir.rs:8477:9
     |
8429 |         Word::Literal(s, ann) => st(&shell_quote_removal(s, ann.is_some())),
     |         --------------------- matches some of the same values
8430 |         Word::Variable(name, _, _) => call("getVar", vec![st(name)]),
     |         -------------------------- matches some of the same values
8431 |         Word::CommandSubstitution(cmd, _) => match cmdsub_arith_expr(cmd) {
     |         --------------------------------- matches some of the same values
...
8441 |         Word::ParameterExpansion(pe, _) => param_ir(pe),
     |         ------------------------------- matches some of the same values
...
8477 |         other => call("unsupported", vec![st(&other.to_string())]),
     |         ^^^^^ ...and 8 other patterns collectively make this unreachable

warning: unreachable pattern
    --> src/shir.rs:9002:9
     |
9002 |         other => call("unsupported", vec![st(&format!("{other:?}"))]),
     |         ^^^^^ no value can reach this
     |
note: multiple earlier patterns match some of the same values
    --> src/shir.rs:9002:9
     |
8945 |         StringPart::Literal(_) => unreachable!("Literal parts handled in interpolate_ir"),
     |         ---------------------- matches some of the same values
8946 |         StringPart::Variable(name) => call("getVar", vec![st(name)]),
     |         -------------------------- matches some of the same values
8947 |         StringPart::ParameterExpansion(pe) => {
     |         ---------------------------------- matches some of the same values
...
8966 |         StringPart::Arithmetic(ae) => match parse_arith_native(&ae.expression) {
     |         -------------------------- matches some of the same values
...
9002 |         other => call("unsupported", vec![st(&format!("{other:?}"))]),
     |         ^^^^^ ...and 5 other patterns collectively make this unreachable

warning: value assigned to `two` is never read
    --> src/shir.rs:9293:31
     |
9293 |                 let mut two = false;
     |                               ^^^^^
     |
     = help: maybe it is overwritten before being read?

warning: unused variable: `var`
     --> src/shir.rs:13294:27
      |
13294 |             IrStmt::For { var, iter, body } => {
      |                           ^^^ help: try ignoring the field: `var: _`

warning: unused variable: `elsifs`
     --> src/shir.rs:16638:13
      |
16638 |             elsifs,
      |             ^^^^^^ help: try ignoring the field: `elsifs: _`

warning: unused variable: `status`
     --> src/shir.rs:20140:9
      |
20140 |     let status = |exit: i64| Expr::AssignmentExpression {
      |         ^^^^^^ help: if this is intentional, prefix it with an underscore: `_status`

warning: unreachable pattern
     --> src/shir.rs:23660:9
      |
23639 |         [IrExpr::Str(sa, _), IrExpr::Str(sb, _)] => match (sa.as_str(), sb.as_str()) {
      |         ---------------------------------------- matches all the relevant values
...
23660 |         [IrExpr::Str(flag, _), IrExpr::Str(set, _)] if flag == "-d" => {
      |         ^^^^^^^^^^^^^^^^^^^^^^^^^^^^^^^^^^^^^^^^^^^ no value can reach this

warning: unused variable: `var`
     --> src/shir.rs:28708:23
      |
28708 |         IrStmt::For { var, iter, body } => {
      |                       ^^^ help: try ignoring the field: `var: _`

warning: variable does not need to be mutable
     --> src/shir.rs:32896:29
      |
32896 |                         let mut exprs: Vec<Expr> = mapped_args
      |                             ----^^^^^
      |                             |
      |                             help: remove this `mut`

warning: variable does not need to be mutable
  --> src/transforms/arith_forms.rs:43:9
   |
43 |     let mut c = match st {
   |         ----^
   |         |
   |         help: remove this `mut`

warning: variable does not need to be mutable
   --> src/transforms/arith_forms.rs:242:9
    |
242 |     let mut recursed = transform_expr(e);
    |         ----^^^^^^^^
    |         |
    |         help: remove this `mut`

warning: variable does not need to be mutable
   --> src/transforms/process_subst.rs:436:13
    |
436 |         let mut exec_part = out;
    |             ----^^^^^^^^^
    |             |
    |             help: remove this `mut`

warning: value assigned to `saw_dot` is never read
   --> src/bc.rs:106:21
    |
106 |                     saw_dot = true;
    |                     ^^^^^^^^^^^^^^
    |
    = help: maybe it is overwritten before being read?

warning: unreachable pattern
    --> src/generator/commands/builtins.rs:1235:9
     |
 862 |         "hostname" => {
     |         ---------- matches all the relevant values
...
1235 |         "hostname" => {
     |         ^^^^^^^^^^ no value can reach this

warning: unused variable: `command_str`
   --> src/generator/commands/builtins.rs:651:25
    |
651 |                     let command_str = generator.generate_command_string_for_system(&command);
    |                         ^^^^^^^^^^^ help: if this is intentional, prefix it with an underscore: `_command_str`

warning: variable does not need to be mutable
   --> src/generator/commands/command_dispatcher.rs:826:29
    |
826 |                         let mut lines: Vec<&str> = specific_output.rsplitn(2, '\n').collect();
    |                             ----^^^^^
    |                             |
    |                             help: remove this `mut`

warning: unused variable: `mode`
    --> src/generator/commands/command_dispatcher.rs:1006:42
     |
1006 | ...                   if let Some((ref mode, ref target)) = output_redirect_target {
     |                                    ^^^^^^^^ help: if this is intentional, prefix it with an underscore: `_mode`

warning: unused variable: `target`
    --> src/generator/commands/command_dispatcher.rs:1006:52
     |
1006 | ...                   if let Some((ref mode, ref target)) = output_redirect_target {
     |                                              ^^^^^^^^^^ help: if this is intentional, prefix it with an underscore: `_target`

warning: value assigned to `stderr_scope_opened` is never read
    --> src/generator/commands/command_dispatcher.rs:1021:33
     |
1021 | ...                   stderr_scope_opened = false;
     |                       ^^^^^^^^^^^^^^^^^^^^^^^^^^^
     |
     = help: maybe it is overwritten before being read?

warning: unused variable: `cmd2`
   --> src/generator/commands/pipeline_commands.rs:732:66
    |
732 |         if let (Command::Redirect(redirect_cmd), Command::Simple(cmd2)) =
    |                                                                  ^^^^ help: if this is intentional, prefix it with an underscore: `_cmd2`

warning: unused variable: `unique_id`
   --> src/generator/commands/pipeline_commands.rs:847:9
    |
847 |     let unique_id = generator.get_unique_id();
    |         ^^^^^^^^^ help: if this is intentional, prefix it with an underscore: `_unique_id`

warning: variable `head_max` is assigned to, but never used
    --> src/generator/commands/pipeline_commands.rs:1158:21
     |
1158 |                 let mut head_max = 10; // Default value
     |                     ^^^^^^^^^^^^
     |
     = note: consider using `_head_max` instead

warning: unused variable: `i`
    --> src/generator/commands/pipeline_commands.rs:1221:22
     |
1221 |                 for (i, command) in pipeline.commands[start_index..].iter().enumerate() {
     |                      ^ help: if this is intentional, prefix it with an underscore: `_i`

warning: unused variable: `j`
    --> src/generator/commands/pipeline_commands.rs:1241:34
     |
1241 | ...                   for (j, nested_command) in nested_pipeline.commands.iter().enumerate() {
     |                            ^ help: if this is intentional, prefix it with an underscore: `_j`

warning: value assigned to `head_max` is never read
    --> src/generator/commands/pipeline_commands.rs:1182:49
     |
1182 | ...                   head_max = num;
     |                       ^^^^^^^^^^^^^^
     |
     = help: maybe it is overwritten before being read?

warning: value assigned to `head_max` is never read
    --> src/generator/commands/pipeline_commands.rs:1177:53
     |
1177 | ...                   head_max = num;
     |                       ^^^^^^^^^^^^^^
     |
     = help: maybe it is overwritten before being read?

warning: value assigned to `head_max` is never read
    --> src/generator/commands/pipeline_commands.rs:1170:53
     |
1170 | ...                   head_max = num;
     |                       ^^^^^^^^^^^^^^
     |
     = help: maybe it is overwritten before being read?

warning: unused variable: `cmd_str`
   --> src/generator/commands/simple_commands.rs:424:21
    |
424 |                 let cmd_str = if generator.current_pipeline_output_id().is_none() {
    |                     ^^^^^^^ help: if this is intentional, prefix it with an underscore: `_cmd_str`

warning: unused variable: `i`
  --> src/generator/commands/system_commands.rs:11:21
   |
11 |     while let Some((i, ch)) = chars.next() {
   |                     ^ help: if this is intentional, prefix it with an underscore: `_i`

warning: unused variable: `l_mode`
  --> src/generator/commands/cmp.rs:94:10
   |
94 |     let (l_mode, b_mode, s_mode) = if verbose {
   |          ^^^^^^ help: if this is intentional, prefix it with an underscore: `_l_mode`

warning: unused variable: `b_mode`
  --> src/generator/commands/cmp.rs:94:18
   |
94 |     let (l_mode, b_mode, s_mode) = if verbose {
   |                  ^^^^^^ help: if this is intentional, prefix it with an underscore: `_b_mode`

warning: unused variable: `input_var`
 --> src/generator/commands/comm.rs:7:5
  |
7 |     input_var: &str,
  |     ^^^^^^^^^ help: if this is intentional, prefix it with an underscore: `_input_var`

warning: variable `force` is assigned to, but never used
  --> src/generator/commands/cp.rs:20:9
   |
20 |     let mut force = false;
   |         ^^^^^^^^^
   |
   = note: consider using `_force` instead

warning: variable `preserve` is assigned to, but never used
  --> src/generator/commands/cp.rs:21:9
   |
21 |     let mut preserve = false;
   |         ^^^^^^^^^^^^
   |
   = note: consider using `_preserve` instead

warning: value assigned to `force` is never read
  --> src/generator/commands/cp.rs:33:28
   |
33 |                     'f' => force = true,
   |                            ^^^^^^^^^^^^
   |
   = help: maybe it is overwritten before being read?

warning: value assigned to `preserve` is never read
  --> src/generator/commands/cp.rs:34:28
   |
34 |                     'p' => preserve = true,
   |                            ^^^^^^^^^^^^^^^
   |
   = help: maybe it is overwritten before being read?

warning: unused variable: `in_var`
   --> src/generator/commands/echo.rs:732:18
    |
732 |             let (in_var, out_var, _err_var, pid_var, result_var) = generator.get_unique_ipc_vars();
    |                  ^^^^^^ help: if this is intentional, prefix it with an underscore: `_in_var`

warning: unused variable: `out_var`
   --> src/generator/commands/echo.rs:732:26
    |
732 |             let (in_var, out_var, _err_var, pid_var, result_var) = generator.get_unique_ipc_vars();
    |                          ^^^^^^^ help: if this is intentional, prefix it with an underscore: `_out_var`

warning: unused variable: `pid_var`
   --> src/generator/commands/echo.rs:732:45
    |
732 |             let (in_var, out_var, _err_var, pid_var, result_var) = generator.get_unique_ipc_vars();
    |                                             ^^^^^^^ help: if this is intentional, prefix it with an underscore: `_pid_var`

warning: unused variable: `result_var`
   --> src/generator/commands/echo.rs:732:54
    |
732 |             let (in_var, out_var, _err_var, pid_var, result_var) = generator.get_unique_ipc_vars();
    |                                                      ^^^^^^^^^^ help: if this is intentional, prefix it with an underscore: `_result_var`

warning: unused variable: `cmd_lit`
   --> src/generator/commands/echo.rs:734:17
    |
734 |             let cmd_lit = generator.perl_string_literal_no_interp(&Word::literal(cmd_str));
    |                 ^^^^^^^ help: if this is intentional, prefix it with an underscore: `_cmd_lit`

warning: unused variable: `all_found_var`
   --> src/generator/commands/ls.rs:525:13
    |
525 |         let all_found_var = format!("ls_all_found_{}", generator.get_unique_id());
    |             ^^^^^^^^^^^^^ help: if this is intentional, prefix it with an underscore: `_all_found_var`

warning: unused variable: `all_found_var`
   --> src/generator/commands/ls.rs:526:13
    |
526 |         let all_found_var = format!("ls_all_found_{}", generator.get_unique_id());
    |             ^^^^^^^^^^^^^ help: if this is intentional, prefix it with an underscore: `_all_found_var`

warning: unused variable: `all_found_var`
   --> src/generator/commands/ls.rs:527:13
    |
527 |         let all_found_var = format!("ls_all_found_{}", generator.get_unique_id());
    |             ^^^^^^^^^^^^^ help: if this is intentional, prefix it with an underscore: `_all_found_var`

warning: variable `sort_by_time` is assigned to, but never used
   --> src/generator/commands/ls.rs:814:9
    |
814 |     let mut sort_by_time = false; // -t flag: sort by modification time
    |         ^^^^^^^^^^^^^^^^
    |
    = note: consider using `_sort_by_time` instead

warning: value assigned to `sort_by_time` is never read
   --> src/generator/commands/ls.rs:828:32
    |
828 |                         't' => sort_by_time = true,   // -t flag: sort by modification time
    |                                ^^^^^^^^^^^^^^^^^^^
    |
    = help: maybe it is overwritten before being read?

warning: unused variable: `cmd_string`
   --> src/generator/commands/paste.rs:327:17
    |
327 |             let cmd_string = generator
    |                 ^^^^^^^^^^ help: if this is intentional, prefix it with an underscore: `_cmd_string`

warning: unused variable: `i`
   --> src/generator/commands/perl.rs:201:18
    |
201 |             for (i, arg) in cmd.args.iter().enumerate() {
    |                  ^ help: if this is intentional, prefix it with an underscore: `_i`

warning: unused variable: `command_index`
  --> src/generator/commands/wc.rs:24:5
   |
24 |     command_index: &str,
   |     ^^^^^^^^^^^^^ help: if this is intentional, prefix it with an underscore: `_command_index`

warning: variable does not need to be mutable
  --> src/generator/control_flow.rs:72:17
   |
72 |             let mut cond = generator.generate_command(inner);
   |                 ----^^^^
   |                 |
   |                 help: remove this `mut`

warning: variable does not need to be mutable
  --> src/generator/control_flow.rs:85:17
   |
85 |             let mut cond = generator.generate_command(&if_stmt.condition);
   |                 ----^^^^
   |                 |
   |                 help: remove this `mut`

warning: unused variable: `saved_output_len`
    --> src/generator/control_flow.rs:1410:9
     |
1410 |     let saved_output_len = output.len();
     |         ^^^^^^^^^^^^^^^^ help: if this is intentional, prefix it with an underscore: `_saved_output_len`

warning: variable `in_string` is assigned to, but never used
    --> src/generator/control_flow.rs:1536:9
     |
1536 |     let mut in_string = false;
     |         ^^^^^^^^^^^^^
     |
     = note: consider using `_in_string` instead

warning: unused variable: `i`
    --> src/generator/control_flow.rs:1543:21
     |
1543 |     while let Some((i, ch)) = chars.next() {
     |                     ^ help: if this is intentional, prefix it with an underscore: `_i`

warning: value assigned to `in_string` is never read
    --> src/generator/control_flow.rs:1558:17
     |
1558 |                 in_string = false;
     |                 ^^^^^^^^^^^^^^^^^
     |
     = help: maybe it is overwritten before being read?

warning: variable does not need to be mutable
    --> src/generator/control_flow.rs:1919:21
     |
1919 |                 let mut c = generator.generate_command(cmd);
     |                     ----^
     |                     |
     |                     help: remove this `mut`

warning: unused variable: `escaped_handler`
    --> src/generator/redirects.rs:1644:25
     |
1644 |                     let escaped_handler = handler.replace("'", "'\\''");
     |                         ^^^^^^^^^^^^^^^ help: if this is intentional, prefix it with an underscore: `_escaped_handler`

warning: variable does not need to be mutable
    --> src/generator/test_expressions.rs:1054:17
     |
1054 |             let mut qx_expr = inner.to_string();
     |                 ----^^^^^^^
     |                 |
     |                 help: remove this `mut`

warning: unused variable: `cmd`
    --> src/generator/test_expressions.rs:1526:39
     |
1526 |             Word::CommandSubstitution(cmd, _) => {
     |                                       ^^^ help: if this is intentional, prefix it with an underscore: `_cmd`

warning: unused variable: `literal`
   --> src/generator/utils.rs:601:59
    |
601 | ...                   Word::Literal(literal, _) => {
    |                                     ^^^^^^^ help: if this is intentional, prefix it with an underscore: `_literal`

warning: unused variable: `err_var`
   --> src/generator/utils.rs:751:43
    |
751 |                     let (in_var, out_var, err_var, pid_var, result_var) =
    |                                           ^^^^^^^ help: if this is intentional, prefix it with an underscore: `_err_var`

warning: unused variable: `err_var`
   --> src/generator/words.rs:385:27
    |
385 |     let (in_var, out_var, err_var, pid_var, _result_var) = generator.get_unique_ipc_vars();
    |                           ^^^^^^^ help: if this is intentional, prefix it with an underscore: `_err_var`

warning: unused variable: `pid_var`
   --> src/generator/words.rs:385:36
    |
385 |     let (in_var, out_var, err_var, pid_var, _result_var) = generator.get_unique_ipc_vars();
    |                                    ^^^^^^^ help: if this is intentional, prefix it with an underscore: `_pid_var`

warning: variable does not need to be mutable
    --> src/generator/words.rs:1566:37
     |
1566 | ...                   let mut code = format!(
     |                           ----^^^^
     |                           |
     |                           help: remove this `mut`

warning: unused variable: `literal`
    --> src/generator/words.rs:1336:59
     |
1336 | ...                   Word::Literal(literal, _) => {
     |                                     ^^^^^^^ help: if this is intentional, prefix it with an underscore: `_literal`

warning: unused variable: `cmd_name`
   --> src/generator/words.rs:830:25
    |
830 |                     let cmd_name = generator.word_to_perl(&simple_cmd.name);
    |                         ^^^^^^^^ help: if this is intentional, prefix it with an underscore: `_cmd_name`

warning: unused variable: `indent1`
    --> src/generator/words.rs:1733:33
     |
1733 | ...                   let indent1 = "    ".to_string(); // 4 spaces for outer do block
     |                           ^^^^^^^ help: if this is intentional, prefix it with an underscore: `_indent1`

warning: unused variable: `indent1`
    --> src/generator/words.rs:1774:33
     |
1774 | ...                   let indent1 = "    ".to_string();
     |                           ^^^^^^^ help: if this is intentional, prefix it with an underscore: `_indent1`

warning: unused variable: `indent1`
    --> src/generator/words.rs:1815:33
     |
1815 | ...                   let indent1 = "    ".to_string();
     |                           ^^^^^^^ help: if this is intentional, prefix it with an underscore: `_indent1`

warning: unused variable: `indent1`
    --> src/generator/words.rs:1850:33
     |
1850 | ...                   let indent1 = "    ".to_string();
     |                           ^^^^^^^ help: if this is intentional, prefix it with an underscore: `_indent1`

warning: unused variable: `indent1`
    --> src/generator/words.rs:1889:33
     |
1889 | ...                   let indent1 = "    ".to_string();
     |                           ^^^^^^^ help: if this is intentional, prefix it with an underscore: `_indent1`

warning: unused variable: `s`
    --> src/generator/words.rs:2711:23
     |
2711 |         Word::Literal(s, _) => generator.perl_string_literal(word),
     |                       ^ help: if this is intentional, prefix it with an underscore: `_s`

warning: variable does not need to be mutable
    --> src/generator/words.rs:2751:9
     |
2751 |     let mut raw_items: Vec<Vec<String>> = expansion
     |         ----^^^^^^^^^
     |         |
     |         help: remove this `mut`

warning: unused variable: `full_match`
    --> src/generator/words.rs:3547:21
     |
3547 |                 let full_match = result[i..end].to_string();
     |                     ^^^^^^^^^^ help: if this is intentional, prefix it with an underscore: `_full_match`

warning: unused variable: `needs_exit_code`
   --> src/generator/mod.rs:312:13
    |
312 |         let needs_exit_code = self.needs_exit_code_tracking(ast);
    |             ^^^^^^^^^^^^^^^ help: if this is intentional, prefix it with an underscore: `_needs_exit_code`

warning: unused variable: `needs_file_find`
   --> src/generator/mod.rs:313:13
    |
313 |         let needs_file_find = self.needs_file_find_import(ast);
    |             ^^^^^^^^^^^^^^^ help: if this is intentional, prefix it with an underscore: `_needs_file_find`

warning: unused variable: `array_re`
   --> src/generator/mod.rs:891:21
    |
891 |                 let array_re = regex::Regex::new(r"\$\{([a-zA-Z_][a-zA-Z0-9_]*)\[").unwrap();
    |                     ^^^^^^^^ help: if this is intentional, prefix it with an underscore: `_array_re`

warning: value assigned to `decl_lines` is never read
    --> src/c_backend.rs:1364:43
     |
1364 |         let mut decl_lines: Vec<String> = Vec::new();
     |                                           ^^^^^^^^^^
     |
     = help: maybe it is overwritten before being read?

warning: unreachable pattern
    --> src/c_backend.rs:4042:13
     |
3878 |             "arith" => match Self::str_arg(args, 0) {
     |             ------- matches all the relevant values
...
4042 |             "arith" => match Self::str_arg(args, 0) {
     |             ^^^^^^^ no value can reach this

warning: unused variable: `b`
    --> src/c_backend.rs:3860:33
     |
3860 |                     if let Some(b) = self.buf_bound(&name) {
     |                                 ^ help: if this is intentional, prefix it with an underscore: `_b`

warning: value assigned to `fn_out` is never read
    --> src/c_backend.rs:5887:26
     |
5887 |         let mut fn_out = Vec::new();
     |                          ^^^^^^^^^^
     |
     = help: maybe it is overwritten before being read?

warning: unused variable: `lraw`
    --> src/go_backend.rs:2318:9
     |
2318 |         lraw: &str,
     |         ^^^^ help: if this is intentional, prefix it with an underscore: `_lraw`

warning: unused variable: `m`
    --> src/go_backend.rs:2748:25
     |
2748 |                     let m = self.go_ident(v);
     |                         ^ help: if this is intentional, prefix it with an underscore: `_m`

warning: unreachable pattern
    --> src/go_backend.rs:3661:13
     |
3661 |             "eval" | "source" | "." | "command" | "type" | "exec" | "readonly" => {
     |             ^^^^^^^^^^^^^^^^^^^^^^^^^^^^^^^^^^^^^^^^^^^^^^^^^^^^^^^^^^^^^^^^^^ no value can reach this
     |
note: multiple earlier patterns match some of the same values
    --> src/go_backend.rs:3661:13
     |
3564 |             "eval" => {
     |             ------ matches some of the same values
...
3578 |             "source" | "." => {
     |             -------------- matches some of the same values
...
3597 |             "command" | "type" => {
     |             ------------------ matches some of the same values
...
3624 |             "exec" => {
     |             ------ matches some of the same values
...
3661 |             "eval" | "source" | "." | "command" | "type" | "exec" | "readonly" => {
     |             ^^^^^^^^^^^^^^^^^^^^^^^^^^^^^^^^^^^^^^^^^^^^^^^^^^^^^^^^^^^^^^^^^^ ...and 1 other patterns collectively make this unreachable

warning: variable does not need to be mutable
    --> src/go_backend.rs:3776:25
     |
3776 |                     let mut value = arg[eq + 1..].to_string();
     |                         ----^^^^^
     |                         |
     |                         help: remove this `mut`

warning: unused variable: `start`
    --> src/go_backend.rs:4763:13
     |
4763 |         let start = i;
     |             ^^^^^ help: if this is intentional, prefix it with an underscore: `_start`

warning: unused variable: `r`
    --> src/go_backend.rs:4930:36
     |
4930 | fn numify(e: String, is_num: bool, r: &mut Render) -> String {
     |                                    ^ help: if this is intentional, prefix it with an underscore: `_r`

warning: unused variable: `m`
    --> src/js_backend.rs:1841:25
     |
1841 |             if let Some(m) = &e.match_expr {
     |                         ^ help: if this is intentional, prefix it with an underscore: `_m`

warning: unreachable pattern
    --> src/js_backend.rs:2265:9
     |
2238 |         ArithAst::Num(_) => {}
     |         ---------------- matches all the relevant values
...
2265 |         ArithAst::Num(_) => {}
     |         ^^^^^^^^^^^^^^^^ no value can reach this

warning: unused variable: `re_l`
    --> src/perl_backend.rs:1519:25
     |
1519 |                     let re_l = glob_to_regex(raw_l, true);
     |                         ^^^^ help: if this is intentional, prefix it with an underscore: `_re_l`

warning: unused variable: `a`
    --> src/perl_backend.rs:1628:57
     |
1628 |                     let len_raw = args.get(3).and_then(|a| Self::str_arg(args, 3));
     |                                                         ^ help: if this is intentional, prefix it with an underscore: `_a`

warning: unused variable: `a`
    --> src/perl_backend.rs:1627:57
     |
1627 |                     let off_raw = args.get(2).and_then(|a| Self::str_arg(args, 2));
     |                                                         ^ help: if this is intentional, prefix it with an underscore: `_a`

warning: variable does not need to be mutable
    --> src/perl_backend.rs:2129:21
     |
2129 |                 let mut saved = self.in_func;
     |                     ----^^^^^
     |                     |
     |                     help: remove this `mut`

warning: unused variable: `args`
    --> src/perl_backend.rs:1946:45
     |
1946 |                 if let IrExpr::Call { func, args } = expr {
     |                                             ^^^^ help: try ignoring the field: `args: _`

warning: variable does not need to be mutable
    --> src/perl_backend.rs:2274:13
     |
2274 |         let mut saved = self.in_func;
     |             ----^^^^^
     |             |
     |             help: remove this `mut`

warning: unused variable: `has_range`
    --> src/perl_backend.rs:2455:9
     |
2455 |     let has_range = items
     |         ^^^^^^^^^ help: if this is intentional, prefix it with an underscore: `_has_range`

warning: unused variable: `i`
   --> src/rust_backend.rs:106:14
    |
106 |         for (i, c) in name.chars().enumerate() {
    |              ^ help: if this is intentional, prefix it with an underscore: `_i`

warning: unreachable pattern
    --> src/rust_backend.rs:1380:15
     |
1358 |             IrStmt::Subshell(b) => {
     |             ------------------- matches all the relevant values
...
1380 |             | IrStmt::Subshell(_)
     |               ^^^^^^^^^^^^^^^^^^^ no value can reach this

warning: unreachable pattern
    --> src/sh_backend.rs:3451:9
     |
3431 |         "param" => {
     |         ------- matches all the relevant values
...
3451 |         "param" => param_to_sh(args, false),
     |         ^^^^^^^ no value can reach this

warning: variable does not need to be mutable
    --> src/sh_backend.rs:4565:13
     |
4565 |         let mut rest = cond;
     |             ----^^^^
     |             |
     |             help: remove this `mut`

warning: unreachable pattern
    --> src/glsl_backend.rs:1920:13
     |
1872 |             IrExpr::Call { func, args } => match func.as_str() {
     |             --------------------------- matches all the relevant values
...
1920 |             IrExpr::Call { func, args } if func == "capture" || func == "captureWords" => {
     |             ^^^^^^^^^^^^^^^^^^^^^^^^^^^ no value can reach this

warning: unreachable pattern
    --> src/glsl_backend.rs:2129:13
     |
2082 |             IrExpr::Call { func, args } => match func.as_str() {
     |             --------------------------- matches all the relevant values
...
2129 |             IrExpr::Call { func, args } if func == "capture" || func == "captureWords" => {
     |             ^^^^^^^^^^^^^^^^^^^^^^^^^^^ no value can reach this

warning: variable does not need to be mutable
    --> src/glsl_backend.rs:3799:13
     |
3799 |         let mut vals = self.exec_items(&args[1..]);
     |             ----^^^^
     |             |
     |             help: remove this `mut`

warning: unused variable: `var`
   --> src/shir_passes/optimize.rs:157:28
    |
157 |         ArithAst::Assign { var, rhs, .. } => arith_reads(name, rhs),
    |                            ^^^ help: try ignoring the field: `var: _`

warning: unused variable: `var`
   --> src/shir_passes/optimize.rs:158:28
    |
158 |         ArithAst::IncDec { var, .. } => false,
    |                            ^^^ help: try ignoring the field: `var: _`

warning: unused variable: `var`
   --> src/shir_passes/optimize.rs:485:28
    |
485 |         ArithAst::Assign { var, rhs, .. } => arith_reads_name(name, rhs),
    |                            ^^^ help: try ignoring the field: `var: _`

warning: value assigned to `changed` is never read
    --> src/shir_passes/optimize.rs:1707:23
     |
1707 |     let mut changed = false;
     |                       ^^^^^
     |
     = help: maybe it is overwritten before being read?

warning: unused variable: `converted`
   --> src/shir_passes/restructure.rs:246:13
    |
246 |         let converted = convert_successor_exits(&mut span, successor_label.as_deref());
    |             ^^^^^^^^^ help: if this is intentional, prefix it with an underscore: `_converted`

warning: unused variable: `clauses`
   --> src/shir_passes/restructure.rs:524:28
    |
524 |             IrStmt::Case { clauses, .. } => {
    |                            ^^^^^^^ help: try ignoring the field: `clauses: _`

warning: unused variable: `stages`
   --> src/shir_passes/restructure.rs:533:32
    |
533 |             IrStmt::Pipeline { stages, .. } => return false,
    |                                ^^^^^^ help: try ignoring the field: `stages: _`

warning: unused variable: `i`
   --> src/zig_backend.rs:188:14
    |
188 |         for (i, c) in name.chars().enumerate() {
    |              ^ help: if this is intentional, prefix it with an underscore: `_i`

warning: associated items `rebalance_logical_chain`, `parse_variable_expansion`, and `parse_arithmetic_expression` are never used
    --> src/parser/commands.rs:1058:8
     |
  33 | impl Parser {
     | ----------- associated items in this implementation
...
1058 |     fn rebalance_logical_chain(command: Command) -> Command {
     |        ^^^^^^^^^^^^^^^^^^^^^^^
...
3155 |     fn parse_variable_expansion(&mut self) -> Result<Word, ParserError> {
     |        ^^^^^^^^^^^^^^^^^^^^^^^^
...
3242 |     fn parse_arithmetic_expression(&mut self) -> Result<Word, ParserError> {
     |        ^^^^^^^^^^^^^^^^^^^^^^^^^^^
     |
     = note: `#[warn(dead_code)]` (part of `#[warn(unused)]`) on by default

warning: function `parse_arithmetic_expression` is never used
    --> src/parser/control_flow.rs:1537:4
     |
1537 | fn parse_arithmetic_expression(parser: &mut Parser) -> Result<Word, ParserError> {
     |    ^^^^^^^^^^^^^^^^^^^^^^^^^^^

warning: function `parse_pipeline` is never used
    --> src/parser/control_flow.rs:1661:4
     |
1661 | fn parse_pipeline(parser: &mut Parser) -> Result<Command, ParserError> {
     |    ^^^^^^^^^^^^^^

warning: function `parse_command` is never used
    --> src/parser/control_flow.rs:1830:4
     |
1830 | fn parse_command(parser: &mut Parser) -> Result<Command, ParserError> {
     |    ^^^^^^^^^^^^^

warning: function `parse_assignment` is never used
    --> src/parser/control_flow.rs:2220:4
     |
2220 | fn parse_assignment(parser: &mut Parser) -> Result<Command, ParserError> {
     |    ^^^^^^^^^^^^^^^^

warning: function `parse_parameter_expansion` is never used
    --> src/parser/words.rs:5362:4
     |
5362 | fn parse_parameter_expansion(_lexer: &mut Lexer) -> Result<Word, ParserError> {
     |    ^^^^^^^^^^^^^^^^^^^^^^^^^

warning: function `parse_array_slicing` is never used
    --> src/parser/words.rs:5369:4
     |
5369 | fn parse_array_slicing(_lexer: &mut Lexer, _array_name: String) -> Result<Word, ParserError> {
     |    ^^^^^^^^^^^^^^^^^^^

warning: function `parse_simple_command_from_text` is never used
    --> src/parser/words.rs:5441:4
     |
5441 | fn parse_simple_command_from_text(text: &str) -> Result<Command, ParserError> {
     |    ^^^^^^^^^^^^^^^^^^^^^^^^^^^^^^

warning: function `write_str_field` is never used
    --> src/estree.rs:3067:4
     |
3067 | fn write_str_field(out: &mut String, key: &str, v: &str) {
     |    ^^^^^^^^^^^^^^^

warning: function `is_sh2_call` is never used
    --> src/estree.rs:3795:8
     |
3795 |     fn is_sh2_call(e: &Expr, name: &str) -> bool {
     |        ^^^^^^^^^^^

warning: function `is_sh2_member` is never used
    --> src/estree.rs:5493:8
     |
5493 |     fn is_sh2_member(e: &Expr, name: &str) -> bool {
     |        ^^^^^^^^^^^^^

warning: function `build_expr` is never used
    --> src/estree.rs:5568:8
     |
5568 |     fn build_expr(f: &FnInfo, args: Vec<Expr>, prog_body: &mut Vec<Stmt>) -> Expr {
     |        ^^^^^^^^^^

warning: function `redirect_specs_sync_ok` is never used
   --> src/shir.rs:408:4
    |
408 | fn redirect_specs_sync_ok(_specs: &[(i64, &str, &IrExpr)]) -> bool {
    |    ^^^^^^^^^^^^^^^^^^^^^^

warning: function `with_func_lift` is never used
    --> src/shir.rs:3007:4
     |
3007 | fn with_func_lift<R>(f: impl FnOnce(&HashSet<String>, &mut HashSet<String>) -> R) -> Option<R> {
     |    ^^^^^^^^^^^^^^

warning: function `mark_ok` is never used
    --> src/shir.rs:5489:8
     |
5489 |     fn mark_ok(ok: &mut HashMap<String, bool>, name: &str, w: W) {
     |        ^^^^^^^

warning: function `redirect_spec_object` is never used
    --> src/shir.rs:8309:4
     |
8309 | fn redirect_spec_object(r: &Redirect) -> IrExpr {
     |    ^^^^^^^^^^^^^^^^^^^^

warning: function `pure_value_declare` is never used
     --> src/shir.rs:11414:4
      |
11414 | fn pure_value_declare(args: &[IrExpr]) -> Option<Vec<(String, String)>> {
      |    ^^^^^^^^^^^^^^^^^^

warning: function `assume_cfor` is never used
     --> src/shir.rs:12184:4
      |
12184 | fn assume_cfor() -> bool {
      |    ^^^^^^^^^^^

warning: function `expr_contains_sh2` is never used
     --> src/shir.rs:34113:4
      |
34113 | fn expr_contains_sh2(e: &Expr) -> bool {
      |    ^^^^^^^^^^^^^^^^^

warning: function `process_exit_zero` is never used
     --> src/shir.rs:34360:4
      |
34360 | fn process_exit_zero() -> Expr {
      |    ^^^^^^^^^^^^^^^^^

warning: function `consts_of` is never used
     --> src/shir.rs:35362:8
      |
35362 |     fn consts_of(src: &str) -> Vec<(String, crate::ir::VarKind)> {
      |        ^^^^^^^^^

warning: function `kind` is never used
     --> src/shir.rs:35368:8
      |
35368 |     fn kind<'a>(v: &'a [(String, crate::ir::VarKind)], n: &str) -> Option<crate::ir::VarKind> {
      |        ^^^^

warning: function `format_integer_with_underscores` is never used
  --> src/generator/mod.rs:13:4
   |
13 | fn format_integer_with_underscores(n: i64) -> String {
   |    ^^^^^^^^^^^^^^^^^^^^^^^^^^^^^^^

warning: multiple methods are never used
    --> src/generator/mod.rs:1859:8
     |
 129 | impl Generator {
     | -------------- methods in this implementation
...
1859 |     fn has_command_substitution(&self, ast: &[Command]) -> bool {
     |        ^^^^^^^^^^^^^^^^^^^^^^^^
...
1868 |     fn cmd_has_cmdsub(&self, cmd: &Command) -> bool {
     |        ^^^^^^^^^^^^^^
...
2233 |     fn needs_ipc_open3(&self, ast: &[Command]) -> bool {
     |        ^^^^^^^^^^^^^^^
...
2341 |     fn command_needs_ipc_open3(&self, _command: &Command) -> bool {
     |        ^^^^^^^^^^^^^^^^^^^^^^^
...
2406 |     fn command_needs_command_sub(&self, block: &Block) -> bool {
     |        ^^^^^^^^^^^^^^^^^^^^^^^^^
...
2416 |     fn word_needs_ipc_open3(&self, word: &Word) -> bool {
     |        ^^^^^^^^^^^^^^^^^^^^
...
2428 |     fn is_pipeline_command(&self, name: &str) -> bool {
     |        ^^^^^^^^^^^^^^^^^^^
...
3031 |     fn needs_carp_import(&self, ast: &[Command]) -> bool {
     |        ^^^^^^^^^^^^^^^^^
...
3041 |     fn needs_english_import(&self, ast: &[Command]) -> bool {
     |        ^^^^^^^^^^^^^^^^^^^^
...
3060 |     fn command_uses_croak(&self, command: &Command) -> bool {
     |        ^^^^^^^^^^^^^^^^^^
...
3142 |     fn word_uses_croak(&self, word: &Word) -> bool {
     |        ^^^^^^^^^^^^^^^
...
3153 |     fn command_uses_english(&self, command: &Command) -> bool {
     |        ^^^^^^^^^^^^^^^^^^^^

warning: function `contains_diff_command` is never used
   --> src/generator/commands/logic_commands.rs:416:4
    |
416 | fn contains_diff_command(cmd: &Command) -> bool {
    |    ^^^^^^^^^^^^^^^^^^^^^

warning: variant `Fixed` is never constructed
    --> src/generator/commands/simple_commands.rs:2619:9
     |
2618 |     enum Part {
     |          ---- variant in this enum
2619 |         Fixed(String),
     |         ^^^^^

warning: function `perl_single_quoted` is never used
 --> src/generator/commands/date.rs:5:4
  |
5 | fn perl_single_quoted(value: &str) -> String {
  |    ^^^^^^^^^^^^^^^^^^

warning: function `generate_tr_linebyline_impl` is never used
  --> src/generator/commands/tr.rs:73:4
   |
73 | fn generate_tr_linebyline_impl(
   |    ^^^^^^^^^^^^^^^^^^^^^^^^^^^

warning: function `generate_tr_buffered_impl` is never used
   --> src/generator/commands/tr.rs:143:4
    |
143 | fn generate_tr_buffered_impl(
    |    ^^^^^^^^^^^^^^^^^^^^^^^^^

warning: function `is_variable_used_after_for_loop` is never used
   --> src/generator/control_flow.rs:736:4
    |
736 | fn is_variable_used_after_for_loop(
    |    ^^^^^^^^^^^^^^^^^^^^^^^^^^^^^^^

warning: function `count_structural_braces` is never used
    --> src/generator/control_flow.rs:1533:4
     |
1533 | fn count_structural_braces(code: &str) -> (usize, usize) {
     |    ^^^^^^^^^^^^^^^^^^^^^^^

warning: function `generate_shell_command_substitution` is never used
   --> src/generator/words.rs:371:4
    |
371 | fn generate_shell_command_substitution(generator: &mut Generator, cmd: &Command) -> String {
    |    ^^^^^^^^^^^^^^^^^^^^^^^^^^^^^^^^^^^

warning: function `to_static` is never used
    --> src/shir_json_in.rs:1254:4
     |
1254 | fn to_static(s: &str) -> &'static str {
     |    ^^^^^^^^^

warning: fields `need_upper`, `need_lower`, and `need_slice` are never read
   --> src/c_backend.rs:162:5
    |
119 | pub struct Render {
    |            ------ fields in this struct
...
162 |     need_upper: bool,
    |     ^^^^^^^^^^
163 |     need_lower: bool,
    |     ^^^^^^^^^^
164 |     need_slice: bool,
    |     ^^^^^^^^^^

warning: methods `noop_value` and `noop_value_call` are never used
    --> src/c_backend.rs:1230:8
     |
 294 | impl Render {
     | ----------- methods in this implementation
...
1230 |     fn noop_value(&self, func: &str, args: &[IrExpr]) -> Option<&'static str> {
     |        ^^^^^^^^^^
...
1247 |     fn noop_value_call(&self, e: &IrExpr) -> bool {
     |        ^^^^^^^^^^^^^^^

warning: function `scan_imports` is never used
    --> src/go_backend.rs:5265:4
     |
5265 | fn scan_imports(text: &str) -> Vec<&'static str> {
     |    ^^^^^^^^^^^^

warning: function `cmp_flag` is never used
    --> src/sh_backend.rs:2375:4
     |
2375 | fn cmp_flag(s: &str) -> bool {
     |    ^^^^^^^^

warning: function `redirect_specs` is never used
    --> src/sh_backend.rs:3262:4
     |
3262 | fn redirect_specs(args: &[IrExpr], idx: usize) -> Result<String, String> {
     |    ^^^^^^^^^^^^^^

warning: variant `Bool` is never constructed
  --> src/glsl_backend.rs:57:5
   |
54 | enum Ty {
   |      -- variant in this enum
...
57 |     Bool,
   |     ^^^^
   |
   = note: `Ty` has a derived impl for the trait `Clone`, but this is intentionally ignored during dead code analysis

warning: function `tex_group_channels` is never used
   --> src/glsl_backend.rs:123:4
    |
123 | fn tex_group_channels(g: TexGroup) -> &'static [&'static str] {
    |    ^^^^^^^^^^^^^^^^^^

warning: methods `ty` and `expr` are never used
    --> src/glsl_backend.rs:1783:8
     |
 989 | impl Render {
     | ----------- methods in this implementation
...
1783 |     fn ty(&self, e: &IrExpr) -> Ty {
     |        ^^
...
1817 |     fn expr(&mut self, e: &IrExpr) -> String {
     |        ^^^^

warning: function `expr_writes` is never used
   --> src/shir_passes/optimize.rs:265:4
    |
265 | fn expr_writes(name: &str, e: &IrExpr) -> bool {
    |    ^^^^^^^^^^^

warning: function `arith_writes` is never used
   --> src/shir_passes/optimize.rs:318:4
    |
318 | fn arith_writes(name: &str, a: &ArithAst) -> bool {
    |    ^^^^^^^^^^^^

warning: struct `ReadMap` is never constructed
   --> src/shir_passes/optimize.rs:404:8
    |
404 | struct ReadMap {
    |        ^^^^^^^

warning: function `record_expr_reads` is never used
   --> src/shir_passes/optimize.rs:506:4
    |
506 | fn record_expr_reads(rm: &mut ReadMap, name: &str, list: usize, pos: usize, e: &IrExpr) {
    |    ^^^^^^^^^^^^^^^^^

warning: function `record_stmt_reads` is never used
   --> src/shir_passes/optimize.rs:512:4
    |
512 | fn record_stmt_reads(rm: &mut ReadMap, name: &str, list: usize, pos: usize, st: &IrStmt) {
    |    ^^^^^^^^^^^^^^^^^

warning: function `is_continue` is never used
   --> src/shir_passes/strip.rs:209:4
    |
209 | fn is_continue(st: &IrStmt) -> bool {
    |    ^^^^^^^^^^^

warning: fields `variable_usage` and `scope_depth` are never read
  --> src/variable_analysis.rs:8:5
   |
 6 | pub struct VariableUsageAnalyzer {
   |            --------------------- fields in this struct
 7 |     /// Maps variable names to their usage information
 8 |     variable_usage: HashMap<String, VariableUsageInfo>,
   |     ^^^^^^^^^^^^^^
 9 |     /// Current scope depth for tracking nested scopes
10 |     scope_depth: usize,
   |     ^^^^^^^^^^^
   |
   = note: `VariableUsageAnalyzer` has derived impls for the traits `Clone` and `Debug`, but these are intentionally ignored during dead code analysis

warning: associated function `zig_fmt` is never used
   --> src/zig_backend.rs:238:8
    |
152 | impl Render {
    | ----------- associated function in this implementation
...
238 |     fn zig_fmt(s: &str) -> String {
    |        ^^^^^^^

warning: call to `.clone()` on a reference in this situation does nothing
    --> src/c_backend.rs:3343:45
     |
3343 |                     let pat = if neg { raw_r.clone() } else { raw_r.clone() };
     |                                             ^^^^^^^^ help: remove this redundant call
     |
     = note: the type `str` does not implement `Clone`, so calling `clone` on `&str` copies the reference, which does not do anything and can be removed
     = note: `#[warn(noop_method_call)]` on by default

warning: call to `.clone()` on a reference in this situation does nothing
    --> src/c_backend.rs:3343:68
     |
3343 |                     let pat = if neg { raw_r.clone() } else { raw_r.clone() };
     |                                                                    ^^^^^^^^ help: remove this redundant call
     |
     = note: the type `str` does not implement `Clone`, so calling `clone` on `&str` copies the reference, which does not do anything and can be removed

warning: `debashl` (lib) generated 301 warnings (run `cargo fix --lib -p debashl` to apply 129 suggestions)
warning: unused import: `std::path::PathBuf`
 --> cli/src/testing.rs:3:5
  |
3 | use std::path::PathBuf;
  |     ^^^^^^^^^^^^^^^^^^
  |
  = note: `#[warn(unused_imports)]` (part of `#[warn(unused)]`) on by default

warning: unused import: `execute_with_progress`
  --> cli/src/testing.rs:11:5
   |
11 |     execute_with_progress, execute_with_timeout, is_execution_frozen, OperationType,
   |     ^^^^^^^^^^^^^^^^^^^^^

warning: unused import: `debashl::parser::errors::ParserError`
  --> cli/src/testing.rs:19:5
   |
19 | use debashl::parser::errors::ParserError;
   |     ^^^^^^^^^^^^^^^^^^^^^^^^^^^^^^^^^^^^

warning: unused doc comment
   --> cli/src/timeout_manager.rs:321:1
    |
321 | /// Global timeout manager instance
    | ^^^^^^^^^^^^^^^^^^^^^^^^^^^^^^^^^^^ rustdoc does not generate documentation for macro invocations
    |
    = help: to document an item produced by a macro, the macro must produce the documentation as part of its expansion
    = note: `#[warn(unused_doc_comments)]` (part of `#[warn(unused)]`) on by default

warning: unused import: `std::env`
  --> cli/src/lib.rs:15:5
   |
15 | use std::env;
   |     ^^^^^^^^

warning: unused imports: `export_shir_raw` and `export_shir`
  --> cli/src/lib.rs:66:17
   |
66 |     export_mir, export_shir, interactive_mode, lex_input, parse_backticks_to_perl, parse_file,
   |                 ^^^^^^^^^^^
67 |     parse_file_to_estree, parse_file_to_perl, parse_file_to_shir, export_shir_raw, parse_shir_json_to_estree, parse_shir_json_to_per...
   |                                                                   ^^^^^^^^^^^^^^^

warning: unused variable: `operation_handle`
  --> cli/src/testing.rs:30:9
   |
30 |     let operation_handle = std::thread::spawn(move || {
   |         ^^^^^^^^^^^^^^^^ help: if this is intentional, prefix it with an underscore: `_operation_handle`
   |
   = note: `#[warn(unused_variables)]` (part of `#[warn(unused)]`) on by default

warning: variable does not need to be mutable
    --> cli/src/testing.rs:1505:9
     |
1505 |     let mut should_break = false;
     |         ----^^^^^^^^^^^^
     |         |
     |         help: remove this `mut`
     |
     = note: `#[warn(unused_mut)]` (part of `#[warn(unused)]`) on by default

warning: unused variable: `overall_start`
    --> cli/src/testing.rs:1755:9
     |
1755 |     let overall_start = std::time::Instant::now();
     |         ^^^^^^^^^^^^^ help: if this is intentional, prefix it with an underscore: `_overall_start`

warning: unused variable: `test_loop_start`
    --> cli/src/testing.rs:1814:9
     |
1814 |     let test_loop_start = std::time::Instant::now();
     |         ^^^^^^^^^^^^^^^ help: if this is intentional, prefix it with an underscore: `_test_loop_start`

warning: variable `should_break` is assigned to, but never used
    --> cli/src/testing.rs:1818:9
     |
1818 |     let mut should_break = false;
     |         ^^^^^^^^^^^^^^^^
     |
     = note: consider using `_should_break` instead

warning: value assigned to `should_break` is never read
    --> cli/src/testing.rs:1893:17
     |
1893 |                 should_break = true;
     |                 ^^^^^^^^^^^^^^^^^^^
     |
     = help: maybe it is overwritten before being read?
     = note: `#[warn(unused_assignments)]` (part of `#[warn(unused)]`) on by default

warning: unused variable: `operation_handle`
   --> cli/src/timeout_manager.rs:161:13
    |
161 |         let operation_handle = thread::spawn(move || {
    |             ^^^^^^^^^^^^^^^^ help: if this is intentional, prefix it with an underscore: `_operation_handle`

warning: unused variable: `operation_handle`
   --> cli/src/timeout_manager.rs:221:13
    |
221 |         let operation_handle = thread::spawn(move || {
    |             ^^^^^^^^^^^^^^^^ help: if this is intentional, prefix it with an underscore: `_operation_handle`

warning: variable `ast_options` is assigned to, but never used
   --> cli/src/lib.rs:278:9
    |
278 |     let mut ast_options = AstFormatOptions::default();
    |         ^^^^^^^^^^^^^^^
    |
    = note: consider using `_ast_options` instead

warning: variable `output_lineno` is assigned to, but never used
   --> cli/src/lib.rs:723:21
    |
723 |                 let mut output_lineno = false;
    |                     ^^^^^^^^^^^^^^^^^
    |
    = note: consider using `_output_lineno` instead

warning: variable `output_lineno` is assigned to, but never used
   --> cli/src/lib.rs:848:17
    |
848 |             let mut output_lineno = false;
    |                 ^^^^^^^^^^^^^^^^^
    |
    = note: consider using `_output_lineno` instead

warning: unused variable: `e`
    --> cli/src/lib.rs:1227:33
     |
1227 | ...                   Err(e) => {
     |                           ^ help: if this is intentional, prefix it with an underscore: `_e`

warning: value assigned to `ast_options` is never read
   --> cli/src/lib.rs:301:17
    |
301 |                 ast_options.compact = false;
    |                 ^^^^^^^^^^^^^^^^^^^^^^^^^^^
    |
    = help: maybe it is overwritten before being read?

warning: value assigned to `ast_options` is never read
   --> cli/src/lib.rs:302:17
    |
302 |                 ast_options.indent = true;
    |                 ^^^^^^^^^^^^^^^^^^^^^^^^^
    |
    = help: maybe it is overwritten before being read?

warning: value assigned to `ast_options` is never read
   --> cli/src/lib.rs:303:17
    |
303 |                 ast_options.newlines = true;
    |                 ^^^^^^^^^^^^^^^^^^^^^^^^^^^
    |
    = help: maybe it is overwritten before being read?

warning: value assigned to `ast_options` is never read
   --> cli/src/lib.rs:306:17
    |
306 |                 ast_options.compact = true;
    |                 ^^^^^^^^^^^^^^^^^^^^^^^^^^
    |
    = help: maybe it is overwritten before being read?

warning: value assigned to `ast_options` is never read
   --> cli/src/lib.rs:307:17
    |
307 |                 ast_options.indent = false;
    |                 ^^^^^^^^^^^^^^^^^^^^^^^^^^
    |
    = help: maybe it is overwritten before being read?

warning: value assigned to `ast_options` is never read
   --> cli/src/lib.rs:308:17
    |
308 |                 ast_options.newlines = false;
    |                 ^^^^^^^^^^^^^^^^^^^^^^^^^^^^
    |
    = help: maybe it is overwritten before being read?

warning: value assigned to `ast_options` is never read
   --> cli/src/lib.rs:311:17
    |
311 |                 ast_options.indent = true;
    |                 ^^^^^^^^^^^^^^^^^^^^^^^^^
    |
    = help: maybe it is overwritten before being read?

warning: value assigned to `ast_options` is never read
   --> cli/src/lib.rs:314:17
    |
314 |                 ast_options.indent = false;
    |                 ^^^^^^^^^^^^^^^^^^^^^^^^^^
    |
    = help: maybe it is overwritten before being read?

warning: value assigned to `ast_options` is never read
   --> cli/src/lib.rs:317:17
    |
317 |                 ast_options.newlines = true;
    |                 ^^^^^^^^^^^^^^^^^^^^^^^^^^^
    |
    = help: maybe it is overwritten before being read?

warning: value assigned to `ast_options` is never read
   --> cli/src/lib.rs:320:17
    |
320 |                 ast_options.newlines = false;
    |                 ^^^^^^^^^^^^^^^^^^^^^^^^^^^^
    |
    = help: maybe it is overwritten before being read?

warning: value assigned to `output_lineno` is never read
   --> cli/src/lib.rs:730:21
    |
730 |                     output_lineno = true;
    |                     ^^^^^^^^^^^^^^^^^^^^
    |
    = help: maybe it is overwritten before being read?

warning: value assigned to `output_lineno` is never read
   --> cli/src/lib.rs:855:17
    |
855 |                 output_lineno = true;
    |                 ^^^^^^^^^^^^^^^^^^^^
    |
    = help: maybe it is overwritten before being read?

warning: field `src` is never read
   --> cli/src/bc_native.rs:191:5
    |
188 | struct BcParser<'a> {
    |        -------- field in this struct
...
191 |     src: &'a str,
    |     ^^^
    |
    = note: `#[warn(dead_code)]` (part of `#[warn(unused)]`) on by default

warning: function `extract_core_perl_logic` is never used
   --> cli/src/cli_commands.rs:304:4
    |
304 | fn extract_core_perl_logic(perl_code: &str) -> String {
    |    ^^^^^^^^^^^^^^^^^^^^^^^

warning: function `extract_preamble_and_core` is never used
   --> cli/src/cli_commands.rs:334:4
    |
334 | fn extract_preamble_and_core(perl_code: &str) -> (String, String) {
    |    ^^^^^^^^^^^^^^^^^^^^^^^^^

warning: function `with_timeout` is never used
  --> cli/src/testing.rs:24:4
   |
24 | fn with_timeout<F, T>(timeout_secs: u64, operation: F) -> Result<T, String>
   |    ^^^^^^^^^^^^

warning: `debashcl` (lib) generated 34 warnings (run `cargo fix --lib -p debashcl` to apply 12 suggestions)
    Finished `dev` profile [unoptimized + debuginfo] target(s) in 0.24s
warning: unused import: `HashMap`
 --> src/ast.rs:1:34
  |
1 | use std::collections::{BTreeMap, HashMap};
  |                                  ^^^^^^^
  |
  = note: `#[warn(unused_imports)]` (part of `#[warn(unused)]`) on by default

warning: unused import: `HashMap`
  --> src/parser/commands.rs:13:34
   |
13 | use std::collections::{BTreeMap, HashMap};
   |                                  ^^^^^^^

warning: unused import: `Token`
    --> src/parser/commands.rs:3555:31
     |
3555 |     use crate::lexer::{Lexer, Token};
     |                               ^^^^^

warning: unused import: `HashMap`
 --> src/parser/control_flow.rs:7:34
  |
7 | use std::collections::{BTreeMap, HashMap};
  |                                  ^^^^^^^

warning: unused imports: `BTreeMap` and `HashMap`
 --> src/parser/redirects.rs:7:24
  |
7 | use std::collections::{BTreeMap, HashMap};
  |                        ^^^^^^^^  ^^^^^^^

warning: unused import: `HashMap`
 --> src/parser/words.rs:7:34
  |
7 | use std::collections::{BTreeMap, HashMap};
  |                                  ^^^^^^^

warning: unused import: `BTreeMap`
  --> src/estree.rs:21:24
   |
21 | use std::collections::{BTreeMap, HashMap, HashSet};
   |                        ^^^^^^^^

warning: unexpected `cfg` condition value: `no-brace-fix`
    --> src/ir.rs:1105:14
     |
1105 |     if !cfg!(feature = "no-brace-fix") {
     |              ^^^^^^^^^^^^^^^^^^^^^^^^
     |
     = note: expected values for `feature` are: `default` and `wasi-lib`
     = help: consider adding `no-brace-fix` as a feature in `Cargo.toml`
     = note: see <https://doc.rust-lang.org/nightly/rustc/check-cfg/cargo-specifics.html> for more information about checking conditional configuration
     = note: `#[warn(unexpected_cfgs)]` on by default

warning: unused import: `BTreeSet`
    --> src/shir.rs:4170:38
     |
4170 |     use std::collections::{BTreeMap, BTreeSet};
     |                                      ^^^^^^^^

warning: unused import: `std::borrow::Cow`
    --> src/shir.rs:4441:9
     |
4441 |     use std::borrow::Cow;
     |         ^^^^^^^^^^^^^^^^

warning: unused import: `super::*`
     --> src/shir.rs:36022:9
      |
36022 |     use super::*;
      |         ^^^^^^^^
      |
help: if this is a test module, consider adding a `#[cfg(test)]` to the containing module
     --> src/shir.rs:36021:1
      |
36021 | mod clobber_redirect_tests {
      | ^^^^^^^^^^^^^^^^^^^^^^^^^^

warning: unused import: `StrStyle`
  --> src/transforms/arith_forms.rs:28:69
   |
28 | use crate::ir::{ArithAst, AssignTarget, InterpPart, IrExpr, IrStmt, StrStyle};
   |                                                                     ^^^^^^^^

warning: unused import: `Sigil`
 --> src/generator/commands/pipeline_commands.rs:6:61
  |
6 | use crate::ir::{expr_to_perl, stmt_to_perl, IrExpr, IrStmt, Sigil};
  |                                                             ^^^^^

warning: unused import: `extract_array_key_impl`
 --> src/generator/commands/simple_commands.rs:2:31
  |
2 | use crate::generator::utils::{extract_array_key_impl, get_temp_dir};
  |                               ^^^^^^^^^^^^^^^^^^^^^^

warning: unused import: `HashMap`
 --> src/generator/commands/simple_commands.rs:5:34
  |
5 | use std::collections::{BTreeMap, HashMap};
  |                                  ^^^^^^^

warning: unnecessary parentheses around `if` condition
  --> src/generator/commands/perl.rs:24:12
   |
24 |         if (i + 4 <= bytes.len() && &bytes[i..i + 4] == b"open") {
   |            ^                                                   ^
   |
   = note: `#[warn(unused_parens)]` (part of `#[warn(unused)]`) on by default
help: remove these parentheses
   |
24 -         if (i + 4 <= bytes.len() && &bytes[i..i + 4] == b"open") {
24 +         if i + 4 <= bytes.len() && &bytes[i..i + 4] == b"open"  {
   |

warning: unused import: `std::collections::HashMap`
 --> src/generator/redirects.rs:5:5
  |
5 | use std::collections::HashMap;
  |     ^^^^^^^^^^^^^^^^^^^^^^^^^

warning: unused import: `crate::ir::expr_to_perl`
 --> src/generator/utils.rs:3:5
  |
3 | use crate::ir::expr_to_perl;
  |     ^^^^^^^^^^^^^^^^^^^^^^^

warning: unnecessary parentheses around block return value
    --> src/go_backend.rs:2458:21
     |
2458 |                     (Some((n.to_string(), true)))
     |                     ^                           ^
     |
help: remove these parentheses
     |
2458 -                     (Some((n.to_string(), true)))
2458 +                     Some((n.to_string(), true))
     |

warning: unnecessary parentheses around `if` condition
    --> src/sh_backend.rs:2146:36
     |
2146 | ...                   if (fl == "-P" || fl == "--perl-regexp") {
     |                          ^                                   ^
     |
help: remove these parentheses
     |
2146 -                                 if (fl == "-P" || fl == "--perl-regexp") {
2146 +                                 if fl == "-P" || fl == "--perl-regexp" {
     |

warning: unused imports: `IrRedirect` and `IrSub`
  --> src/glsl_backend.rs:42:65
   |
42 |     ArithAst, BinOpKind, Decl, IrCaseClause, IrExpr, IrProgram, IrRedirect, IrStmt, IrSub,
   |                                                                 ^^^^^^^^^^          ^^^^^

warning: unreachable pattern
   --> src/ast_words.rs:337:29
    |
270 | ...                   ParameterExpansionOperator::ZshFlags(flags, pat) => {
    |                       ------------------------------------------------ matches all the relevant values
...
337 | ...                   ParameterExpansionOperator::ZshFlags(flags, sep) => match sep {
    |                       ^^^^^^^^^^^^^^^^^^^^^^^^^^^^^^^^^^^^^^^^^^^^^^^^ no value can reach this
    |
    = note: `#[warn(unreachable_patterns)]` (part of `#[warn(unused)]`) on by default

warning: unreachable pattern
   --> src/ast_words.rs:518:17
    |
474 |                 ParameterExpansionOperator::ZshFlags(flags, pat) => {
    |                 ------------------------------------------------ matches all the relevant values
...
518 |                 ParameterExpansionOperator::ZshFlags(flags, sep) => match sep {
    |                 ^^^^^^^^^^^^^^^^^^^^^^^^^^^^^^^^^^^^^^^^^^^^^^^^ no value can reach this

warning: unreachable pattern
   --> src/ast_words.rs:648:29
    |
581 | ...                   ParameterExpansionOperator::ZshFlags(flags, pat) => {
    |                       ------------------------------------------------ matches all the relevant values
...
648 | ...                   ParameterExpansionOperator::ZshFlags(flags, sep) => match sep {
    |                       ^^^^^^^^^^^^^^^^^^^^^^^^^^^^^^^^^^^^^^^^^^^^^^^^ no value can reach this

warning: unused variable: `brace_depth`
   --> src/lexer.rs:931:49
    |
931 |     pub fn handle_comment_with_brace(&mut self, brace_depth: usize) -> Result<String, ParserError> {
    |                                                 ^^^^^^^^^^^ help: if this is intentional, prefix it with an underscore: `_brace_depth`
    |
    = note: `#[warn(unused_variables)]` (part of `#[warn(unused)]`) on by default

warning: unused variable: `input`
    --> src/lexer.rs:1599:31
     |
1599 |     pub fn fix_split_comments(input: &str, tokens: &mut Vec<(Token, usize, usize)>) {
     |                               ^^^^^ help: if this is intentional, prefix it with an underscore: `_input`

warning: variable `line_start` is assigned to, but never used
  --> src/parser/commands.rs:79:13
   |
79 |         let mut line_start = 0usize;
   |             ^^^^^^^^^^^^^^
   |
   = note: consider using `_line_start` instead

warning: value assigned to `newline_count` is never read
  --> src/parser/commands.rs:61:33
   |
61 |         let mut newline_count = 0;
   |                                 ^
   |
   = help: maybe it is overwritten before being read?
   = note: `#[warn(unused_assignments)]` (part of `#[warn(unused)]`) on by default

warning: value assigned to `newline_count` is never read
  --> src/parser/commands.rs:68:21
   |
68 |                     newline_count += 1;
   |                     ^^^^^^^^^^^^^^^^^^
   |
   = help: maybe it is overwritten before being read?

warning: value assigned to `line_start` is never read
  --> src/parser/commands.rs:91:17
   |
91 |                 line_start = commands.len();
   |                 ^^^^^^^^^^^^^^^^^^^^^^^^^^^
   |
   = help: maybe it is overwritten before being read?

warning: value assigned to `line_start` is never read
   --> src/parser/commands.rs:118:25
    |
118 |                         line_start = commands.len() + 1;
    |                         ^^^^^^^^^^^^^^^^^^^^^^^^^^^^^^^
    |
    = help: maybe it is overwritten before being read?

warning: value assigned to `line_start` is never read
   --> src/parser/commands.rs:150:25
    |
150 |                         line_start = commands.len();
    |                         ^^^^^^^^^^^^^^^^^^^^^^^^^^^
    |
    = help: maybe it is overwritten before being read?

warning: unused variable: `start_byte_pos`
   --> src/parser/commands.rs:891:13
    |
891 |             start_byte_pos: usize,
    |             ^^^^^^^^^^^^^^ help: if this is intentional, prefix it with an underscore: `_start_byte_pos`

warning: unused variable: `parser`
   --> src/parser/commands.rs:892:13
    |
892 |             parser: &Parser,
    |             ^^^^^^ help: if this is intentional, prefix it with an underscore: `_parser`

warning: variable does not need to be mutable
    --> src/parser/commands.rs:2166:25
     |
2166 |                     let mut inner = match *redir.command {
     |                         ----^^^^^
     |                         |
     |                         help: remove this `mut`
     |
     = note: `#[warn(unused_mut)]` (part of `#[warn(unused)]`) on by default

warning: value assigned to `brace_depth` is never read
    --> src/parser/commands.rs:2747:37
     |
2747 | ...                   brace_depth = 0;
     |                       ^^^^^^^^^^^^^^^
     |
     = help: maybe it is overwritten before being read?

warning: variable does not need to be mutable
    --> src/parser/commands.rs:3534:9
     |
3534 |     let mut lexer = Lexer::new(text);
     |         ----^^^^^
     |         |
     |         help: remove this `mut`

warning: variable does not need to be mutable
    --> src/parser/commands.rs:3558:9
     |
3558 |     let mut lexer = Lexer::new(text);
     |         ----^^^^^
     |         |
     |         help: remove this `mut`

warning: unused variable: `sq_text`
   --> src/parser/control_flow.rs:454:37
    |
454 | ...                   let sq_text = parser.lexer.get_raw_token_text()?;
    |                           ^^^^^^^ help: if this is intentional, prefix it with an underscore: `_sq_text`

warning: unused variable: `quote_char`
   --> src/parser/redirects.rs:236:25
    |
236 |                     let quote_char = if truncated.ends_with('\'') { '\'' } else { '"' };
    |                         ^^^^^^^^^^ help: if this is intentional, prefix it with an underscore: `_quote_char`

warning: unused variable: `start_pos`
  --> src/parser/utilities.rs:66:13
   |
66 |         let start_pos = self.current;
   |             ^^^^^^^^^ help: if this is intentional, prefix it with an underscore: `_start_pos`

warning: value assigned to `delim_str` is never read
   --> src/parser/utilities.rs:233:41
    |
233 |                     let mut delim_str = String::new();
    |                                         ^^^^^^^^^^^^^
    |
    = help: maybe it is overwritten before being read?

warning: value assigned to `delim_str` is never read
   --> src/parser/utilities.rs:241:29
    |
241 | ...                   delim_str = text.to_string();
    |                       ^^^^^^^^^
    |
    = help: maybe it is overwritten before being read?

warning: unreachable pattern
  --> src/parser/words.rs:92:9
   |
84 |         Word::Arithmetic(a, _) => Some(vec![StringPart::Arithmetic(a)]),
   |         ---------------------- matches all the relevant values
...
92 |         Word::Arithmetic(a, _) => Some(vec![StringPart::Arithmetic(a)]),
   |         ^^^^^^^^^^^^^^^^^^^^^^ no value can reach this

warning: unreachable pattern
   --> src/parser/words.rs:459:15
    |
457 |             | Some(Token::Colon)
    |               ------------------ matches all the relevant values
458 |             | Some(Token::Star)
459 |             | Some(Token::Colon)
    |               ^^^^^^^^^^^^^^^^^^ no value can reach this

warning: unreachable pattern
   --> src/parser/words.rs:462:15
    |
457 |             | Some(Token::Colon)
    |               ------------------ matches all the relevant values
...
462 |             | Some(Token::Colon)
    |               ^^^^^^^^^^^^^^^^^^ no value can reach this

warning: unreachable pattern
   --> src/parser/words.rs:465:15
    |
457 |             | Some(Token::Colon)
    |               ------------------ matches all the relevant values
...
465 |             | Some(Token::Colon)
    |               ^^^^^^^^^^^^^^^^^^ no value can reach this

warning: unreachable pattern
   --> src/parser/words.rs:468:15
    |
457 |             | Some(Token::Colon)
    |               ------------------ matches all the relevant values
...
468 |             | Some(Token::Colon)
    |               ^^^^^^^^^^^^^^^^^^ no value can reach this

warning: unreachable pattern
   --> src/parser/words.rs:471:15
    |
457 |             | Some(Token::Colon)
    |               ------------------ matches all the relevant values
...
471 |             | Some(Token::Colon)
    |               ^^^^^^^^^^^^^^^^^^ no value can reach this

warning: unreachable pattern
   --> src/parser/words.rs:474:15
    |
457 |             | Some(Token::Colon)
    |               ------------------ matches all the relevant values
...
474 |             | Some(Token::Colon)
    |               ^^^^^^^^^^^^^^^^^^ no value can reach this

warning: unreachable pattern
   --> src/parser/words.rs:477:15
    |
457 |             | Some(Token::Colon)
    |               ------------------ matches all the relevant values
...
477 |             | Some(Token::Colon)
    |               ^^^^^^^^^^^^^^^^^^ no value can reach this

warning: unreachable pattern
   --> src/parser/words.rs:480:15
    |
457 |             | Some(Token::Colon)
    |               ------------------ matches all the relevant values
...
480 |             | Some(Token::Colon)
    |               ^^^^^^^^^^^^^^^^^^ no value can reach this

warning: unreachable pattern
   --> src/parser/words.rs:483:15
    |
457 |             | Some(Token::Colon)
    |               ------------------ matches all the relevant values
...
483 |             | Some(Token::Colon)
    |               ^^^^^^^^^^^^^^^^^^ no value can reach this

warning: unreachable pattern
   --> src/parser/words.rs:486:15
    |
457 |             | Some(Token::Colon)
    |               ------------------ matches all the relevant values
...
486 |             | Some(Token::Colon)
    |               ^^^^^^^^^^^^^^^^^^ no value can reach this

warning: unreachable pattern
   --> src/parser/words.rs:489:15
    |
457 |             | Some(Token::Colon)
    |               ------------------ matches all the relevant values
...
489 |             | Some(Token::Colon)
    |               ^^^^^^^^^^^^^^^^^^ no value can reach this

warning: unreachable pattern
   --> src/parser/words.rs:492:15
    |
457 |             | Some(Token::Colon)
    |               ------------------ matches all the relevant values
...
492 |             | Some(Token::Colon)
    |               ^^^^^^^^^^^^^^^^^^ no value can reach this

warning: unreachable pattern
   --> src/parser/words.rs:495:15
    |
457 |             | Some(Token::Colon)
    |               ------------------ matches all the relevant values
...
495 |             | Some(Token::Colon)
    |               ^^^^^^^^^^^^^^^^^^ no value can reach this

warning: unreachable pattern
   --> src/parser/words.rs:498:15
    |
457 |             | Some(Token::Colon)
    |               ------------------ matches all the relevant values
...
498 |             | Some(Token::Colon)
    |               ^^^^^^^^^^^^^^^^^^ no value can reach this

warning: unreachable pattern
   --> src/parser/words.rs:501:15
    |
457 |             | Some(Token::Colon)
    |               ------------------ matches all the relevant values
...
501 |             | Some(Token::Colon)
    |               ^^^^^^^^^^^^^^^^^^ no value can reach this

warning: unreachable pattern
   --> src/parser/words.rs:504:15
    |
457 |             | Some(Token::Colon)
    |               ------------------ matches all the relevant values
...
504 |             | Some(Token::Colon)
    |               ^^^^^^^^^^^^^^^^^^ no value can reach this

warning: unreachable pattern
   --> src/parser/words.rs:507:15
    |
457 |             | Some(Token::Colon)
    |               ------------------ matches all the relevant values
...
507 |             | Some(Token::Colon)
    |               ^^^^^^^^^^^^^^^^^^ no value can reach this

warning: unreachable pattern
   --> src/parser/words.rs:510:15
    |
457 |             | Some(Token::Colon)
    |               ------------------ matches all the relevant values
...
510 |             | Some(Token::Colon)
    |               ^^^^^^^^^^^^^^^^^^ no value can reach this

warning: unreachable pattern
   --> src/parser/words.rs:513:15
    |
457 |             | Some(Token::Colon)
    |               ------------------ matches all the relevant values
...
513 |             | Some(Token::Colon)
    |               ^^^^^^^^^^^^^^^^^^ no value can reach this

warning: unreachable pattern
   --> src/parser/words.rs:554:19
    |
552 |                 | Some(Token::Colon)
    |                   ------------------ matches all the relevant values
553 |                 | Some(Token::Star)
554 |                 | Some(Token::Colon)
    |                   ^^^^^^^^^^^^^^^^^^ no value can reach this

warning: unreachable pattern
   --> src/parser/words.rs:557:19
    |
552 |                 | Some(Token::Colon)
    |                   ------------------ matches all the relevant values
...
557 |                 | Some(Token::Colon)
    |                   ^^^^^^^^^^^^^^^^^^ no value can reach this

warning: unreachable pattern
   --> src/parser/words.rs:560:19
    |
552 |                 | Some(Token::Colon)
    |                   ------------------ matches all the relevant values
...
560 |                 | Some(Token::Colon)
    |                   ^^^^^^^^^^^^^^^^^^ no value can reach this

warning: unreachable pattern
   --> src/parser/words.rs:563:19
    |
552 |                 | Some(Token::Colon)
    |                   ------------------ matches all the relevant values
...
563 |                 | Some(Token::Colon)
    |                   ^^^^^^^^^^^^^^^^^^ no value can reach this

warning: unreachable pattern
   --> src/parser/words.rs:566:19
    |
552 |                 | Some(Token::Colon)
    |                   ------------------ matches all the relevant values
...
566 |                 | Some(Token::Colon)
    |                   ^^^^^^^^^^^^^^^^^^ no value can reach this

warning: unreachable pattern
   --> src/parser/words.rs:569:19
    |
552 |                 | Some(Token::Colon)
    |                   ------------------ matches all the relevant values
...
569 |                 | Some(Token::Colon)
    |                   ^^^^^^^^^^^^^^^^^^ no value can reach this

warning: unreachable pattern
   --> src/parser/words.rs:572:19
    |
552 |                 | Some(Token::Colon)
    |                   ------------------ matches all the relevant values
...
572 |                 | Some(Token::Colon)
    |                   ^^^^^^^^^^^^^^^^^^ no value can reach this

warning: unreachable pattern
   --> src/parser/words.rs:575:19
    |
552 |                 | Some(Token::Colon)
    |                   ------------------ matches all the relevant values
...
575 |                 | Some(Token::Colon)
    |                   ^^^^^^^^^^^^^^^^^^ no value can reach this

warning: unreachable pattern
   --> src/parser/words.rs:578:19
    |
552 |                 | Some(Token::Colon)
    |                   ------------------ matches all the relevant values
...
578 |                 | Some(Token::Colon)
    |                   ^^^^^^^^^^^^^^^^^^ no value can reach this

warning: unreachable pattern
   --> src/parser/words.rs:581:19
    |
552 |                 | Some(Token::Colon)
    |                   ------------------ matches all the relevant values
...
581 |                 | Some(Token::Colon)
    |                   ^^^^^^^^^^^^^^^^^^ no value can reach this

warning: unreachable pattern
   --> src/parser/words.rs:584:19
    |
552 |                 | Some(Token::Colon)
    |                   ------------------ matches all the relevant values
...
584 |                 | Some(Token::Colon)
    |                   ^^^^^^^^^^^^^^^^^^ no value can reach this

warning: unreachable pattern
   --> src/parser/words.rs:587:19
    |
552 |                 | Some(Token::Colon)
    |                   ------------------ matches all the relevant values
...
587 |                 | Some(Token::Colon)
    |                   ^^^^^^^^^^^^^^^^^^ no value can reach this

warning: unreachable pattern
   --> src/parser/words.rs:590:19
    |
552 |                 | Some(Token::Colon)
    |                   ------------------ matches all the relevant values
...
590 |                 | Some(Token::Colon)
    |                   ^^^^^^^^^^^^^^^^^^ no value can reach this

warning: unreachable pattern
   --> src/parser/words.rs:593:19
    |
552 |                 | Some(Token::Colon)
    |                   ------------------ matches all the relevant values
...
593 |                 | Some(Token::Colon)
    |                   ^^^^^^^^^^^^^^^^^^ no value can reach this

warning: unreachable pattern
   --> src/parser/words.rs:596:19
    |
552 |                 | Some(Token::Colon)
    |                   ------------------ matches all the relevant values
...
596 |                 | Some(Token::Colon)
    |                   ^^^^^^^^^^^^^^^^^^ no value can reach this

warning: unreachable pattern
   --> src/parser/words.rs:599:19
    |
552 |                 | Some(Token::Colon)
    |                   ------------------ matches all the relevant values
...
599 |                 | Some(Token::Colon)
    |                   ^^^^^^^^^^^^^^^^^^ no value can reach this

warning: unreachable pattern
   --> src/parser/words.rs:602:19
    |
552 |                 | Some(Token::Colon)
    |                   ------------------ matches all the relevant values
...
602 |                 | Some(Token::Colon)
    |                   ^^^^^^^^^^^^^^^^^^ no value can reach this

warning: unreachable pattern
   --> src/parser/words.rs:605:19
    |
552 |                 | Some(Token::Colon)
    |                   ------------------ matches all the relevant values
...
605 |                 | Some(Token::Colon)
    |                   ^^^^^^^^^^^^^^^^^^ no value can reach this

warning: unreachable pattern
   --> src/parser/words.rs:608:19
    |
552 |                 | Some(Token::Colon)
    |                   ------------------ matches all the relevant values
...
608 |                 | Some(Token::Colon)
    |                   ^^^^^^^^^^^^^^^^^^ no value can reach this

warning: unreachable pattern
    --> src/parser/words.rs:1331:15
     |
1329 |             | Some(Token::Colon)
     |               ------------------ matches all the relevant values
1330 |             | Some(Token::Star)
1331 |             | Some(Token::Colon)
     |               ^^^^^^^^^^^^^^^^^^ no value can reach this

warning: unreachable pattern
    --> src/parser/words.rs:1334:15
     |
1329 |             | Some(Token::Colon)
     |               ------------------ matches all the relevant values
...
1334 |             | Some(Token::Colon)
     |               ^^^^^^^^^^^^^^^^^^ no value can reach this

warning: unreachable pattern
    --> src/parser/words.rs:1337:15
     |
1329 |             | Some(Token::Colon)
     |               ------------------ matches all the relevant values
...
1337 |             | Some(Token::Colon)
     |               ^^^^^^^^^^^^^^^^^^ no value can reach this

warning: unreachable pattern
    --> src/parser/words.rs:1340:15
     |
1329 |             | Some(Token::Colon)
     |               ------------------ matches all the relevant values
...
1340 |             | Some(Token::Colon)
     |               ^^^^^^^^^^^^^^^^^^ no value can reach this

warning: unreachable pattern
    --> src/parser/words.rs:1343:15
     |
1329 |             | Some(Token::Colon)
     |               ------------------ matches all the relevant values
...
1343 |             | Some(Token::Colon)
     |               ^^^^^^^^^^^^^^^^^^ no value can reach this

warning: unreachable pattern
    --> src/parser/words.rs:1346:15
     |
1329 |             | Some(Token::Colon)
     |               ------------------ matches all the relevant values
...
1346 |             | Some(Token::Colon)
     |               ^^^^^^^^^^^^^^^^^^ no value can reach this

warning: unreachable pattern
    --> src/parser/words.rs:1349:15
     |
1329 |             | Some(Token::Colon)
     |               ------------------ matches all the relevant values
...
1349 |             | Some(Token::Colon)
     |               ^^^^^^^^^^^^^^^^^^ no value can reach this

warning: unreachable pattern
    --> src/parser/words.rs:1352:15
     |
1329 |             | Some(Token::Colon)
     |               ------------------ matches all the relevant values
...
1352 |             | Some(Token::Colon)
     |               ^^^^^^^^^^^^^^^^^^ no value can reach this

warning: unreachable pattern
    --> src/parser/words.rs:1355:15
     |
1329 |             | Some(Token::Colon)
     |               ------------------ matches all the relevant values
...
1355 |             | Some(Token::Colon)
     |               ^^^^^^^^^^^^^^^^^^ no value can reach this

warning: unreachable pattern
    --> src/parser/words.rs:1358:15
     |
1329 |             | Some(Token::Colon)
     |               ------------------ matches all the relevant values
...
1358 |             | Some(Token::Colon)
     |               ^^^^^^^^^^^^^^^^^^ no value can reach this

warning: unreachable pattern
    --> src/parser/words.rs:1361:15
     |
1329 |             | Some(Token::Colon)
     |               ------------------ matches all the relevant values
...
1361 |             | Some(Token::Colon)
     |               ^^^^^^^^^^^^^^^^^^ no value can reach this

warning: unreachable pattern
    --> src/parser/words.rs:1364:15
     |
1329 |             | Some(Token::Colon)
     |               ------------------ matches all the relevant values
...
1364 |             | Some(Token::Colon)
     |               ^^^^^^^^^^^^^^^^^^ no value can reach this

warning: unreachable pattern
    --> src/parser/words.rs:1367:15
     |
1329 |             | Some(Token::Colon)
     |               ------------------ matches all the relevant values
...
1367 |             | Some(Token::Colon)
     |               ^^^^^^^^^^^^^^^^^^ no value can reach this

warning: unreachable pattern
    --> src/parser/words.rs:1370:15
     |
1329 |             | Some(Token::Colon)
     |               ------------------ matches all the relevant values
...
1370 |             | Some(Token::Colon)
     |               ^^^^^^^^^^^^^^^^^^ no value can reach this

warning: unreachable pattern
    --> src/parser/words.rs:1373:15
     |
1329 |             | Some(Token::Colon)
     |               ------------------ matches all the relevant values
...
1373 |             | Some(Token::Colon)
     |               ^^^^^^^^^^^^^^^^^^ no value can reach this

warning: unreachable pattern
    --> src/parser/words.rs:1376:15
     |
1329 |             | Some(Token::Colon)
     |               ------------------ matches all the relevant values
...
1376 |             | Some(Token::Colon)
     |               ^^^^^^^^^^^^^^^^^^ no value can reach this

warning: unreachable pattern
    --> src/parser/words.rs:1379:15
     |
1329 |             | Some(Token::Colon)
     |               ------------------ matches all the relevant values
...
1379 |             | Some(Token::Colon)
     |               ^^^^^^^^^^^^^^^^^^ no value can reach this

warning: unreachable pattern
    --> src/parser/words.rs:1382:15
     |
1329 |             | Some(Token::Colon)
     |               ------------------ matches all the relevant values
...
1382 |             | Some(Token::Colon)
     |               ^^^^^^^^^^^^^^^^^^ no value can reach this

warning: unreachable pattern
    --> src/parser/words.rs:1385:15
     |
1329 |             | Some(Token::Colon)
     |               ------------------ matches all the relevant values
...
1385 |             | Some(Token::Colon)
     |               ^^^^^^^^^^^^^^^^^^ no value can reach this

warning: unreachable pattern
    --> src/parser/words.rs:1426:19
     |
1424 |                 | Some(Token::Colon)
     |                   ------------------ matches all the relevant values
1425 |                 | Some(Token::Star)
1426 |                 | Some(Token::Colon)
     |                   ^^^^^^^^^^^^^^^^^^ no value can reach this

warning: unreachable pattern
    --> src/parser/words.rs:1429:19
     |
1424 |                 | Some(Token::Colon)
     |                   ------------------ matches all the relevant values
...
1429 |                 | Some(Token::Colon)
     |                   ^^^^^^^^^^^^^^^^^^ no value can reach this

warning: unreachable pattern
    --> src/parser/words.rs:1432:19
     |
1424 |                 | Some(Token::Colon)
     |                   ------------------ matches all the relevant values
...
1432 |                 | Some(Token::Colon)
     |                   ^^^^^^^^^^^^^^^^^^ no value can reach this

warning: unreachable pattern
    --> src/parser/words.rs:1435:19
     |
1424 |                 | Some(Token::Colon)
     |                   ------------------ matches all the relevant values
...
1435 |                 | Some(Token::Colon)
     |                   ^^^^^^^^^^^^^^^^^^ no value can reach this

warning: unreachable pattern
    --> src/parser/words.rs:1438:19
     |
1424 |                 | Some(Token::Colon)
     |                   ------------------ matches all the relevant values
...
1438 |                 | Some(Token::Colon)
     |                   ^^^^^^^^^^^^^^^^^^ no value can reach this

warning: unreachable pattern
    --> src/parser/words.rs:1441:19
     |
1424 |                 | Some(Token::Colon)
     |                   ------------------ matches all the relevant values
...
1441 |                 | Some(Token::Colon)
     |                   ^^^^^^^^^^^^^^^^^^ no value can reach this

warning: unreachable pattern
    --> src/parser/words.rs:1444:19
     |
1424 |                 | Some(Token::Colon)
     |                   ------------------ matches all the relevant values
...
1444 |                 | Some(Token::Colon)
     |                   ^^^^^^^^^^^^^^^^^^ no value can reach this

warning: unreachable pattern
    --> src/parser/words.rs:1447:19
     |
1424 |                 | Some(Token::Colon)
     |                   ------------------ matches all the relevant values
...
1447 |                 | Some(Token::Colon)
     |                   ^^^^^^^^^^^^^^^^^^ no value can reach this

warning: unreachable pattern
    --> src/parser/words.rs:1450:19
     |
1424 |                 | Some(Token::Colon)
     |                   ------------------ matches all the relevant values
...
1450 |                 | Some(Token::Colon)
     |                   ^^^^^^^^^^^^^^^^^^ no value can reach this

warning: unreachable pattern
    --> src/parser/words.rs:1453:19
     |
1424 |                 | Some(Token::Colon)
     |                   ------------------ matches all the relevant values
...
1453 |                 | Some(Token::Colon)
     |                   ^^^^^^^^^^^^^^^^^^ no value can reach this

warning: unreachable pattern
    --> src/parser/words.rs:1456:19
     |
1424 |                 | Some(Token::Colon)
     |                   ------------------ matches all the relevant values
...
1456 |                 | Some(Token::Colon)
     |                   ^^^^^^^^^^^^^^^^^^ no value can reach this

warning: unreachable pattern
    --> src/parser/words.rs:1459:19
     |
1424 |                 | Some(Token::Colon)
     |                   ------------------ matches all the relevant values
...
1459 |                 | Some(Token::Colon)
     |                   ^^^^^^^^^^^^^^^^^^ no value can reach this

warning: unreachable pattern
    --> src/parser/words.rs:1462:19
     |
1424 |                 | Some(Token::Colon)
     |                   ------------------ matches all the relevant values
...
1462 |                 | Some(Token::Colon)
     |                   ^^^^^^^^^^^^^^^^^^ no value can reach this

warning: unreachable pattern
    --> src/parser/words.rs:1465:19
     |
1424 |                 | Some(Token::Colon)
     |                   ------------------ matches all the relevant values
...
1465 |                 | Some(Token::Colon)
     |                   ^^^^^^^^^^^^^^^^^^ no value can reach this

warning: unreachable pattern
    --> src/parser/words.rs:1468:19
     |
1424 |                 | Some(Token::Colon)
     |                   ------------------ matches all the relevant values
...
1468 |                 | Some(Token::Colon)
     |                   ^^^^^^^^^^^^^^^^^^ no value can reach this

warning: unreachable pattern
    --> src/parser/words.rs:1471:19
     |
1424 |                 | Some(Token::Colon)
     |                   ------------------ matches all the relevant values
...
1471 |                 | Some(Token::Colon)
     |                   ^^^^^^^^^^^^^^^^^^ no value can reach this

warning: unreachable pattern
    --> src/parser/words.rs:1474:19
     |
1424 |                 | Some(Token::Colon)
     |                   ------------------ matches all the relevant values
...
1474 |                 | Some(Token::Colon)
     |                   ^^^^^^^^^^^^^^^^^^ no value can reach this

warning: unreachable pattern
    --> src/parser/words.rs:1477:19
     |
1424 |                 | Some(Token::Colon)
     |                   ------------------ matches all the relevant values
...
1477 |                 | Some(Token::Colon)
     |                   ^^^^^^^^^^^^^^^^^^ no value can reach this

warning: unreachable pattern
    --> src/parser/words.rs:1480:19
     |
1424 |                 | Some(Token::Colon)
     |                   ------------------ matches all the relevant values
...
1480 |                 | Some(Token::Colon)
     |                   ^^^^^^^^^^^^^^^^^^ no value can reach this

warning: unused variable: `first`
    --> src/parser/words.rs:2346:25
     |
2346 |                     let first = text.chars().next().unwrap_or(' ');
     |                         ^^^^^ help: if this is intentional, prefix it with an underscore: `_first`

warning: unused variable: `label`
   --> src/estree.rs:376:32
    |
376 |         Stmt::BreakStatement { label } if in_arrow && !in_switch => Stmt::ExpressionStatement {
    |                                ^^^^^ help: try ignoring the field: `label: _`

warning: unused variable: `label`
   --> src/estree.rs:379:35
    |
379 |         Stmt::ContinueStatement { label } if in_arrow && !in_switch => Stmt::ExpressionStatement {
    |                                   ^^^^^ help: try ignoring the field: `label: _`

warning: unused variable: `target`
    --> src/estree.rs:1479:17
     |
1479 |             let target = args.get(1).and_then(lit_str).unwrap_or("");
     |                 ^^^^^^ help: if this is intentional, prefix it with an underscore: `_target`

warning: unused variable: `right`
    --> src/estree.rs:5084:75
     |
5084 | ...                   if let Expr::AssignmentExpression { left, right, .. } = x {
     |                                                                 ^^^^^ help: try ignoring the field: `right: _`

warning: value assigned to `idx` is never read
    --> src/estree.rs:4661:23
     |
4661 |         let mut idx = 0usize;
     |                       ^^^^^^
     |
     = help: maybe it is overwritten before being read?

warning: unused variable: `f`
    --> src/estree.rs:5568:19
     |
5568 |     fn build_expr(f: &FnInfo, args: Vec<Expr>, prog_body: &mut Vec<Stmt>) -> Expr {
     |                   ^ help: if this is intentional, prefix it with an underscore: `_f`

warning: unused variable: `args`
    --> src/estree.rs:5568:31
     |
5568 |     fn build_expr(f: &FnInfo, args: Vec<Expr>, prog_body: &mut Vec<Stmt>) -> Expr {
     |                               ^^^^ help: if this is intentional, prefix it with an underscore: `_args`

warning: unused variable: `prog_body`
    --> src/estree.rs:5568:48
     |
5568 |     fn build_expr(f: &FnInfo, args: Vec<Expr>, prog_body: &mut Vec<Stmt>) -> Expr {
     |                                                ^^^^^^^^^ help: if this is intentional, prefix it with an underscore: `_prog_body`

warning: unused variable: `stmt_pos`
    --> src/estree.rs:5849:84
     |
5849 |     fn recurse_expr(e: &mut Expr, fns: &std::collections::HashMap<String, FnInfo>, stmt_pos: bool) {
     |                                                                                    ^^^^^^^^ help: if this is intentional, prefix it with an underscore: `_stmt_pos`

warning: unused variable: `op`
    --> src/ir.rs:1606:41
     |
1606 | ...                   let op = match r.mode.as_str() {
     |                           ^^ help: if this is intentional, prefix it with an underscore: `_op`

warning: unreachable pattern
    --> src/ir.rs:2805:16
     |
2799 |         "/" => format!(
     |         --- matches all the relevant values
...
2805 |         "//" | "/" => {
     |                ^^^ no value can reach this

warning: variable does not need to be mutable
    --> src/ir.rs:4217:25
     |
4217 |                     let mut val = eq.1.to_string();
     |                         ----^^^
     |                         |
     |                         help: remove this `mut`

warning: unused variable: `left`
    --> src/shir.rs:2955:32
     |
2955 |         Stmt::ForOfStatement { left, right, body } => {
     |                                ^^^^ help: try ignoring the field: `left: _`

warning: unused variable: `func`
    --> src/shir.rs:3168:45
     |
3168 |                 IrStmt::Expr(IrExpr::Call { func, args }) => {
     |                                             ^^^^ help: try ignoring the field: `func: _`

warning: unreachable pattern
    --> src/shir.rs:6755:11
     |
6602 |         IrStmt::Declare { vars, init, .. } => {
     |         ---------------------------------- matches all the relevant values
...
6755 |         | IrStmt::Declare { .. }
     |           ^^^^^^^^^^^^^^^^^^^^^^ no value can reach this

warning: unreachable pattern
    --> src/shir.rs:7399:9
     |
7399 |         other => IrStmt::Expr(call("unsupported", vec![st(&format!("{other:?}"))])),
     |         ^^^^^ no value can reach this
     |
note: multiple earlier patterns match some of the same values
    --> src/shir.rs:7399:9
     |
7221 |         Command::BlankLine => return None,
     |         ------------------ matches some of the same values
7222 |         Command::TestExpression(t) => {
     |         -------------------------- matches some of the same values
...
7234 |         Command::Simple(sc) => exec_stmt(&sc.name, &sc.args, &sc.env_vars, &sc.redirects),
     |         ------------------- matches some of the same values
7235 |         Command::BuiltinCommand(bc) => exec_stmt(
     |         --------------------------- matches some of the same values
...
7399 |         other => IrStmt::Expr(call("unsupported", vec![st(&format!("{other:?}"))])),
     |         ^^^^^ ...and 20 other patterns collectively make this unreachable

warning: unused variable: `cmd`
    --> src/shir.rs:7972:52
     |
7972 |         RedirectOperator::ProcessSubstitutionInput(cmd) => ("process-in", 0),
     |                                                    ^^^ help: if this is intentional, prefix it with an underscore: `_cmd`

warning: unused variable: `cmd`
    --> src/shir.rs:7973:53
     |
7973 |         RedirectOperator::ProcessSubstitutionOutput(cmd) => ("process-out", 1),
     |                                                     ^^^ help: if this is intentional, prefix it with an underscore: `_cmd`

warning: unreachable pattern
    --> src/shir.rs:8477:9
     |
8477 |         other => call("unsupported", vec![st(&other.to_string())]),
     |         ^^^^^ no value can reach this
     |
note: multiple earlier patterns match some of the same values
    --> src/shir.rs:8477:9
     |
8429 |         Word::Literal(s, ann) => st(&shell_quote_removal(s, ann.is_some())),
     |         --------------------- matches some of the same values
8430 |         Word::Variable(name, _, _) => call("getVar", vec![st(name)]),
     |         -------------------------- matches some of the same values
8431 |         Word::CommandSubstitution(cmd, _) => match cmdsub_arith_expr(cmd) {
     |         --------------------------------- matches some of the same values
...
8441 |         Word::ParameterExpansion(pe, _) => param_ir(pe),
     |         ------------------------------- matches some of the same values
...
8477 |         other => call("unsupported", vec![st(&other.to_string())]),
     |         ^^^^^ ...and 8 other patterns collectively make this unreachable

warning: unreachable pattern
    --> src/shir.rs:9002:9
     |
9002 |         other => call("unsupported", vec![st(&format!("{other:?}"))]),
     |         ^^^^^ no value can reach this
     |
note: multiple earlier patterns match some of the same values
    --> src/shir.rs:9002:9
     |
8945 |         StringPart::Literal(_) => unreachable!("Literal parts handled in interpolate_ir"),
     |         ---------------------- matches some of the same values
8946 |         StringPart::Variable(name) => call("getVar", vec![st(name)]),
     |         -------------------------- matches some of the same values
8947 |         StringPart::ParameterExpansion(pe) => {
     |         ---------------------------------- matches some of the same values
...
8966 |         StringPart::Arithmetic(ae) => match parse_arith_native(&ae.expression) {
     |         -------------------------- matches some of the same values
...
9002 |         other => call("unsupported", vec![st(&format!("{other:?}"))]),
     |         ^^^^^ ...and 5 other patterns collectively make this unreachable

warning: value assigned to `two` is never read
    --> src/shir.rs:9293:31
     |
9293 |                 let mut two = false;
     |                               ^^^^^
     |
     = help: maybe it is overwritten before being read?

warning: unused variable: `var`
     --> src/shir.rs:13294:27
      |
13294 |             IrStmt::For { var, iter, body } => {
      |                           ^^^ help: try ignoring the field: `var: _`

warning: unused variable: `elsifs`
     --> src/shir.rs:16638:13
      |
16638 |             elsifs,
      |             ^^^^^^ help: try ignoring the field: `elsifs: _`

warning: unused variable: `status`
     --> src/shir.rs:20140:9
      |
20140 |     let status = |exit: i64| Expr::AssignmentExpression {
      |         ^^^^^^ help: if this is intentional, prefix it with an underscore: `_status`

warning: unreachable pattern
     --> src/shir.rs:23660:9
      |
23639 |         [IrExpr::Str(sa, _), IrExpr::Str(sb, _)] => match (sa.as_str(), sb.as_str()) {
      |         ---------------------------------------- matches all the relevant values
...
23660 |         [IrExpr::Str(flag, _), IrExpr::Str(set, _)] if flag == "-d" => {
      |         ^^^^^^^^^^^^^^^^^^^^^^^^^^^^^^^^^^^^^^^^^^^ no value can reach this

warning: unused variable: `var`
     --> src/shir.rs:28708:23
      |
28708 |         IrStmt::For { var, iter, body } => {
      |                       ^^^ help: try ignoring the field: `var: _`

warning: variable does not need to be mutable
     --> src/shir.rs:32896:29
      |
32896 |                         let mut exprs: Vec<Expr> = mapped_args
      |                             ----^^^^^
      |                             |
      |                             help: remove this `mut`

warning: variable does not need to be mutable
  --> src/transforms/arith_forms.rs:43:9
   |
43 |     let mut c = match st {
   |         ----^
   |         |
   |         help: remove this `mut`

warning: variable does not need to be mutable
   --> src/transforms/arith_forms.rs:242:9
    |
242 |     let mut recursed = transform_expr(e);
    |         ----^^^^^^^^
    |         |
    |         help: remove this `mut`

warning: variable does not need to be mutable
   --> src/transforms/process_subst.rs:436:13
    |
436 |         let mut exec_part = out;
    |             ----^^^^^^^^^
    |             |
    |             help: remove this `mut`

warning: value assigned to `saw_dot` is never read
   --> src/bc.rs:106:21
    |
106 |                     saw_dot = true;
    |                     ^^^^^^^^^^^^^^
    |
    = help: maybe it is overwritten before being read?

warning: unreachable pattern
    --> src/generator/commands/builtins.rs:1235:9
     |
 862 |         "hostname" => {
     |         ---------- matches all the relevant values
...
1235 |         "hostname" => {
     |         ^^^^^^^^^^ no value can reach this

warning: unused variable: `command_str`
   --> src/generator/commands/builtins.rs:651:25
    |
651 |                     let command_str = generator.generate_command_string_for_system(&command);
    |                         ^^^^^^^^^^^ help: if this is intentional, prefix it with an underscore: `_command_str`

warning: variable does not need to be mutable
   --> src/generator/commands/command_dispatcher.rs:826:29
    |
826 |                         let mut lines: Vec<&str> = specific_output.rsplitn(2, '\n').collect();
    |                             ----^^^^^
    |                             |
    |                             help: remove this `mut`

warning: unused variable: `mode`
    --> src/generator/commands/command_dispatcher.rs:1006:42
     |
1006 | ...                   if let Some((ref mode, ref target)) = output_redirect_target {
     |                                    ^^^^^^^^ help: if this is intentional, prefix it with an underscore: `_mode`

warning: unused variable: `target`
    --> src/generator/commands/command_dispatcher.rs:1006:52
     |
1006 | ...                   if let Some((ref mode, ref target)) = output_redirect_target {
     |                                              ^^^^^^^^^^ help: if this is intentional, prefix it with an underscore: `_target`

warning: value assigned to `stderr_scope_opened` is never read
    --> src/generator/commands/command_dispatcher.rs:1021:33
     |
1021 | ...                   stderr_scope_opened = false;
     |                       ^^^^^^^^^^^^^^^^^^^^^^^^^^^
     |
     = help: maybe it is overwritten before being read?

warning: unused variable: `cmd2`
   --> src/generator/commands/pipeline_commands.rs:732:66
    |
732 |         if let (Command::Redirect(redirect_cmd), Command::Simple(cmd2)) =
    |                                                                  ^^^^ help: if this is intentional, prefix it with an underscore: `_cmd2`

warning: unused variable: `unique_id`
   --> src/generator/commands/pipeline_commands.rs:847:9
    |
847 |     let unique_id = generator.get_unique_id();
    |         ^^^^^^^^^ help: if this is intentional, prefix it with an underscore: `_unique_id`

warning: variable `head_max` is assigned to, but never used
    --> src/generator/commands/pipeline_commands.rs:1158:21
     |
1158 |                 let mut head_max = 10; // Default value
     |                     ^^^^^^^^^^^^
     |
     = note: consider using `_head_max` instead

warning: unused variable: `i`
    --> src/generator/commands/pipeline_commands.rs:1221:22
     |
1221 |                 for (i, command) in pipeline.commands[start_index..].iter().enumerate() {
     |                      ^ help: if this is intentional, prefix it with an underscore: `_i`

warning: unused variable: `j`
    --> src/generator/commands/pipeline_commands.rs:1241:34
     |
1241 | ...                   for (j, nested_command) in nested_pipeline.commands.iter().enumerate() {
     |                            ^ help: if this is intentional, prefix it with an underscore: `_j`

warning: value assigned to `head_max` is never read
    --> src/generator/commands/pipeline_commands.rs:1182:49
     |
1182 | ...                   head_max = num;
     |                       ^^^^^^^^^^^^^^
     |
     = help: maybe it is overwritten before being read?

warning: value assigned to `head_max` is never read
    --> src/generator/commands/pipeline_commands.rs:1177:53
     |
1177 | ...                   head_max = num;
     |                       ^^^^^^^^^^^^^^
     |
     = help: maybe it is overwritten before being read?

warning: value assigned to `head_max` is never read
    --> src/generator/commands/pipeline_commands.rs:1170:53
     |
1170 | ...                   head_max = num;
     |                       ^^^^^^^^^^^^^^
     |
     = help: maybe it is overwritten before being read?

warning: unused variable: `cmd_str`
   --> src/generator/commands/simple_commands.rs:424:21
    |
424 |                 let cmd_str = if generator.current_pipeline_output_id().is_none() {
    |                     ^^^^^^^ help: if this is intentional, prefix it with an underscore: `_cmd_str`

warning: unused variable: `i`
  --> src/generator/commands/system_commands.rs:11:21
   |
11 |     while let Some((i, ch)) = chars.next() {
   |                     ^ help: if this is intentional, prefix it with an underscore: `_i`

warning: unused variable: `l_mode`
  --> src/generator/commands/cmp.rs:94:10
   |
94 |     let (l_mode, b_mode, s_mode) = if verbose {
   |          ^^^^^^ help: if this is intentional, prefix it with an underscore: `_l_mode`

warning: unused variable: `b_mode`
  --> src/generator/commands/cmp.rs:94:18
   |
94 |     let (l_mode, b_mode, s_mode) = if verbose {
   |                  ^^^^^^ help: if this is intentional, prefix it with an underscore: `_b_mode`

warning: unused variable: `input_var`
 --> src/generator/commands/comm.rs:7:5
  |
7 |     input_var: &str,
  |     ^^^^^^^^^ help: if this is intentional, prefix it with an underscore: `_input_var`

warning: variable `force` is assigned to, but never used
  --> src/generator/commands/cp.rs:20:9
   |
20 |     let mut force = false;
   |         ^^^^^^^^^
   |
   = note: consider using `_force` instead

warning: variable `preserve` is assigned to, but never used
  --> src/generator/commands/cp.rs:21:9
   |
21 |     let mut preserve = false;
   |         ^^^^^^^^^^^^
   |
   = note: consider using `_preserve` instead

warning: value assigned to `force` is never read
  --> src/generator/commands/cp.rs:33:28
   |
33 |                     'f' => force = true,
   |                            ^^^^^^^^^^^^
   |
   = help: maybe it is overwritten before being read?

warning: value assigned to `preserve` is never read
  --> src/generator/commands/cp.rs:34:28
   |
34 |                     'p' => preserve = true,
   |                            ^^^^^^^^^^^^^^^
   |
   = help: maybe it is overwritten before being read?

warning: unused variable: `in_var`
   --> src/generator/commands/echo.rs:732:18
    |
732 |             let (in_var, out_var, _err_var, pid_var, result_var) = generator.get_unique_ipc_vars();
    |                  ^^^^^^ help: if this is intentional, prefix it with an underscore: `_in_var`

warning: unused variable: `out_var`
   --> src/generator/commands/echo.rs:732:26
    |
732 |             let (in_var, out_var, _err_var, pid_var, result_var) = generator.get_unique_ipc_vars();
    |                          ^^^^^^^ help: if this is intentional, prefix it with an underscore: `_out_var`

warning: unused variable: `pid_var`
   --> src/generator/commands/echo.rs:732:45
    |
732 |             let (in_var, out_var, _err_var, pid_var, result_var) = generator.get_unique_ipc_vars();
    |                                             ^^^^^^^ help: if this is intentional, prefix it with an underscore: `_pid_var`

warning: unused variable: `result_var`
   --> src/generator/commands/echo.rs:732:54
    |
732 |             let (in_var, out_var, _err_var, pid_var, result_var) = generator.get_unique_ipc_vars();
    |                                                      ^^^^^^^^^^ help: if this is intentional, prefix it with an underscore: `_result_var`

warning: unused variable: `cmd_lit`
   --> src/generator/commands/echo.rs:734:17
    |
734 |             let cmd_lit = generator.perl_string_literal_no_interp(&Word::literal(cmd_str));
    |                 ^^^^^^^ help: if this is intentional, prefix it with an underscore: `_cmd_lit`

warning: unused variable: `all_found_var`
   --> src/generator/commands/ls.rs:525:13
    |
525 |         let all_found_var = format!("ls_all_found_{}", generator.get_unique_id());
    |             ^^^^^^^^^^^^^ help: if this is intentional, prefix it with an underscore: `_all_found_var`

warning: unused variable: `all_found_var`
   --> src/generator/commands/ls.rs:526:13
    |
526 |         let all_found_var = format!("ls_all_found_{}", generator.get_unique_id());
    |             ^^^^^^^^^^^^^ help: if this is intentional, prefix it with an underscore: `_all_found_var`

warning: unused variable: `all_found_var`
   --> src/generator/commands/ls.rs:527:13
    |
527 |         let all_found_var = format!("ls_all_found_{}", generator.get_unique_id());
    |             ^^^^^^^^^^^^^ help: if this is intentional, prefix it with an underscore: `_all_found_var`

warning: variable `sort_by_time` is assigned to, but never used
   --> src/generator/commands/ls.rs:814:9
    |
814 |     let mut sort_by_time = false; // -t flag: sort by modification time
    |         ^^^^^^^^^^^^^^^^
    |
    = note: consider using `_sort_by_time` instead

warning: value assigned to `sort_by_time` is never read
   --> src/generator/commands/ls.rs:828:32
    |
828 |                         't' => sort_by_time = true,   // -t flag: sort by modification time
    |                                ^^^^^^^^^^^^^^^^^^^
    |
    = help: maybe it is overwritten before being read?

warning: unused variable: `cmd_string`
   --> src/generator/commands/paste.rs:327:17
    |
327 |             let cmd_string = generator
    |                 ^^^^^^^^^^ help: if this is intentional, prefix it with an underscore: `_cmd_string`

warning: unused variable: `i`
   --> src/generator/commands/perl.rs:201:18
    |
201 |             for (i, arg) in cmd.args.iter().enumerate() {
    |                  ^ help: if this is intentional, prefix it with an underscore: `_i`

warning: unused variable: `command_index`
  --> src/generator/commands/wc.rs:24:5
   |
24 |     command_index: &str,
   |     ^^^^^^^^^^^^^ help: if this is intentional, prefix it with an underscore: `_command_index`

warning: variable does not need to be mutable
  --> src/generator/control_flow.rs:72:17
   |
72 |             let mut cond = generator.generate_command(inner);
   |                 ----^^^^
   |                 |
   |                 help: remove this `mut`

warning: variable does not need to be mutable
  --> src/generator/control_flow.rs:85:17
   |
85 |             let mut cond = generator.generate_command(&if_stmt.condition);
   |                 ----^^^^
   |                 |
   |                 help: remove this `mut`

warning: unused variable: `saved_output_len`
    --> src/generator/control_flow.rs:1410:9
     |
1410 |     let saved_output_len = output.len();
     |         ^^^^^^^^^^^^^^^^ help: if this is intentional, prefix it with an underscore: `_saved_output_len`

warning: variable `in_string` is assigned to, but never used
    --> src/generator/control_flow.rs:1536:9
     |
1536 |     let mut in_string = false;
     |         ^^^^^^^^^^^^^
     |
     = note: consider using `_in_string` instead

warning: unused variable: `i`
    --> src/generator/control_flow.rs:1543:21
     |
1543 |     while let Some((i, ch)) = chars.next() {
     |                     ^ help: if this is intentional, prefix it with an underscore: `_i`

warning: value assigned to `in_string` is never read
    --> src/generator/control_flow.rs:1558:17
     |
1558 |                 in_string = false;
     |                 ^^^^^^^^^^^^^^^^^
     |
     = help: maybe it is overwritten before being read?

warning: variable does not need to be mutable
    --> src/generator/control_flow.rs:1919:21
     |
1919 |                 let mut c = generator.generate_command(cmd);
     |                     ----^
     |                     |
     |                     help: remove this `mut`

warning: unused variable: `escaped_handler`
    --> src/generator/redirects.rs:1644:25
     |
1644 |                     let escaped_handler = handler.replace("'", "'\\''");
     |                         ^^^^^^^^^^^^^^^ help: if this is intentional, prefix it with an underscore: `_escaped_handler`

warning: variable does not need to be mutable
    --> src/generator/test_expressions.rs:1054:17
     |
1054 |             let mut qx_expr = inner.to_string();
     |                 ----^^^^^^^
     |                 |
     |                 help: remove this `mut`

warning: unused variable: `cmd`
    --> src/generator/test_expressions.rs:1526:39
     |
1526 |             Word::CommandSubstitution(cmd, _) => {
     |                                       ^^^ help: if this is intentional, prefix it with an underscore: `_cmd`

warning: unused variable: `literal`
   --> src/generator/utils.rs:601:59
    |
601 | ...                   Word::Literal(literal, _) => {
    |                                     ^^^^^^^ help: if this is intentional, prefix it with an underscore: `_literal`

warning: unused variable: `err_var`
   --> src/generator/utils.rs:751:43
    |
751 |                     let (in_var, out_var, err_var, pid_var, result_var) =
    |                                           ^^^^^^^ help: if this is intentional, prefix it with an underscore: `_err_var`

warning: unused variable: `err_var`
   --> src/generator/words.rs:385:27
    |
385 |     let (in_var, out_var, err_var, pid_var, _result_var) = generator.get_unique_ipc_vars();
    |                           ^^^^^^^ help: if this is intentional, prefix it with an underscore: `_err_var`

warning: unused variable: `pid_var`
   --> src/generator/words.rs:385:36
    |
385 |     let (in_var, out_var, err_var, pid_var, _result_var) = generator.get_unique_ipc_vars();
    |                                    ^^^^^^^ help: if this is intentional, prefix it with an underscore: `_pid_var`

warning: variable does not need to be mutable
    --> src/generator/words.rs:1566:37
     |
1566 | ...                   let mut code = format!(
     |                           ----^^^^
     |                           |
     |                           help: remove this `mut`

warning: unused variable: `literal`
    --> src/generator/words.rs:1336:59
     |
1336 | ...                   Word::Literal(literal, _) => {
     |                                     ^^^^^^^ help: if this is intentional, prefix it with an underscore: `_literal`

warning: unused variable: `cmd_name`
   --> src/generator/words.rs:830:25
    |
830 |                     let cmd_name = generator.word_to_perl(&simple_cmd.name);
    |                         ^^^^^^^^ help: if this is intentional, prefix it with an underscore: `_cmd_name`

warning: unused variable: `indent1`
    --> src/generator/words.rs:1733:33
     |
1733 | ...                   let indent1 = "    ".to_string(); // 4 spaces for outer do block
     |                           ^^^^^^^ help: if this is intentional, prefix it with an underscore: `_indent1`

warning: unused variable: `indent1`
    --> src/generator/words.rs:1774:33
     |
1774 | ...                   let indent1 = "    ".to_string();
     |                           ^^^^^^^ help: if this is intentional, prefix it with an underscore: `_indent1`

warning: unused variable: `indent1`
    --> src/generator/words.rs:1815:33
     |
1815 | ...                   let indent1 = "    ".to_string();
     |                           ^^^^^^^ help: if this is intentional, prefix it with an underscore: `_indent1`

warning: unused variable: `indent1`
    --> src/generator/words.rs:1850:33
     |
1850 | ...                   let indent1 = "    ".to_string();
     |                           ^^^^^^^ help: if this is intentional, prefix it with an underscore: `_indent1`

warning: unused variable: `indent1`
    --> src/generator/words.rs:1889:33
     |
1889 | ...                   let indent1 = "    ".to_string();
     |                           ^^^^^^^ help: if this is intentional, prefix it with an underscore: `_indent1`

warning: unused variable: `s`
    --> src/generator/words.rs:2711:23
     |
2711 |         Word::Literal(s, _) => generator.perl_string_literal(word),
     |                       ^ help: if this is intentional, prefix it with an underscore: `_s`

warning: variable does not need to be mutable
    --> src/generator/words.rs:2751:9
     |
2751 |     let mut raw_items: Vec<Vec<String>> = expansion
     |         ----^^^^^^^^^
     |         |
     |         help: remove this `mut`

warning: unused variable: `full_match`
    --> src/generator/words.rs:3547:21
     |
3547 |                 let full_match = result[i..end].to_string();
     |                     ^^^^^^^^^^ help: if this is intentional, prefix it with an underscore: `_full_match`

warning: unused variable: `needs_exit_code`
   --> src/generator/mod.rs:312:13
    |
312 |         let needs_exit_code = self.needs_exit_code_tracking(ast);
    |             ^^^^^^^^^^^^^^^ help: if this is intentional, prefix it with an underscore: `_needs_exit_code`

warning: unused variable: `needs_file_find`
   --> src/generator/mod.rs:313:13
    |
313 |         let needs_file_find = self.needs_file_find_import(ast);
    |             ^^^^^^^^^^^^^^^ help: if this is intentional, prefix it with an underscore: `_needs_file_find`

warning: unused variable: `array_re`
   --> src/generator/mod.rs:891:21
    |
891 |                 let array_re = regex::Regex::new(r"\$\{([a-zA-Z_][a-zA-Z0-9_]*)\[").unwrap();
    |                     ^^^^^^^^ help: if this is intentional, prefix it with an underscore: `_array_re`

warning: value assigned to `decl_lines` is never read
    --> src/c_backend.rs:1364:43
     |
1364 |         let mut decl_lines: Vec<String> = Vec::new();
     |                                           ^^^^^^^^^^
     |
     = help: maybe it is overwritten before being read?

warning: unreachable pattern
    --> src/c_backend.rs:4042:13
     |
3878 |             "arith" => match Self::str_arg(args, 0) {
     |             ------- matches all the relevant values
...
4042 |             "arith" => match Self::str_arg(args, 0) {
     |             ^^^^^^^ no value can reach this

warning: unused variable: `b`
    --> src/c_backend.rs:3860:33
     |
3860 |                     if let Some(b) = self.buf_bound(&name) {
     |                                 ^ help: if this is intentional, prefix it with an underscore: `_b`

warning: value assigned to `fn_out` is never read
    --> src/c_backend.rs:5887:26
     |
5887 |         let mut fn_out = Vec::new();
     |                          ^^^^^^^^^^
     |
     = help: maybe it is overwritten before being read?

warning: unused variable: `lraw`
    --> src/go_backend.rs:2318:9
     |
2318 |         lraw: &str,
     |         ^^^^ help: if this is intentional, prefix it with an underscore: `_lraw`

warning: unused variable: `m`
    --> src/go_backend.rs:2748:25
     |
2748 |                     let m = self.go_ident(v);
     |                         ^ help: if this is intentional, prefix it with an underscore: `_m`

warning: unreachable pattern
    --> src/go_backend.rs:3661:13
     |
3661 |             "eval" | "source" | "." | "command" | "type" | "exec" | "readonly" => {
     |             ^^^^^^^^^^^^^^^^^^^^^^^^^^^^^^^^^^^^^^^^^^^^^^^^^^^^^^^^^^^^^^^^^^ no value can reach this
     |
note: multiple earlier patterns match some of the same values
    --> src/go_backend.rs:3661:13
     |
3564 |             "eval" => {
     |             ------ matches some of the same values
...
3578 |             "source" | "." => {
     |             -------------- matches some of the same values
...
3597 |             "command" | "type" => {
     |             ------------------ matches some of the same values
...
3624 |             "exec" => {
     |             ------ matches some of the same values
...
3661 |             "eval" | "source" | "." | "command" | "type" | "exec" | "readonly" => {
     |             ^^^^^^^^^^^^^^^^^^^^^^^^^^^^^^^^^^^^^^^^^^^^^^^^^^^^^^^^^^^^^^^^^^ ...and 1 other patterns collectively make this unreachable

warning: variable does not need to be mutable
    --> src/go_backend.rs:3776:25
     |
3776 |                     let mut value = arg[eq + 1..].to_string();
     |                         ----^^^^^
     |                         |
     |                         help: remove this `mut`

warning: unused variable: `start`
    --> src/go_backend.rs:4763:13
     |
4763 |         let start = i;
     |             ^^^^^ help: if this is intentional, prefix it with an underscore: `_start`

warning: unused variable: `r`
    --> src/go_backend.rs:4930:36
     |
4930 | fn numify(e: String, is_num: bool, r: &mut Render) -> String {
     |                                    ^ help: if this is intentional, prefix it with an underscore: `_r`

warning: unused variable: `m`
    --> src/js_backend.rs:1841:25
     |
1841 |             if let Some(m) = &e.match_expr {
     |                         ^ help: if this is intentional, prefix it with an underscore: `_m`

warning: unreachable pattern
    --> src/js_backend.rs:2265:9
     |
2238 |         ArithAst::Num(_) => {}
     |         ---------------- matches all the relevant values
...
2265 |         ArithAst::Num(_) => {}
     |         ^^^^^^^^^^^^^^^^ no value can reach this

warning: unused variable: `re_l`
    --> src/perl_backend.rs:1519:25
     |
1519 |                     let re_l = glob_to_regex(raw_l, true);
     |                         ^^^^ help: if this is intentional, prefix it with an underscore: `_re_l`

warning: unused variable: `a`
    --> src/perl_backend.rs:1628:57
     |
1628 |                     let len_raw = args.get(3).and_then(|a| Self::str_arg(args, 3));
     |                                                         ^ help: if this is intentional, prefix it with an underscore: `_a`

warning: unused variable: `a`
    --> src/perl_backend.rs:1627:57
     |
1627 |                     let off_raw = args.get(2).and_then(|a| Self::str_arg(args, 2));
     |                                                         ^ help: if this is intentional, prefix it with an underscore: `_a`

warning: variable does not need to be mutable
    --> src/perl_backend.rs:2129:21
     |
2129 |                 let mut saved = self.in_func;
     |                     ----^^^^^
     |                     |
     |                     help: remove this `mut`

warning: unused variable: `args`
    --> src/perl_backend.rs:1946:45
     |
1946 |                 if let IrExpr::Call { func, args } = expr {
     |                                             ^^^^ help: try ignoring the field: `args: _`

warning: variable does not need to be mutable
    --> src/perl_backend.rs:2274:13
     |
2274 |         let mut saved = self.in_func;
     |             ----^^^^^
     |             |
     |             help: remove this `mut`

warning: unused variable: `has_range`
    --> src/perl_backend.rs:2455:9
     |
2455 |     let has_range = items
     |         ^^^^^^^^^ help: if this is intentional, prefix it with an underscore: `_has_range`

warning: unused variable: `i`
   --> src/rust_backend.rs:298:14
    |
298 |         for (i, c) in name.chars().enumerate() {
    |              ^ help: if this is intentional, prefix it with an underscore: `_i`

warning: unreachable pattern
    --> src/rust_backend.rs:1202:13
     |
1202 |             _ => {
     |             ^ no value can reach this
     |
note: multiple earlier patterns match some of the same values
    --> src/rust_backend.rs:1202:13
     |
1117 |             ArithAst::Num(n) => n.to_string(),
     |             ---------------- matches some of the same values
1118 |             ArithAst::Var(name) | ArithAst::Ident(name) => self.getvar_num(name),
     |             ------------------------------------------- matches some of the same values
1119 |             ArithAst::Index { var, key } => {
     |             ---------------------------- matches some of the same values
...
1132 |             ArithAst::Bin { op, lhs, rhs } => {
     |             ------------------------------ matches some of the same values
...
1202 |             _ => {
     |             ^ ...and 6 other patterns collectively make this unreachable

warning: unused variable: `m`
    --> src/rust_backend.rs:1191:21
     |
1191 |                 let m = self.tls(var);
     |                     ^ help: if this is intentional, prefix it with an underscore: `_m`

warning: unused variable: `text`
    --> src/rust_backend.rs:1521:21
     |
1521 |                 let text = self.cmd_text(&words, None);
     |                     ^^^^ help: if this is intentional, prefix it with an underscore: `_text`

warning: variable does not need to be mutable
    --> src/rust_backend.rs:1668:21
     |
1668 |                 let mut saved = std::mem::take(&mut self.out);
     |                     ----^^^^^
     |                     |
     |                     help: remove this `mut`

warning: value assigned to `found` is never read
    --> src/rust_backend.rs:2926:17
     |
2926 |                 found = true;
     |                 ^^^^^^^^^^^^
     |
     = help: maybe it is overwritten before being read?

warning: variable does not need to be mutable
    --> src/rust_backend.rs:2963:13
     |
2963 |         let mut saved = std::mem::take(&mut self.out);
     |             ----^^^^^
     |             |
     |             help: remove this `mut`

warning: variable does not need to be mutable
    --> src/rust_backend.rs:3088:21
     |
3088 |                 let mut saved = std::mem::take(&mut self.out);
     |                     ----^^^^^
     |                     |
     |                     help: remove this `mut`

warning: variable does not need to be mutable
    --> src/rust_backend.rs:3143:13
     |
3143 |         let mut saved = std::mem::take(&mut self.out);
     |             ----^^^^^
     |             |
     |             help: remove this `mut`

warning: variable does not need to be mutable
    --> src/rust_backend.rs:3180:13
     |
3180 |         let mut saved = std::mem::take(&mut self.out);
     |             ----^^^^^
     |             |
     |             help: remove this `mut`

warning: variable does not need to be mutable
    --> src/rust_backend.rs:3225:13
     |
3225 |         let mut saved = std::mem::take(&mut self.out);
     |             ----^^^^^
     |             |
     |             help: remove this `mut`

warning: variable does not need to be mutable
    --> src/rust_backend.rs:3293:13
     |
3293 |         let mut saved = std::mem::take(&mut self.out);
     |             ----^^^^^
     |             |
     |             help: remove this `mut`

warning: variable does not need to be mutable
    --> src/rust_backend.rs:3337:13
     |
3337 |         let mut saved = std::mem::take(&mut self.out);
     |             ----^^^^^
     |             |
     |             help: remove this `mut`

warning: variable does not need to be mutable
    --> src/rust_backend.rs:3354:13
     |
3354 |         let mut saved = std::mem::take(&mut self.out);
     |             ----^^^^^
     |             |
     |             help: remove this `mut`

warning: variable does not need to be mutable
    --> src/rust_backend.rs:3717:17
     |
3717 |             let mut saved = std::mem::take(&mut self.out);
     |                 ----^^^^^
     |                 |
     |                 help: remove this `mut`

warning: unused variable: `off_num`
    --> src/rust_backend.rs:3978:13
     |
3978 |         let off_num = matches!(args.get(2), Some(IrExpr::Str(s, _)) if !s.is_empty() && s.chars().all(|c| c.is_ascii_digit()));
     |             ^^^^^^^ help: if this is intentional, prefix it with an underscore: `_off_num`

warning: variable does not need to be mutable
    --> src/rust_backend.rs:4376:13
     |
4376 |         let mut saved = std::mem::take(&mut self.out);
     |             ----^^^^^
     |             |
     |             help: remove this `mut`

warning: variable does not need to be mutable
    --> src/rust_backend.rs:4880:25
     |
4880 |                     let mut pats: Vec<String> = c
     |                         ----^^^^
     |                         |
     |                         help: remove this `mut`

warning: variable does not need to be mutable
    --> src/rust_backend.rs:4957:21
     |
4957 |                 let mut full = text;
     |                     ----^^^^
     |                     |
     |                     help: remove this `mut`

warning: variable does not need to be mutable
    --> src/rust_backend.rs:5080:13
     |
5080 |         let mut saved = std::mem::take(&mut self.out);
     |             ----^^^^^
     |             |
     |             help: remove this `mut`

warning: unreachable pattern
    --> src/rust_backend.rs:6544:13
     |
6472 |             [IrStmt::Expr(e)] => {
     |             ----------------- matches all the relevant values
...
6544 |             [IrStmt::Expr(IrExpr::BinOp { op, lhs, rhs })] => {
     |             ^^^^^^^^^^^^^^^^^^^^^^^^^^^^^^^^^^^^^^^^^^^^^^ no value can reach this

warning: unreachable pattern
    --> src/rust_backend.rs:8282:13
     |
8271 |             IrStmt::Expr(e) => collect_arrays_expr(e, arrays, assoc),
     |             --------------- matches all the relevant values
...
8282 |             IrStmt::Expr(IrExpr::Call { func, args }) => match func.as_str() {
     |             ^^^^^^^^^^^^^^^^^^^^^^^^^^^^^^^^^^^^^^^^^ no value can reach this

warning: unreachable pattern
    --> src/rust_backend.rs:8419:13
     |
8401 |             IrStmt::Redirect { inner, redirects } => {
     |             ------------------------------------- matches all the relevant values
...
8419 |             IrStmt::Redirect { inner, redirects } => {
     |             ^^^^^^^^^^^^^^^^^^^^^^^^^^^^^^^^^^^^^ no value can reach this

warning: unreachable pattern
    --> src/rust_backend.rs:8425:13
     |
8407 |             IrStmt::Case { discriminant, clauses } => {
     |             -------------------------------------- matches all the relevant values
...
8425 |             IrStmt::Case { discriminant, clauses } => {
     |             ^^^^^^^^^^^^^^^^^^^^^^^^^^^^^^^^^^^^^^ no value can reach this

warning: unreachable pattern
    --> src/rust_backend.rs:8431:13
     |
8413 |             IrStmt::Function { body, .. } => collect_arrays(body, arrays, assoc),
     |             ----------------------------- matches all the relevant values
...
8431 |             IrStmt::Function { body, .. } => collect_arrays(body, arrays, assoc),
     |             ^^^^^^^^^^^^^^^^^^^^^^^^^^^^^ no value can reach this

warning: unreachable pattern
    --> src/rust_backend.rs:8432:13
     |
8396 |             IrStmt::Pipeline { stages, .. } => {
     |             ------------------------------- matches all the relevant values
...
8432 |             IrStmt::Pipeline { stages, .. } => {
     |             ^^^^^^^^^^^^^^^^^^^^^^^^^^^^^^^ no value can reach this

warning: unreachable pattern
    --> src/sh_backend.rs:3451:9
     |
3431 |         "param" => {
     |         ------- matches all the relevant values
...
3451 |         "param" => param_to_sh(args, false),
     |         ^^^^^^^ no value can reach this

warning: variable does not need to be mutable
    --> src/sh_backend.rs:4565:13
     |
4565 |         let mut rest = cond;
     |             ----^^^^
     |             |
     |             help: remove this `mut`

warning: unreachable pattern
    --> src/glsl_backend.rs:1920:13
     |
1872 |             IrExpr::Call { func, args } => match func.as_str() {
     |             --------------------------- matches all the relevant values
...
1920 |             IrExpr::Call { func, args } if func == "capture" || func == "captureWords" => {
     |             ^^^^^^^^^^^^^^^^^^^^^^^^^^^ no value can reach this

warning: unreachable pattern
    --> src/glsl_backend.rs:2129:13
     |
2082 |             IrExpr::Call { func, args } => match func.as_str() {
     |             --------------------------- matches all the relevant values
...
2129 |             IrExpr::Call { func, args } if func == "capture" || func == "captureWords" => {
     |             ^^^^^^^^^^^^^^^^^^^^^^^^^^^ no value can reach this

warning: variable does not need to be mutable
    --> src/glsl_backend.rs:3799:13
     |
3799 |         let mut vals = self.exec_items(&args[1..]);
     |             ----^^^^
     |             |
     |             help: remove this `mut`

warning: unused variable: `var`
   --> src/shir_passes/optimize.rs:157:28
    |
157 |         ArithAst::Assign { var, rhs, .. } => arith_reads(name, rhs),
    |                            ^^^ help: try ignoring the field: `var: _`

warning: unused variable: `var`
   --> src/shir_passes/optimize.rs:158:28
    |
158 |         ArithAst::IncDec { var, .. } => false,
    |                            ^^^ help: try ignoring the field: `var: _`

warning: unused variable: `var`
   --> src/shir_passes/optimize.rs:485:28
    |
485 |         ArithAst::Assign { var, rhs, .. } => arith_reads_name(name, rhs),
    |                            ^^^ help: try ignoring the field: `var: _`

warning: value assigned to `changed` is never read
    --> src/shir_passes/optimize.rs:1707:23
     |
1707 |     let mut changed = false;
     |                       ^^^^^
     |
     = help: maybe it is overwritten before being read?

warning: unused variable: `converted`
   --> src/shir_passes/restructure.rs:246:13
    |
246 |         let converted = convert_successor_exits(&mut span, successor_label.as_deref());
    |             ^^^^^^^^^ help: if this is intentional, prefix it with an underscore: `_converted`

warning: unused variable: `clauses`
   --> src/shir_passes/restructure.rs:524:28
    |
524 |             IrStmt::Case { clauses, .. } => {
    |                            ^^^^^^^ help: try ignoring the field: `clauses: _`

warning: unused variable: `stages`
   --> src/shir_passes/restructure.rs:533:32
    |
533 |             IrStmt::Pipeline { stages, .. } => return false,
    |                                ^^^^^^ help: try ignoring the field: `stages: _`

warning: unused variable: `i`
   --> src/zig_backend.rs:188:14
    |
188 |         for (i, c) in name.chars().enumerate() {
    |              ^ help: if this is intentional, prefix it with an underscore: `_i`

warning: associated items `rebalance_logical_chain`, `parse_variable_expansion`, and `parse_arithmetic_expression` are never used
    --> src/parser/commands.rs:1058:8
     |
  33 | impl Parser {
     | ----------- associated items in this implementation
...
1058 |     fn rebalance_logical_chain(command: Command) -> Command {
     |        ^^^^^^^^^^^^^^^^^^^^^^^
...
3155 |     fn parse_variable_expansion(&mut self) -> Result<Word, ParserError> {
     |        ^^^^^^^^^^^^^^^^^^^^^^^^
...
3242 |     fn parse_arithmetic_expression(&mut self) -> Result<Word, ParserError> {
     |        ^^^^^^^^^^^^^^^^^^^^^^^^^^^
     |
     = note: `#[warn(dead_code)]` (part of `#[warn(unused)]`) on by default

warning: function `parse_arithmetic_expression` is never used
    --> src/parser/control_flow.rs:1537:4
     |
1537 | fn parse_arithmetic_expression(parser: &mut Parser) -> Result<Word, ParserError> {
     |    ^^^^^^^^^^^^^^^^^^^^^^^^^^^

warning: function `parse_pipeline` is never used
    --> src/parser/control_flow.rs:1661:4
     |
1661 | fn parse_pipeline(parser: &mut Parser) -> Result<Command, ParserError> {
     |    ^^^^^^^^^^^^^^

warning: function `parse_command` is never used
    --> src/parser/control_flow.rs:1830:4
     |
1830 | fn parse_command(parser: &mut Parser) -> Result<Command, ParserError> {
     |    ^^^^^^^^^^^^^

warning: function `parse_assignment` is never used
    --> src/parser/control_flow.rs:2220:4
     |
2220 | fn parse_assignment(parser: &mut Parser) -> Result<Command, ParserError> {
     |    ^^^^^^^^^^^^^^^^

warning: function `parse_parameter_expansion` is never used
    --> src/parser/words.rs:5362:4
     |
5362 | fn parse_parameter_expansion(_lexer: &mut Lexer) -> Result<Word, ParserError> {
     |    ^^^^^^^^^^^^^^^^^^^^^^^^^

warning: function `parse_array_slicing` is never used
    --> src/parser/words.rs:5369:4
     |
5369 | fn parse_array_slicing(_lexer: &mut Lexer, _array_name: String) -> Result<Word, ParserError> {
     |    ^^^^^^^^^^^^^^^^^^^

warning: function `parse_simple_command_from_text` is never used
    --> src/parser/words.rs:5441:4
     |
5441 | fn parse_simple_command_from_text(text: &str) -> Result<Command, ParserError> {
     |    ^^^^^^^^^^^^^^^^^^^^^^^^^^^^^^

warning: function `write_str_field` is never used
    --> src/estree.rs:3067:4
     |
3067 | fn write_str_field(out: &mut String, key: &str, v: &str) {
     |    ^^^^^^^^^^^^^^^

warning: function `is_sh2_call` is never used
    --> src/estree.rs:3795:8
     |
3795 |     fn is_sh2_call(e: &Expr, name: &str) -> bool {
     |        ^^^^^^^^^^^

warning: function `is_sh2_member` is never used
    --> src/estree.rs:5493:8
     |
5493 |     fn is_sh2_member(e: &Expr, name: &str) -> bool {
     |        ^^^^^^^^^^^^^

warning: function `build_expr` is never used
    --> src/estree.rs:5568:8
     |
5568 |     fn build_expr(f: &FnInfo, args: Vec<Expr>, prog_body: &mut Vec<Stmt>) -> Expr {
     |        ^^^^^^^^^^

warning: function `redirect_specs_sync_ok` is never used
   --> src/shir.rs:408:4
    |
408 | fn redirect_specs_sync_ok(_specs: &[(i64, &str, &IrExpr)]) -> bool {
    |    ^^^^^^^^^^^^^^^^^^^^^^

warning: function `with_func_lift` is never used
    --> src/shir.rs:3007:4
     |
3007 | fn with_func_lift<R>(f: impl FnOnce(&HashSet<String>, &mut HashSet<String>) -> R) -> Option<R> {
     |    ^^^^^^^^^^^^^^

warning: function `mark_ok` is never used
    --> src/shir.rs:5489:8
     |
5489 |     fn mark_ok(ok: &mut HashMap<String, bool>, name: &str, w: W) {
     |        ^^^^^^^

warning: function `redirect_spec_object` is never used
    --> src/shir.rs:8309:4
     |
8309 | fn redirect_spec_object(r: &Redirect) -> IrExpr {
     |    ^^^^^^^^^^^^^^^^^^^^

warning: function `pure_value_declare` is never used
     --> src/shir.rs:11414:4
      |
11414 | fn pure_value_declare(args: &[IrExpr]) -> Option<Vec<(String, String)>> {
      |    ^^^^^^^^^^^^^^^^^^

warning: function `assume_cfor` is never used
     --> src/shir.rs:12184:4
      |
12184 | fn assume_cfor() -> bool {
      |    ^^^^^^^^^^^

warning: function `expr_contains_sh2` is never used
     --> src/shir.rs:34113:4
      |
34113 | fn expr_contains_sh2(e: &Expr) -> bool {
      |    ^^^^^^^^^^^^^^^^^

warning: function `process_exit_zero` is never used
     --> src/shir.rs:34360:4
      |
34360 | fn process_exit_zero() -> Expr {
      |    ^^^^^^^^^^^^^^^^^

warning: function `consts_of` is never used
     --> src/shir.rs:35362:8
      |
35362 |     fn consts_of(src: &str) -> Vec<(String, crate::ir::VarKind)> {
      |        ^^^^^^^^^

warning: function `kind` is never used
     --> src/shir.rs:35368:8
      |
35368 |     fn kind<'a>(v: &'a [(String, crate::ir::VarKind)], n: &str) -> Option<crate::ir::VarKind> {
      |        ^^^^

warning: function `format_integer_with_underscores` is never used
  --> src/generator/mod.rs:13:4
   |
13 | fn format_integer_with_underscores(n: i64) -> String {
   |    ^^^^^^^^^^^^^^^^^^^^^^^^^^^^^^^

warning: multiple methods are never used
    --> src/generator/mod.rs:1859:8
     |
 129 | impl Generator {
     | -------------- methods in this implementation
...
1859 |     fn has_command_substitution(&self, ast: &[Command]) -> bool {
     |        ^^^^^^^^^^^^^^^^^^^^^^^^
...
1868 |     fn cmd_has_cmdsub(&self, cmd: &Command) -> bool {
     |        ^^^^^^^^^^^^^^
...
2233 |     fn needs_ipc_open3(&self, ast: &[Command]) -> bool {
     |        ^^^^^^^^^^^^^^^
...
2341 |     fn command_needs_ipc_open3(&self, _command: &Command) -> bool {
     |        ^^^^^^^^^^^^^^^^^^^^^^^
...
2406 |     fn command_needs_command_sub(&self, block: &Block) -> bool {
     |        ^^^^^^^^^^^^^^^^^^^^^^^^^
...
2416 |     fn word_needs_ipc_open3(&self, word: &Word) -> bool {
     |        ^^^^^^^^^^^^^^^^^^^^
...
2428 |     fn is_pipeline_command(&self, name: &str) -> bool {
     |        ^^^^^^^^^^^^^^^^^^^
...
3031 |     fn needs_carp_import(&self, ast: &[Command]) -> bool {
     |        ^^^^^^^^^^^^^^^^^
...
3041 |     fn needs_english_import(&self, ast: &[Command]) -> bool {
     |        ^^^^^^^^^^^^^^^^^^^^
...
3060 |     fn command_uses_croak(&self, command: &Command) -> bool {
     |        ^^^^^^^^^^^^^^^^^^
...
3142 |     fn word_uses_croak(&self, word: &Word) -> bool {
     |        ^^^^^^^^^^^^^^^
...
3153 |     fn command_uses_english(&self, command: &Command) -> bool {
     |        ^^^^^^^^^^^^^^^^^^^^

warning: function `contains_diff_command` is never used
   --> src/generator/commands/logic_commands.rs:416:4
    |
416 | fn contains_diff_command(cmd: &Command) -> bool {
    |    ^^^^^^^^^^^^^^^^^^^^^

warning: variant `Fixed` is never constructed
    --> src/generator/commands/simple_commands.rs:2619:9
     |
2618 |     enum Part {
     |          ---- variant in this enum
2619 |         Fixed(String),
     |         ^^^^^

warning: function `perl_single_quoted` is never used
 --> src/generator/commands/date.rs:5:4
  |
5 | fn perl_single_quoted(value: &str) -> String {
  |    ^^^^^^^^^^^^^^^^^^

warning: function `generate_tr_linebyline_impl` is never used
  --> src/generator/commands/tr.rs:73:4
   |
73 | fn generate_tr_linebyline_impl(
   |    ^^^^^^^^^^^^^^^^^^^^^^^^^^^

warning: function `generate_tr_buffered_impl` is never used
   --> src/generator/commands/tr.rs:143:4
    |
143 | fn generate_tr_buffered_impl(
    |    ^^^^^^^^^^^^^^^^^^^^^^^^^

warning: function `is_variable_used_after_for_loop` is never used
   --> src/generator/control_flow.rs:736:4
    |
736 | fn is_variable_used_after_for_loop(
    |    ^^^^^^^^^^^^^^^^^^^^^^^^^^^^^^^

warning: function `count_structural_braces` is never used
    --> src/generator/control_flow.rs:1533:4
     |
1533 | fn count_structural_braces(code: &str) -> (usize, usize) {
     |    ^^^^^^^^^^^^^^^^^^^^^^^

warning: function `generate_shell_command_substitution` is never used
   --> src/generator/words.rs:371:4
    |
371 | fn generate_shell_command_substitution(generator: &mut Generator, cmd: &Command) -> String {
    |    ^^^^^^^^^^^^^^^^^^^^^^^^^^^^^^^^^^^

warning: function `to_static` is never used
    --> src/shir_json_in.rs:1254:4
     |
1254 | fn to_static(s: &str) -> &'static str {
     |    ^^^^^^^^^

warning: fields `need_upper`, `need_lower`, and `need_slice` are never read
   --> src/c_backend.rs:162:5
    |
119 | pub struct Render {
    |            ------ fields in this struct
...
162 |     need_upper: bool,
    |     ^^^^^^^^^^
163 |     need_lower: bool,
    |     ^^^^^^^^^^
164 |     need_slice: bool,
    |     ^^^^^^^^^^

warning: methods `noop_value` and `noop_value_call` are never used
    --> src/c_backend.rs:1230:8
     |
 294 | impl Render {
     | ----------- methods in this implementation
...
1230 |     fn noop_value(&self, func: &str, args: &[IrExpr]) -> Option<&'static str> {
     |        ^^^^^^^^^^
...
1247 |     fn noop_value_call(&self, e: &IrExpr) -> bool {
     |        ^^^^^^^^^^^^^^^

warning: function `scan_imports` is never used
    --> src/go_backend.rs:5265:4
     |
5265 | fn scan_imports(text: &str) -> Vec<&'static str> {
     |    ^^^^^^^^^^^^

warning: variant `Lit` is never constructed
  --> src/rust_backend.rs:60:5
   |
59 | enum Part {
   |      ---- variant in this enum
60 |     Lit(String),
   |     ^^^

warning: methods `push_arr`, `declare_array`, and `nameref_bind` are never used
    --> src/rust_backend.rs:446:8
     |
 206 | impl Render {
     | ----------- methods in this implementation
...
 446 |     fn push_arr(&mut self, name: &str, e: &str) -> String {
     |        ^^^^^^^^
...
 512 |     fn declare_array(&mut self, name: &str, items: &str) {
     |        ^^^^^^^^^^^^^
...
1846 |     fn nameref_bind(&mut self, name: &str, target: &str) {
     |        ^^^^^^^^^^^^

warning: method `is_str` is never used
    --> src/rust_backend.rs:5259:8
     |
5258 | impl Render {
     | ----------- method in this implementation
5259 |     fn is_str(&self, name: &str) -> bool {
     |        ^^^^^^

warning: function `stage_text_ok` is never used
    --> src/rust_backend.rs:6341:4
     |
6341 | fn stage_text_ok(stmts: &[IrStmt]) -> bool {
     |    ^^^^^^^^^^^^^

warning: function `exec_call_text_ok` is never used
    --> src/rust_backend.rs:6365:4
     |
6365 | fn exec_call_text_ok(e: &IrExpr) -> bool {
     |    ^^^^^^^^^^^^^^^^^

warning: function `contains_shell` is never used
    --> src/rust_backend.rs:6671:4
     |
6671 | fn contains_shell(stmts: &[IrStmt]) -> bool {
     |    ^^^^^^^^^^^^^^

warning: function `expr_shell` is never used
    --> src/rust_backend.rs:6694:4
     |
6694 | fn expr_shell(e: &IrExpr) -> bool {
     |    ^^^^^^^^^^

warning: function `cmp_flag` is never used
    --> src/sh_backend.rs:2375:4
     |
2375 | fn cmp_flag(s: &str) -> bool {
     |    ^^^^^^^^

warning: function `redirect_specs` is never used
    --> src/sh_backend.rs:3262:4
     |
3262 | fn redirect_specs(args: &[IrExpr], idx: usize) -> Result<String, String> {
     |    ^^^^^^^^^^^^^^

warning: variant `Bool` is never constructed
  --> src/glsl_backend.rs:57:5
   |
54 | enum Ty {
   |      -- variant in this enum
...
57 |     Bool,
   |     ^^^^
   |
   = note: `Ty` has a derived impl for the trait `Clone`, but this is intentionally ignored during dead code analysis

warning: function `tex_group_channels` is never used
   --> src/glsl_backend.rs:123:4
    |
123 | fn tex_group_channels(g: TexGroup) -> &'static [&'static str] {
    |    ^^^^^^^^^^^^^^^^^^

warning: methods `ty` and `expr` are never used
    --> src/glsl_backend.rs:1783:8
     |
 989 | impl Render {
     | ----------- methods in this implementation
...
1783 |     fn ty(&self, e: &IrExpr) -> Ty {
     |        ^^
...
1817 |     fn expr(&mut self, e: &IrExpr) -> String {
     |        ^^^^

warning: function `expr_writes` is never used
   --> src/shir_passes/optimize.rs:265:4
    |
265 | fn expr_writes(name: &str, e: &IrExpr) -> bool {
    |    ^^^^^^^^^^^

warning: function `arith_writes` is never used
   --> src/shir_passes/optimize.rs:318:4
    |
318 | fn arith_writes(name: &str, a: &ArithAst) -> bool {
    |    ^^^^^^^^^^^^

warning: struct `ReadMap` is never constructed
   --> src/shir_passes/optimize.rs:404:8
    |
404 | struct ReadMap {
    |        ^^^^^^^

warning: function `record_expr_reads` is never used
   --> src/shir_passes/optimize.rs:506:4
    |
506 | fn record_expr_reads(rm: &mut ReadMap, name: &str, list: usize, pos: usize, e: &IrExpr) {
    |    ^^^^^^^^^^^^^^^^^

warning: function `record_stmt_reads` is never used
   --> src/shir_passes/optimize.rs:512:4
    |
512 | fn record_stmt_reads(rm: &mut ReadMap, name: &str, list: usize, pos: usize, st: &IrStmt) {
    |    ^^^^^^^^^^^^^^^^^

warning: function `is_continue` is never used
   --> src/shir_passes/strip.rs:209:4
    |
209 | fn is_continue(st: &IrStmt) -> bool {
    |    ^^^^^^^^^^^

warning: fields `variable_usage` and `scope_depth` are never read
  --> src/variable_analysis.rs:8:5
   |
 6 | pub struct VariableUsageAnalyzer {
   |            --------------------- fields in this struct
 7 |     /// Maps variable names to their usage information
 8 |     variable_usage: HashMap<String, VariableUsageInfo>,
   |     ^^^^^^^^^^^^^^
 9 |     /// Current scope depth for tracking nested scopes
10 |     scope_depth: usize,
   |     ^^^^^^^^^^^
   |
   = note: `VariableUsageAnalyzer` has derived impls for the traits `Clone` and `Debug`, but these are intentionally ignored during dead code analysis

warning: associated function `zig_fmt` is never used
   --> src/zig_backend.rs:238:8
    |
152 | impl Render {
    | ----------- associated function in this implementation
...
238 |     fn zig_fmt(s: &str) -> String {
    |        ^^^^^^^

warning: call to `.clone()` on a reference in this situation does nothing
    --> src/c_backend.rs:3343:45
     |
3343 |                     let pat = if neg { raw_r.clone() } else { raw_r.clone() };
     |                                             ^^^^^^^^ help: remove this redundant call
     |
     = note: the type `str` does not implement `Clone`, so calling `clone` on `&str` copies the reference, which does not do anything and can be removed
     = note: `#[warn(noop_method_call)]` on by default

warning: call to `.clone()` on a reference in this situation does nothing
    --> src/c_backend.rs:3343:68
     |
3343 |                     let pat = if neg { raw_r.clone() } else { raw_r.clone() };
     |                                                                    ^^^^^^^^ help: remove this redundant call
     |
     = note: the type `str` does not implement `Clone`, so calling `clone` on `&str` copies the reference, which does not do anything and can be removed

warning: `debashl` (lib) generated 332 warnings (run `cargo fix --lib -p debashl` to apply 146 suggestions)
warning: unused import: `std::path::PathBuf`
 --> cli/src/testing.rs:3:5
  |
3 | use std::path::PathBuf;
  |     ^^^^^^^^^^^^^^^^^^
  |
  = note: `#[warn(unused_imports)]` (part of `#[warn(unused)]`) on by default

warning: unused import: `execute_with_progress`
  --> cli/src/testing.rs:11:5
   |
11 |     execute_with_progress, execute_with_timeout, is_execution_frozen, OperationType,
   |     ^^^^^^^^^^^^^^^^^^^^^

warning: unused import: `debashl::parser::errors::ParserError`
  --> cli/src/testing.rs:19:5
   |
19 | use debashl::parser::errors::ParserError;
   |     ^^^^^^^^^^^^^^^^^^^^^^^^^^^^^^^^^^^^

warning: unused doc comment
   --> cli/src/timeout_manager.rs:321:1
    |
321 | /// Global timeout manager instance
    | ^^^^^^^^^^^^^^^^^^^^^^^^^^^^^^^^^^^ rustdoc does not generate documentation for macro invocations
    |
    = help: to document an item produced by a macro, the macro must produce the documentation as part of its expansion
    = note: `#[warn(unused_doc_comments)]` (part of `#[warn(unused)]`) on by default

warning: unused import: `std::env`
  --> cli/src/lib.rs:15:5
   |
15 | use std::env;
   |     ^^^^^^^^

warning: unused imports: `export_shir_raw` and `export_shir`
  --> cli/src/lib.rs:66:17
   |
66 |     export_mir, export_shir, interactive_mode, lex_input, parse_backticks_to_perl, parse_file,
   |                 ^^^^^^^^^^^
67 |     parse_file_to_estree, parse_file_to_perl, parse_file_to_shir, export_shir_raw, parse_shir_json_to_estree, parse_shir_json_to_per...
   |                                                                   ^^^^^^^^^^^^^^^

warning: unused variable: `operation_handle`
  --> cli/src/testing.rs:30:9
   |
30 |     let operation_handle = std::thread::spawn(move || {
   |         ^^^^^^^^^^^^^^^^ help: if this is intentional, prefix it with an underscore: `_operation_handle`
   |
   = note: `#[warn(unused_variables)]` (part of `#[warn(unused)]`) on by default

warning: variable does not need to be mutable
    --> cli/src/testing.rs:1505:9
     |
1505 |     let mut should_break = false;
     |         ----^^^^^^^^^^^^
     |         |
     |         help: remove this `mut`
     |
     = note: `#[warn(unused_mut)]` (part of `#[warn(unused)]`) on by default

warning: unused variable: `overall_start`
    --> cli/src/testing.rs:1755:9
     |
1755 |     let overall_start = std::time::Instant::now();
     |         ^^^^^^^^^^^^^ help: if this is intentional, prefix it with an underscore: `_overall_start`

warning: unused variable: `test_loop_start`
    --> cli/src/testing.rs:1814:9
     |
1814 |     let test_loop_start = std::time::Instant::now();
     |         ^^^^^^^^^^^^^^^ help: if this is intentional, prefix it with an underscore: `_test_loop_start`

warning: variable `should_break` is assigned to, but never used
    --> cli/src/testing.rs:1818:9
     |
1818 |     let mut should_break = false;
     |         ^^^^^^^^^^^^^^^^
     |
     = note: consider using `_should_break` instead

warning: value assigned to `should_break` is never read
    --> cli/src/testing.rs:1893:17
     |
1893 |                 should_break = true;
     |                 ^^^^^^^^^^^^^^^^^^^
     |
     = help: maybe it is overwritten before being read?
     = note: `#[warn(unused_assignments)]` (part of `#[warn(unused)]`) on by default

warning: unused variable: `operation_handle`
   --> cli/src/timeout_manager.rs:161:13
    |
161 |         let operation_handle = thread::spawn(move || {
    |             ^^^^^^^^^^^^^^^^ help: if this is intentional, prefix it with an underscore: `_operation_handle`

warning: unused variable: `operation_handle`
   --> cli/src/timeout_manager.rs:221:13
    |
221 |         let operation_handle = thread::spawn(move || {
    |             ^^^^^^^^^^^^^^^^ help: if this is intentional, prefix it with an underscore: `_operation_handle`

warning: variable `ast_options` is assigned to, but never used
   --> cli/src/lib.rs:278:9
    |
278 |     let mut ast_options = AstFormatOptions::default();
    |         ^^^^^^^^^^^^^^^
    |
    = note: consider using `_ast_options` instead

warning: variable `output_lineno` is assigned to, but never used
   --> cli/src/lib.rs:723:21
    |
723 |                 let mut output_lineno = false;
    |                     ^^^^^^^^^^^^^^^^^
    |
    = note: consider using `_output_lineno` instead

warning: variable `output_lineno` is assigned to, but never used
   --> cli/src/lib.rs:855:17
    |
855 |             let mut output_lineno = false;
    |                 ^^^^^^^^^^^^^^^^^
    |
    = note: consider using `_output_lineno` instead

warning: unused variable: `e`
    --> cli/src/lib.rs:1223:33
     |
1223 | ...                   Err(e) => {
     |                           ^ help: if this is intentional, prefix it with an underscore: `_e`

warning: value assigned to `ast_options` is never read
   --> cli/src/lib.rs:301:17
    |
301 |                 ast_options.compact = false;
    |                 ^^^^^^^^^^^^^^^^^^^^^^^^^^^
    |
    = help: maybe it is overwritten before being read?

warning: value assigned to `ast_options` is never read
   --> cli/src/lib.rs:302:17
    |
302 |                 ast_options.indent = true;
    |                 ^^^^^^^^^^^^^^^^^^^^^^^^^
    |
    = help: maybe it is overwritten before being read?

warning: value assigned to `ast_options` is never read
   --> cli/src/lib.rs:303:17
    |
303 |                 ast_options.newlines = true;
    |                 ^^^^^^^^^^^^^^^^^^^^^^^^^^^
    |
    = help: maybe it is overwritten before being read?

warning: value assigned to `ast_options` is never read
   --> cli/src/lib.rs:306:17
    |
306 |                 ast_options.compact = true;
    |                 ^^^^^^^^^^^^^^^^^^^^^^^^^^
    |
    = help: maybe it is overwritten before being read?

warning: value assigned to `ast_options` is never read
   --> cli/src/lib.rs:307:17
    |
307 |                 ast_options.indent = false;
    |                 ^^^^^^^^^^^^^^^^^^^^^^^^^^
    |
    = help: maybe it is overwritten before being read?

warning: value assigned to `ast_options` is never read
   --> cli/src/lib.rs:308:17
    |
308 |                 ast_options.newlines = false;
    |                 ^^^^^^^^^^^^^^^^^^^^^^^^^^^^
    |
    = help: maybe it is overwritten before being read?

warning: value assigned to `ast_options` is never read
   --> cli/src/lib.rs:311:17
    |
311 |                 ast_options.indent = true;
    |                 ^^^^^^^^^^^^^^^^^^^^^^^^^
    |
    = help: maybe it is overwritten before being read?

warning: value assigned to `ast_options` is never read
   --> cli/src/lib.rs:314:17
    |
314 |                 ast_options.indent = false;
    |                 ^^^^^^^^^^^^^^^^^^^^^^^^^^
    |
    = help: maybe it is overwritten before being read?

warning: value assigned to `ast_options` is never read
   --> cli/src/lib.rs:317:17
    |
317 |                 ast_options.newlines = true;
    |                 ^^^^^^^^^^^^^^^^^^^^^^^^^^^
    |
    = help: maybe it is overwritten before being read?

warning: value assigned to `ast_options` is never read
   --> cli/src/lib.rs:320:17
    |
320 |                 ast_options.newlines = false;
    |                 ^^^^^^^^^^^^^^^^^^^^^^^^^^^^
    |
    = help: maybe it is overwritten before being read?

warning: value assigned to `output_lineno` is never read
   --> cli/src/lib.rs:730:21
    |
730 |                     output_lineno = true;
    |                     ^^^^^^^^^^^^^^^^^^^^
    |
    = help: maybe it is overwritten before being read?

warning: value assigned to `output_lineno` is never read
   --> cli/src/lib.rs:862:17
    |
862 |                 output_lineno = true;
    |                 ^^^^^^^^^^^^^^^^^^^^
    |
    = help: maybe it is overwritten before being read?

warning: field `src` is never read
   --> cli/src/bc_native.rs:191:5
    |
188 | struct BcParser<'a> {
    |        -------- field in this struct
...
191 |     src: &'a str,
    |     ^^^
    |
    = note: `#[warn(dead_code)]` (part of `#[warn(unused)]`) on by default

warning: function `extract_core_perl_logic` is never used
   --> cli/src/cli_commands.rs:304:4
    |
304 | fn extract_core_perl_logic(perl_code: &str) -> String {
    |    ^^^^^^^^^^^^^^^^^^^^^^^

warning: function `extract_preamble_and_core` is never used
   --> cli/src/cli_commands.rs:334:4
    |
334 | fn extract_preamble_and_core(perl_code: &str) -> (String, String) {
    |    ^^^^^^^^^^^^^^^^^^^^^^^^^

warning: function `with_timeout` is never used
  --> cli/src/testing.rs:24:4
   |
24 | fn with_timeout<F, T>(timeout_secs: u64, operation: F) -> Result<T, String>
   |    ^^^^^^^^^^^^

warning: unused import: `HashMap`
 --> src/bin/test_linebyline.rs:3:34
  |
3 | use std::collections::{BTreeMap, HashMap};
  |                                  ^^^^^^^
  |
  = note: `#[warn(unused_imports)]` (part of `#[warn(unused)]`) on by default

warning: unused import: `debashl::parser::utilities::ParserUtilities`
 --> src/bin/debug_lexer_output.rs:5:5
  |
5 | use debashl::parser::utilities::ParserUtilities;
  |     ^^^^^^^^^^^^^^^^^^^^^^^^^^^^^^^^^^^^^^^^^^^
  |
  = note: `#[warn(unused_imports)]` (part of `#[warn(unused)]`) on by default

warning: unused import: `Lexer`
 --> src/bin/dump_raw.rs:3:22
  |
3 | use debashl::lexer::{Lexer, Token};
  |                      ^^^^^
  |
  = note: `#[warn(unused_imports)]` (part of `#[warn(unused)]`) on by default

warning: unused import: `Token`
 --> src/bin/dump_tokens_fixed.rs:3:29
  |
3 | use debashl::lexer::{Lexer, Token};
  |                             ^^^^^
  |
  = note: `#[warn(unused_imports)]` (part of `#[warn(unused)]`) on by default

warning: unused import: `logos::Logos`
 --> src/bin/dump_tokens_fixed.rs:4:5
  |
4 | use logos::Logos;
  |     ^^^^^^^^^^^^

warning: unused import: `Token`
 --> src/bin/dump_tokens3.rs:3:29
  |
3 | use debashl::lexer::{Lexer, Token};
  |                             ^^^^^
  |
  = note: `#[warn(unused_imports)]` (part of `#[warn(unused)]`) on by default

warning: unused import: `Token`
 --> src/bin/lex_debug.rs:1:29
  |
1 | use debashl::lexer::{Lexer, Token};
  |                             ^^^^^
  |
  = note: `#[warn(unused_imports)]` (part of `#[warn(unused)]`) on by default

warning: `debashcl` (lib) generated 34 warnings (run `cargo fix --lib -p debashcl` to apply 12 suggestions)
warning: `debashl` (bin "test_linebyline") generated 1 warning (run `cargo fix --bin "test_linebyline" -p debashl` to apply 1 suggestion)
warning: `debashl` (bin "debug_lexer_output") generated 1 warning
warning: `debashl` (bin "dump_raw") generated 1 warning (run `cargo fix --bin "dump_raw" -p debashl` to apply 1 suggestion)
warning: `debashl` (bin "dump_tokens_fixed") generated 2 warnings (run `cargo fix --bin "dump_tokens_fixed" -p debashl` to apply 2 suggestions)
warning: `debashl` (bin "dump_tokens3") generated 1 warning (run `cargo fix --bin "dump_tokens3" -p debashl` to apply 1 suggestion)
warning: `debashl` (bin "lex_debug") generated 1 warning (run `cargo fix --bin "lex_debug" -p debashl` to apply 1 suggestion)
warning: unused import: `Token`
 --> src/bin/dump_tokens2.rs:3:29
  |
3 | use debashl::lexer::{Lexer, Token};
  |                             ^^^^^
  |
  = note: `#[warn(unused_imports)]` (part of `#[warn(unused)]`) on by default

warning: `debashl` (bin "dump_tokens2") generated 1 warning (run `cargo fix --bin "dump_tokens2" -p debashl` to apply 1 suggestion)
    Finished `dev` profile [unoptimized + debuginfo] target(s) in 0.13s
rust	5045781	PASS	build ok; gate not run (run-gate.sh rust test separately)	1786938170
bundle:defer/defer-cleanup-list	-	OFFER-FAIL	manifest incomplete or wrong depends	1786944532
bundle:defer/defer-lowering	-	OFFER-FAIL	manifest incomplete or wrong depends	1786944532
bundle:defer	-	SPEC-OK MANIFEST-OK	spec OK (generator emitted a well-formed patch + fixture); manifest OK	1786944532
bundle:defer/defer-cleanup-list	-	OFFER-FAIL	manifest incomplete or wrong depends	1786944543
bundle:defer/defer-lowering	-	OFFER-FAIL	manifest incomplete or wrong depends	1786944543
bundle:defer	-	SPEC-OK MANIFEST-OK	spec OK (generator emitted a well-formed patch + fixture); manifest OK	1786944543
bundle:defer/defer-cleanup-list	-	OFFER-OK	manifest complete, depends [defer]	1786944575
bundle:defer/defer-lowering	-	OFFER-OK	manifest complete, depends [defer]	1786944575
bundle:defer	-	SPEC-OK MANIFEST-OK	spec OK (generator emitted a well-formed patch + fixture); manifest OK	1786944575
bundle:defer/defer-cleanup-list	-	OFFER-OK	manifest complete, depends [Defer]	1786944588
bundle:defer/defer-lowering	-	OFFER-OK	manifest complete, depends [Defer]	1786944588
bundle:defer	-	SPEC-OK MANIFEST-OK	spec OK (generator emitted a well-formed patch + fixture); manifest OK	1786944588
